{
  "dwr_noisy": {
    "problems": 144,
    "goals_avg": 7.0,
    "observations": {
      "25": {
        "hoffmann": {
          "time": {
            "0": 37.77,
            "10": 38.455,
            "20": 37.282,
            "30": 38.353
          },
          "accuracy": {
            "0": 41.66666666666667,
            "10": 83.33333333333334,
            "20": 91.66666666666666,
            "30": 100.0
          }
        },
        "observations_avg": 9.25
      },
      "50": {
        "hoffmann": {
          "time": {
            "0": 42.917,
            "10": 43.467,
            "20": 42.917,
            "30": 42.629
          },
          "accuracy": {
            "0": 75.0,
            "10": 97.22222222222221,
            "20": 100.0,
            "30": 100.0
          }
        },
        "observations_avg": 17.833333333333332
      },
      "75": {
        "hoffmann": {
          "time": {
            "0": 42.446,
            "10": 42.61,
            "20": 42.955,
            "30": 42.725
          },
          "accuracy": {
            "0": 86.11111111111111,
            "10": 100.0,
            "20": 100.0,
            "30": 100.0
          }
        },
        "observations_avg": 26.666666666666668
      },
      "100": {
        "hoffmann": {
          "time": {
            "0": 41.284,
            "10": 41.676,
            "20": 41.555,
            "30": 42.134
          },
          "accuracy": {
            "0": 100.0,
            "10": 100.0,
            "20": 100.0,
            "30": 100.0
          }
        },
        "observations_avg": 34.916666666666664
      }
    },
    "landmarks_avg": {
      "hoffmann": 40.916666666666664
    },
    "spread": {
      "25": {
        "hoffmann": {
          "0": 1.0555555555555556,
          "10": 2.9444444444444446,
          "20": 5.138888888888889,
          "30": 6.444444444444445
        }
      },
      "50": {
        "hoffmann": {
          "0": 1.0833333333333333,
          "10": 3.361111111111111,
          "20": 6.166666666666667,
          "30": 6.916666666666667
        }
      },
      "75": {
        "hoffmann": {
          "0": 1.0,
          "10": 2.9166666666666665,
          "20": 6.194444444444445,
          "30": 6.916666666666667
        }
      },
      "100": {
        "hoffmann": {
          "0": 1.0277777777777777,
          "10": 2.5833333333333335,
          "20": 6.0,
          "30": 7.0
        }
      }
    }
  }
}