{
  "dwr_noisy": {
    "problems": 144,
    "goals_avg": 7.0,
    "observations": {
      "25": {
        "exhaust": {
          "time": {
            "0": 10.325,
            "10": 10.247,
            "20": 10.416,
            "30": 10.146
          },
          "accuracy": {
            "0": 50.0,
            "10": 88.88888888888889,
            "20": 97.22222222222221,
            "30": 100.0
          }
        },
        "hm": {
          "time": {
            "0": 69.665,
            "10": 69.08,
            "20": 68.832,
            "30": 69.255
          },
          "accuracy": {
            "0": 44.44444444444444,
            "10": 86.11111111111111,
            "20": 100.0,
            "30": 100.0
          }
        },
        "rhw": {
          "time": {
            "0": 10.306,
            "10": 10.35,
            "20": 10.271,
            "30": 10.295
          },
          "accuracy": {
            "0": 52.77777777777778,
            "10": 88.88888888888889,
            "20": 100.0,
            "30": 100.0
          }
        },
        "zg": {
          "time": {
            "0": 10.354,
            "10": 10.379,
            "20": 10.541,
            "30": 10.339
          },
          "accuracy": {
            "0": 44.44444444444444,
            "10": 88.88888888888889,
            "20": 100.0,
            "30": 100.0
          }
        },
        "observations_avg": 9.25
      },
      "50": {
        "exhaust": {
          "time": {
            "0": 14.117,
            "10": 14.398,
            "20": 14.219,
            "30": 14.327
          },
          "accuracy": {
            "0": 75.0,
            "10": 100.0,
            "20": 100.0,
            "30": 100.0
          }
        },
        "hm": {
          "time": {
            "0": 101.423,
            "10": 100.543,
            "20": 101.13,
            "30": 101.354
          },
          "accuracy": {
            "0": 72.22222222222221,
            "10": 97.22222222222221,
            "20": 100.0,
            "30": 100.0
          }
        },
        "rhw": {
          "time": {
            "0": 14.262,
            "10": 14.159,
            "20": 14.19,
            "30": 14.116
          },
          "accuracy": {
            "0": 80.55555555555556,
            "10": 100.0,
            "20": 100.0,
            "30": 100.0
          }
        },
        "zg": {
          "time": {
            "0": 14.157,
            "10": 14.221,
            "20": 14.208,
            "30": 14.262
          },
          "accuracy": {
            "0": 72.22222222222221,
            "10": 100.0,
            "20": 100.0,
            "30": 100.0
          }
        },
        "observations_avg": 17.833333333333332
      },
      "75": {
        "exhaust": {
          "time": {
            "0": 11.242,
            "10": 11.399,
            "20": 11.414,
            "30": 11.427
          },
          "accuracy": {
            "0": 88.88888888888889,
            "10": 100.0,
            "20": 100.0,
            "30": 100.0
          }
        },
        "hm": {
          "time": {
            "0": 77.474,
            "10": 77.431,
            "20": 77.078,
            "30": 77.227
          },
          "accuracy": {
            "0": 88.88888888888889,
            "10": 100.0,
            "20": 100.0,
            "30": 100.0
          }
        },
        "rhw": {
          "time": {
            "0": 11.298,
            "10": 11.139,
            "20": 11.285,
            "30": 11.371
          },
          "accuracy": {
            "0": 97.22222222222221,
            "10": 100.0,
            "20": 100.0,
            "30": 100.0
          }
        },
        "zg": {
          "time": {
            "0": 11.4,
            "10": 11.338,
            "20": 11.353,
            "30": 11.244
          },
          "accuracy": {
            "0": 86.11111111111111,
            "10": 100.0,
            "20": 100.0,
            "30": 100.0
          }
        },
        "observations_avg": 26.666666666666668
      },
      "100": {
        "exhaust": {
          "time": {
            "0": 10.689,
            "10": 10.852,
            "20": 11.03,
            "30": 11.005
          },
          "accuracy": {
            "0": 100.0,
            "10": 100.0,
            "20": 100.0,
            "30": 100.0
          }
        },
        "hm": {
          "time": {
            "0": 77.775,
            "10": 78.209,
            "20": 78.62,
            "30": 79.151
          },
          "accuracy": {
            "0": 97.22222222222221,
            "10": 100.0,
            "20": 100.0,
            "30": 100.0
          }
        },
        "rhw": {
          "time": {
            "0": 10.531,
            "10": 10.752,
            "20": 10.795,
            "30": 10.865
          },
          "accuracy": {
            "0": 100.0,
            "10": 100.0,
            "20": 100.0,
            "30": 100.0
          }
        },
        "zg": {
          "time": {
            "0": 10.801,
            "10": 10.962,
            "20": 10.898,
            "30": 11.063
          },
          "accuracy": {
            "0": 97.22222222222221,
            "10": 100.0,
            "20": 100.0,
            "30": 100.0
          }
        },
        "observations_avg": 34.916666666666664
      }
    },
    "landmarks_avg": {
      "exhaust": 64.01984126984144,
      "hm": 43.60714285714282,
      "rhw": 40.515873015873034,
      "zg": 41.97222222222231
    },
    "spread": {
      "25": {
        "exhaust": {
          "0": 1.0833333333333333,
          "10": 3.4722222222222223,
          "20": 5.722222222222222,
          "30": 6.805555555555555
        },
        "hm": {
          "0": 1.1944444444444444,
          "10": 3.5555555555555554,
          "20": 5.861111111111111,
          "30": 6.888888888888889
        },
        "rhw": {
          "0": 1.5277777777777777,
          "10": 3.7222222222222223,
          "20": 6.0,
          "30": 6.916666666666667
        },
        "zg": {
          "0": 1.0833333333333333,
          "10": 3.5833333333333335,
          "20": 5.777777777777778,
          "30": 6.888888888888889
        }
      },
      "50": {
        "exhaust": {
          "0": 1.0555555555555556,
          "10": 3.8055555555555554,
          "20": 6.527777777777778,
          "30": 7.0
        },
        "hm": {
          "0": 1.1388888888888888,
          "10": 3.8333333333333335,
          "20": 6.611111111111111,
          "30": 7.0
        },
        "rhw": {
          "0": 1.25,
          "10": 3.75,
          "20": 6.583333333333333,
          "30": 7.0
        },
        "zg": {
          "0": 1.1111111111111112,
          "10": 3.9166666666666665,
          "20": 6.555555555555555,
          "30": 6.972222222222222
        }
      },
      "75": {
        "exhaust": {
          "0": 1.0555555555555556,
          "10": 3.3333333333333335,
          "20": 6.527777777777778,
          "30": 7.0
        },
        "hm": {
          "0": 1.0555555555555556,
          "10": 3.4166666666666665,
          "20": 6.638888888888889,
          "30": 7.0
        },
        "rhw": {
          "0": 1.1388888888888888,
          "10": 3.2777777777777777,
          "20": 6.361111111111111,
          "30": 7.0
        },
        "zg": {
          "0": 1.0277777777777777,
          "10": 3.4166666666666665,
          "20": 6.444444444444445,
          "30": 7.0
        }
      },
      "100": {
        "exhaust": {
          "0": 1.0,
          "10": 2.7222222222222223,
          "20": 6.277777777777778,
          "30": 7.0
        },
        "hm": {
          "0": 1.0277777777777777,
          "10": 2.75,
          "20": 6.555555555555555,
          "30": 7.0
        },
        "rhw": {
          "0": 1.0277777777777777,
          "10": 2.611111111111111,
          "20": 6.694444444444445,
          "30": 7.0
        },
        "zg": {
          "0": 1.0277777777777777,
          "10": 2.611111111111111,