{
  "dwr_noisy": {
    "problems": 144,
    "goals_avg": 7.0,
    "observations": {
      "25": {
        "exhaust": {
          "time": {
            "0": 6.112,
            "10": 6.089
          },
          "accuracy": {
            "0": 50.0,
            "10": 88.88888888888889
          },
          "prob_accuracy": {
            "0": 100.0,
            "10": 100.0
          }
        },
        "hm": {
          "time": {
            "0": 39.959,
            "10": 39.951
          },
          "accuracy": {
            "0": 44.44444444444444,
            "10": 86.11111111111111
          },
          "prob_accuracy": {
            "0": 100.0,
            "10": 100.0
          }
        },
        "rhw": {
          "time": {
            "0": 5.949,
            "10": 5.993
          },
          "accuracy": {
            "0": 52.77777777777778,
            "10": 88.88888888888889
          },
          "prob_accuracy": {
            "0": 100.0,
            "10": 100.0
          }
        },
        "zg": {
          "time": {
            "0": 6.052,
            "10": 6.037
          },
          "accuracy": {
            "0": 44.44444444444444,
            "10": 88.88888888888889
          },
          "prob_accuracy": {
            "0": 100.0,
            "10": 100.0
          }
        },
        "hoffmann": {
          "time": {
            "0": 50.915,
            "10": 51.123
          },
          "accuracy": {
            "0": 41.66666666666667,
            "10": 83.33333333333334
          },
          "prob_accuracy": {
            "0": 100.0,
            "10": 100.0
          }
        },
        "observations_avg": 9.25
      },
      "50": {
        "exhaust": {
          "time": {
            "0": 4.196,
            "10": 4.136
          },
          "accuracy": {
            "0": 75.0,
            "10": 100.0
          },
          "prob_accuracy": {
            "0": 100.0,
            "10": 100.0
          }
        },
        "hm": {
          "time": {
            "0": 31.021,
            "10": 31.127
          },
          "accuracy": {
            "0": 72.22222222222221,
            "10": 97.22222222222221
          },
          "prob_accuracy": {
            "0": 100.0,
            "10": 100.0
          }
        },
        "rhw": {
          "time": {
            "0": 4.121,
            "10": 4.085
          },
          "accuracy": {
            "0": 80.55555555555556,
            "10": 100.0
          },
          "prob_accuracy": {
            "0": 100.0,
            "10": 100.0
          }
        },
        "zg": {
          "time": {
            "0": 4.118,
            "10": 4.13
          },
          "accuracy": {
            "0": 72.22222222222221,
            "10": 100.0
          },
          "prob_accuracy": {
            "0": 100.0,
            "10": 100.0
          }
        },
        "hoffmann": {
          "time": {
            "0": 43.874,
            "10": 43.89
          },
          "accuracy": {
            "0": 75.0,
            "10": 97.22222222222221
          },
          "prob_accuracy": {
            "0": 100.0,
            "10": 100.0
          }
        },
        "observations_avg": 17.833333333333332
      },
      "75": {
        "exhaust": {
          "time": {
            "0": 4.993,
            "10": 5.012
          },
          "accuracy": {
            "0": 88.88888888888889,
            "10": 100.0
          },
          "prob_accuracy": {
            "0": 100.0,
            "10": 100.0
          }
        },
        "hm": {
          "time": {
            "0": 35.783,
            "10": 35.561
          },
          "accuracy": {
            "0": 88.88888888888889,
            "10": 100.0
          },
          "prob_accuracy": {
            "0": 100.0,
            "10": 100.0
          }
        },
        "rhw": {
          "time": {
            "0": 4.99,
            "10": 4.918
          },
          "accuracy": {
            "0": 97.22222222222221,
            "10": 100.0
          },
          "prob_accuracy": {
            "0": 100.0,
            "10": 100.0
          }
        },
        "zg": {
          "time": {
            "0": 5.027,
            "10": 5.012
          },
          "accuracy": {
            "0": 86.11111111111111,
            "10": 100.0
          },
          "prob_accuracy": {
            "0": 100.0,
            "10": 100.0
          }
        },
        "hoffmann": {
          "time": {
            "0": 46.423,
            "10": 46.255
          },
          "accuracy": {
            "0": 86.11111111111111,
            "10": 100.0
          },
          "prob_accuracy": {
            "0": 100.0,
            "10": 100.0
          }
        },
        "observations_avg": 26.666666666666668
      },
      "100": {
        "exhaust": {
          "time": {
            "0": 5.985,
            "10": 5.885
          },
          "accuracy": {
            "0": 100.0,
            "10": 100.0
          },
          "prob_accuracy": {
            "0": 100.0,
            "10": 100.0
          }
        },
        "hm": {
          "time": {
            "0": 39.071,
            "10": 39.106
          },
          "accuracy": {
            "0": 97.22222222222221,
            "10": 100.0
          },
          "prob_accuracy": {
            "0": 100.0,
            "10": 100.0
          }
        },
        "rhw": {
          "time": {
            "0": 5.915,
            "10": 5.859
          },
          "accuracy": {
            "0": 100.0,
            "10": 100.0
          },
          "prob_accuracy": {
            "0": 100.0,
            "10": 100.0
          }
        },
        "zg": {
          "time": {
            "0": 5.867,
            "10": 5.891
          },
          "accuracy": {
            "0": 97.22222222222221,
            "10": 100.0
          },
          "prob_accuracy": {
            "0": 100.0,
            "10": 100.0
          }
        },
        "hoffmann": {
          "time": {
            "0": 50.346,
            "10": 50.288
          },
          "accuracy": {
            "0": 100.0,
            "10": 100.0
          },
          "prob_accuracy": {
            "0": 100.0,
            "10": 100.0
          }
        },
        "observations_avg": 34.916666666666664
      }
    },
    "landmarks_avg": {
      "exhaust": 64.01984126984127,
      "hm": 43.60714285714293,
      "rhw": 40.515873015873055,
      "zg": 41.972222222222186,
      "hoffmann": 40.916666666666664
    },
    "spread": {
      "25": {
        "exhaust": {
          "0": 1.0833333333333333,
          "10": 3.4722222222222223
        },
        "hm": {
          "0": 1.1944444444444444,
          "10": 3.5555555555555554
        },
        "rhw": {
          "0": 1.5277777777777777,
          "10": 3.7222222222222223
        },
        "zg": {
          "0": 1.0833333333333333,
          "10": 3.5833333333333335
        },
        "hoffmann": {
          "0": 1.0555555555555556,
          "10": 2.9444444444444446
        }
      },
      "50": {
        "exhaust": {
          "0": 1.0555555555555556,
          "10": 3.8055555555555554
        },
        "hm": {
          "0": 1.1388888888888888,
          "10": 3.8333333333333335
        },
        "rhw": {
          "0": 1.25,
          "10": 3.75
        },
        "zg": {
          "0": 1.1111111111111112,
          "10": 3.9166666666666665
        },
        "hoffmann": {
          "0": 1.0833333333333333,
          "10": 3.361111111111111
        }
      },
      "75": {
        "exhaust": {
          "0": 1.0555555555555556,
          "10": 3.3333333333333335
        },
        "hm": {
          "0": 1.0555555555555556,
          "10": 3.4166666666666665
        },
        "rhw": {
          "0": 1.1388888888888888,
          "10": 3.2777777777777777
        },
        "zg": {
          "0": 1.0277777777777777,
          "10": 3.4166666666666665
        },
        "hoffmann": {
          "0": 1.0,