{
  "dwr_noisy": {
    "problems": 144,
    "goals_avg": 7.0,
    "observations": {
      "25": {
        "exhaust": {
          "time": {
            "0": 3.263,
            "10": 3.29,
            "20": 3.284,
            "30": 3.269
          },
          "accuracy": {
            "0": 50.0,
            "10": 88.88888888888889,
            "20": 97.22222222222221,
            "30": 100.0
          }
        },
        "hm": {
          "time": {
            "0": 25.829,
            "10": 25.804,
            "20": 25.841,
            "30": 25.8
          },
          "accuracy": {
            "0": 44.44444444444444,
            "10": 86.11111111111111,
            "20": 100.0,
            "30": 100.0
          }
        },
        "rhw": {
          "time": {
            "0": 3.242,
            "10": 3.256,
            "20": 3.238,
            "30": 3.261
          },
          "accuracy": {
            "0": 52.77777777777778,
            "10": 88.88888888888889,
            "20": 100.0,
            "30": 100.0
          }
        },
        "zg": {
          "time": {
            "0": 3.265,
            "10": 3.258,
            "20": 3.286,
            "30": 3.271
          },
          "accuracy": {
            "0": 44.44444444444444,
            "10": 88.88888888888889,
            "20": 100.0,
            "30": 100.0
          }
        },
        "observations_avg": 9.25
      },
      "50": {
        "exhaust": {
          "time": {
            "0": 3.682,
            "10": 3.707,
            "20": 3.697,
            "30": 3.691
          },
          "accuracy": {
            "0": 75.0,
            "10": 100.0,
            "20": 100.0,
            "30": 100.0
          }
        },
        "hm": {
          "time": {
            "0": 29.71,
            "10": 29.538,
            "20": 29.519,
            "30": 29.477
          },
          "accuracy": {
            "0": 72.22222222222221,
            "10": 97.22222222222221,
            "20": 100.0,
            "30": 100.0
          }
        },
        "rhw": {
          "time": {
            "0": 3.66,
            "10": 3.647,
            "20": 3.658,
            "30": 3.638
          },
          "accuracy": {
            "0": 80.55555555555556,
            "10": 100.0,
            "20": 100.0,
            "30": 100.0
          }
        },
        "zg": {
          "time": {
            "0": 3.688,
            "10": 3.693,
            "20": 3.672,
            "30": 3.687
          },
          "accuracy": {
            "0": 72.22222222222221,
            "10": 100.0,
            "20": 100.0,
            "30": 100.0
          }
        },
        "observations_avg": 17.833333333333332
      },
      "75": {
        "exhaust": {
          "time": {
            "0": 3.275,
            "10": 3.269,
            "20": 3.277,
            "30": 3.275
          },
          "accuracy": {
            "0": 88.88888888888889,
            "10": 100.0,
            "20": 100.0,
            "30": 100.0
          }
        },
        "hm": {
          "time": {
            "0": 27.169,
            "10": 27.155,
            "20": 27.206,
            "30": 27.264
          },
          "accuracy": {
            "0": 88.88888888888889,
            "10": 100.0,
            "20": 100.0,
            "30": 100.0
          }
        },
        "rhw": {
          "time": {
            "0": 3.233,
            "10": 3.233,
            "20": 3.238,
            "30": 3.239
          },
          "accuracy": {
            "0": 97.22222222222221,
            "10": 100.0,
            "20": 100.0,
            "30": 100.0
          }
        },
        "zg": {
          "time": {
            "0": 3.26,
            "10": 3.262,
            "20": 3.261,
            "30": 3.267
          },
          "accuracy": {
            "0": 86.11111111111111,
            "10": 100.0,
            "20": 100.0,
            "30": 100.0
          }
        },
        "observations_avg": 26.666666666666668
      },
      "100": {
        "exhaust": {
          "time": {
            "0": 4.332,
            "10": 4.335,
            "20": 4.393,
            "30": 4.381
          },
          "accuracy": {
            "0": 100.0,
            "10": 100.0,
            "20": 100.0,
            "30": 100.0
          }
        },
        "hm": {
          "time": {
            "0": 33.182,
            "10": 33.161,
            "20": 33.368,
            "30": 33.358
          },
          "accuracy": {
            "0": 97.22222222222221,
            "10": 100.0,
            "20": 100.0,
            "30": 100.0
          }
        },
        "rhw": {
          "time": {
            "0": 4.301,
            "10": 4.297,
            "20": 4.317,
            "30": 4.313
          },
          "accuracy": {
            "0": 100.0,
            "10": 100.0,
            "20": 100.0,
            "30": 100.0
          }
        },
        "zg": {
          "time": {
            "0": 4.332,
            "10": 4.365,
            "20": 4.372,
            "30": 4.344
          },
          "accuracy": {
            "0": 97.22222222222221,
            "10": 100.0,
            "20": 100.0,
            "30": 100.0
          }
        },
        "observations_avg": 34.916666666666664
      }
    },
    "landmarks_avg": {
      "exhaust": 64.01984126984144,
      "hm": 43.60714285714282,
      "rhw": 40.515873015873034,
      "zg": 41.97222222222231
    },
    "spread": {
      "25": {
        "exhaust": {
          "0": 1.0833333333333333,
          "10": 3.4722222222222223,
          "20": 5.722222222222222,
          "30": 6.805555555555555
        },
        "hm": {
          "0": 1.1944444444444444,
          "10": 3.5555555555555554,
          "20": 5.861111111111111,
          "30": 6.888888888888889
        },
        "rhw": {
          "0": 1.5277777777777777,
          "10": 3.7222222222222223,
          "20": 6.0,
          "30": 6.916666666666667
        },
        "zg": {
          "0": 1.0833333333333333,
          "10": 3.5833333333333335,
          "20": 5.777777777777778,
          "30": 6.888888888888889
        }
      },
      "50": {
        "exhaust": {
          "0": 1.0555555555555556,
          "10": 3.8055555555555554,
          "20": 6.527777777777778,
          "30": 7.0
        },
        "hm": {
          "0": 1.1388888888888888,
          "10": 3.8333333333333335,
          "20": 6.611111111111111,
          "30": 7.0
        },
        "rhw": {
          "0": 1.25,
          "10": 3.75,
          "20": 6.583333333333333,
          "30": 7.0
        },
        "zg": {
          "0": 1.1111111111111112,
          "10": 3.9166666666666665,
          "20": 6.555555555555555,
          "30": 6.972222222222222
        }
      },
      "75": {
        "exhaust": {
          "0": 1.0555555555555556,
          "10": 3.3333333333333335,
          "20": 6.527777777777778,
          "30": 7.0
        },
        "hm": {
          "0": 1.0555555555555556,
          "10": 3.4166666666666665,
          "20": 6.638888888888889,
          "30": 7.0
        },
        "rhw": {
          "0": 1.1388888888888888,
          "10": 3.2777777777777777,
          "20": 6.361111111111111,
          "30": 7.0
        },
        "zg": {
          "0": 1.0277777777777777,
          "10": 3.4166666666666665,
          "20": 6.444444444444445,
          "30": 7.0
        }
      },
      "100": {
        "exhaust": {
          "0": 1.0,
          "10": 2.7222222222222223,
          "20": 6.277777777777778,
          "30": 7.0
        },
        "hm": {
          "0": 1.0277777777777777,
          "10": 2.75,
          "20": 6.555555555555555,
          "30": 7.0
        },
        "rhw": {
          "0": 1.0277777777777777,
          "10": 2.611111111111111,
          "20": 6.694444444444445,
          "30": 7.0
        },
        "zg": {
          "0": 1.0277777777777777,
          "10": 2.611111111111111,
          "20": 6.5,