{
  "dwr_noisy": {
    "problems": 144,
    "goals_avg": 7.0,
    "observations": {
      "25": {
        "exhaust": {
          "time": {
            "0": 3.281,
            "10": 3.256,
            "20": 3.273,
            "30": 3.292
          },
          "accuracy": {
            "0": 36.11111111111111,
            "10": 41.66666666666667,
            "20": 55.55555555555556,
            "30": 69.44444444444444
          }
        },
        "hm": {
          "time": {
            "0": 25.4,
            "10": 25.423,
            "20": 25.403,
            "30": 25.396
          },
          "accuracy": {
            "0": 33.33333333333333,
            "10": 36.11111111111111,
            "20": 44.44444444444444,
            "30": 58.333333333333336
          }
        },
        "rhw": {
          "time": {
            "0": 3.229,
            "10": 3.244,
            "20": 3.232,
            "30": 3.224
          },
          "accuracy": {
            "0": 36.11111111111111,
            "10": 44.44444444444444,
            "20": 55.55555555555556,
            "30": 69.44444444444444
          }
        },
        "zg": {
          "time": {
            "0": 3.259,
            "10": 3.249,
            "20": 3.279,
            "30": 3.247
          },
          "accuracy": {
            "0": 33.33333333333333,
            "10": 38.88888888888889,
            "20": 55.55555555555556,
            "30": 69.44444444444444
          }
        },
        "observations_avg": 9.25
      },
      "50": {
        "exhaust": {
          "time": {
            "0": 3.494,
            "10": 3.491,
            "20": 3.485,
            "30": 3.486
          },
          "accuracy": {
            "0": 41.66666666666667,
            "10": 55.55555555555556,
            "20": 69.44444444444444,
            "30": 80.55555555555556
          }
        },
        "hm": {
          "time": {
            "0": 28.408,
            "10": 28.513,
            "20": 28.36,
            "30": 28.449
          },
          "accuracy": {
            "0": 44.44444444444444,
            "10": 61.111111111111114,
            "20": 69.44444444444444,
            "30": 80.55555555555556
          }
        },
        "rhw": {
          "time": {
            "0": 3.455,
            "10": 3.439,
            "20": 3.439,
            "30": 3.428
          },
          "accuracy": {
            "0": 55.55555555555556,
            "10": 66.66666666666666,
            "20": 83.33333333333334,
            "30": 86.11111111111111
          }
        },
        "zg": {
          "time": {
            "0": 3.46,
            "10": 3.472,
            "20": 3.466,
            "30": 3.464
          },
          "accuracy": {
            "0": 44.44444444444444,
            "10": 61.111111111111114,
            "20": 75.0,
            "30": 86.11111111111111
          }
        },
        "observations_avg": 17.833333333333332
      },
      "75": {
        "exhaust": {
          "time": {
            "0": 3.221,
            "10": 3.221,
            "20": 3.226,
            "30": 3.22
          },
          "accuracy": {
            "0": 75.0,
            "10": 80.55555555555556,
            "20": 88.88888888888889,
            "30": 88.88888888888889
          }
        },
        "hm": {
          "time": {
            "0": 26.588,
            "10": 26.59,
            "20": 26.567,
            "30": 26.619
          },
          "accuracy": {
            "0": 75.0,
            "10": 86.11111111111111,
            "20": 88.88888888888889,
            "30": 88.88888888888889
          }
        },
        "rhw": {
          "time": {
            "0": 3.179,
            "10": 3.179,
            "20": 3.194,
            "30": 3.179
          },
          "accuracy": {
            "0": 77.77777777777779,
            "10": 80.55555555555556,
            "20": 88.88888888888889,
            "30": 88.88888888888889
          }
        },
        "zg": {
          "time": {
            "0": 3.21,
            "10": 3.217,
            "20": 3.206,
            "30": 3.199
          },
          "accuracy": {
            "0": 75.0,
            "10": 80.55555555555556,
            "20": 86.11111111111111,
            "30": 88.88888888888889
          }
        },
        "observations_avg": 26.666666666666668
      },
      "100": {
        "exhaust": {
          "time": {
            "0": 4.153,
            "10": 4.183,
            "20": 4.181,
            "30": 4.195
          },
          "accuracy": {
            "0": 97.22222222222221,
            "10": 100.0,
            "20": 100.0,
            "30": 100.0
          }
        },
        "hm": {
          "time": {
            "0": 32.004,
            "10": 32.06,
            "20": 32.123,
            "30": 32.172
          },
          "accuracy": {
            "0": 97.22222222222221,
            "10": 100.0,
            "20": 100.0,
            "30": 100.0
          }
        },
        "rhw": {
          "time": {
            "0": 4.126,
            "10": 4.126,
            "20": 4.166,
            "30": 4.151
          },
          "accuracy": {
            "0": 100.0,
            "10": 100.0,
            "20": 100.0,
            "30": 100.0
          }
        },
        "zg": {
          "time": {
            "0": 4.146,
            "10": 4.186,
            "20": 4.153,
            "30": 4.16
          },
          "accuracy": {
            "0": 91.66666666666666,
            "10": 100.0,
            "20": 100.0,
            "30": 100.0
          }
        },
        "observations_avg": 34.916666666666664
      }
    },
    "landmarks_avg": {
      "exhaust": 64.01984126984144,
      "hm": 43.60714285714282,
      "rhw": 40.515873015873034,
      "zg": 41.97222222222231
    },
    "spread": {
      "25": {
        "exhaust": {
          "0": 1.0,
          "10": 1.3888888888888888,
          "20": 1.8333333333333333,
          "30": 2.6944444444444446
        },
        "hm": {
          "0": 1.0555555555555556,
          "10": 1.3055555555555556,
          "20": 1.7222222222222223,
          "30": 2.361111111111111
        },
        "rhw": {
          "0": 1.0555555555555556,
          "10": 1.5,
          "20": 2.0555555555555554,
          "30": 2.7222222222222223
        },
        "zg": {
          "0": 1.0555555555555556,
          "10": 1.4166666666666667,
          "20": 1.9444444444444444,
          "30": 2.861111111111111
        }
      },
      "50": {
        "exhaust": {
          "0": 1.0,
          "10": 1.5833333333333333,
          "20": 2.3333333333333335,
          "30": 3.1944444444444446
        },
        "hm": {
          "0": 1.0277777777777777,
          "10": 1.8333333333333333,
          "20": 2.5277777777777777,
          "30": 3.3055555555555554
        },
        "rhw": {
          "0": 1.0277777777777777,
          "10": 1.8055555555555556,
          "20": 2.638888888888889,
          "30": 3.3055555555555554
        },
        "zg": {
          "0": 1.0277777777777777,
          "10": 1.7222222222222223,
          "20": 2.6944444444444446,
          "30": 3.388888888888889
        }
      },
      "75": {
        "exhaust": {
          "0": 1.0,
          "10": 1.5,
          "20": 2.1666666666666665,
          "30": 2.9722222222222223
        },
        "hm": {
          "0": 1.0,
          "10": 1.6944444444444444,
          "20": 2.2222222222222223,
          "30": 2.9722222222222223
        },
        "rhw": {
          "0": 1.0,
          "10": 1.4444444444444444,
          "20": 2.111111111111111,
          "30": 3.0833333333333335
        },
        "zg": {
          "0": 1.0,
          "10": 1.6111111111111112,
          "20": 2.1944444444444446,
          "30": 3.138888888888889
        }
      },
      "100": {
        "exhaust": {
          "0": 1.0,
          "10": 1.4166666666666667,
          "20": 2.1944444444444446,
          "30": 3.1666666666666665
        },