{
  "dwr_noisy": {
    "problems": 144,
    "goals_avg": 7.0,
    "observations": {
      "25": {
        "exhaust": {
          "time": {
            "0": 4.88,
            "10": 4.968
          },
          "accuracy": {
            "0": 50.0,
            "10": 88.88888888888889
          }
        },
        "hm": {
          "time": {
            "0": 37.889,
            "10": 37.799
          },
          "accuracy": {
            "0": 44.44444444444444,
            "10": 86.11111111111111
          }
        },
        "rhw": {
          "time": {
            "0": 4.859,
            "10": 4.818
          },
          "accuracy": {
            "0": 52.77777777777778,
            "10": 88.88888888888889
          }
        },
        "zg": {
          "time": {
            "0": 4.961,
            "10": 4.87
          },
          "accuracy": {
            "0": 44.44444444444444,
            "10": 88.88888888888889
          }
        },
        "hoffmann": {
          "time": {
            "0": 8.869,
            "10": 8.642
          },
          "accuracy": {
            "0": 41.66666666666667,
            "10": 83.33333333333334
          }
        },
        "observations_avg": 9.25
      },
      "50": {
        "exhaust": {
          "time": {
            "0": 5.602,
            "10": 5.511
          },
          "accuracy": {
            "0": 75.0,
            "10": 100.0
          }
        },
        "hm": {
          "time": {
            "0": 41.941,
            "10": 41.759
          },
          "accuracy": {
            "0": 72.22222222222221,
            "10": 97.22222222222221
          }
        },
        "rhw": {
          "time": {
            "0": 5.498,
            "10": 5.407
          },
          "accuracy": {
            "0": 80.55555555555556,
            "10": 100.0
          }
        },
        "zg": {
          "time": {
            "0": 5.612,
            "10": 5.453
          },
          "accuracy": {
            "0": 72.22222222222221,
            "10": 100.0
          }
        },
        "hoffmann": {
          "time": {
            "0": 10.181,
            "10": 9.983
          },
          "accuracy": {
            "0": 75.0,
            "10": 97.22222222222221
          }
        },
        "observations_avg": 17.833333333333332
      },
      "75": {
        "exhaust": {
          "time": {
            "0": 5.099,
            "10": 5.083
          },
          "accuracy": {
            "0": 88.88888888888889,
            "10": 100.0
          }
        },
        "hm": {
          "time": {
            "0": 38.731,
            "10": 39.004
          },
          "accuracy": {
            "0": 88.88888888888889,
            "10": 100.0
          }
        },
        "rhw": {
          "time": {
            "0": 5.109,
            "10": 5.057
          },
          "accuracy": {
            "0": 97.22222222222221,
            "10": 100.0
          }
        },
        "zg": {
          "time": {
            "0": 5.139,
            "10": 5.051
          },
          "accuracy": {
            "0": 86.11111111111111,
            "10": 100.0
          }
        },
        "hoffmann": {
          "time": {
            "0": 9.154,
            "10": 9.06
          },
          "accuracy": {
            "0": 86.11111111111111,
            "10": 100.0
          }
        },
        "observations_avg": 26.666666666666668
      },
      "100": {
        "exhaust": {
          "time": {
            "0": 5.514,
            "10": 5.527
          },
          "accuracy": {
            "0": 100.0,
            "10": 100.0
          }
        },
        "hm": {
          "time": {
            "0": 41.85,
            "10": 41.818
          },
          "accuracy": {
            "0": 97.22222222222221,
            "10": 100.0
          }
        },
        "rhw": {
          "time": {
            "0": 5.526,
            "10": 5.53
          },
          "accuracy": {
            "0": 100.0,
            "10": 100.0
          }
        },
        "zg": {
          "time": {
            "0": 5.509,
            "10": 5.496
          },
          "accuracy": {
            "0": 97.22222222222221,
            "10": 100.0
          }
        },
        "hoffmann": {
          "time": {
            "0": 10.045,
            "10": 9.933
          },
          "accuracy": {
            "0": 100.0,
            "10": 100.0
          }
        },
        "observations_avg": 34.916666666666664
      }
    },
    "landmarks_avg": {
      "exhaust": 64.01984126984127,
      "hm": 43.60714285714293,
      "rhw": 40.515873015873055,
      "zg": 41.972222222222186,
      "hoffmann": 40.916666666666664
    },
    "spread": {
      "25": {
        "exhaust": {
          "0": 1.0833333333333333,
          "10": 3.4722222222222223
        },
        "hm": {
          "0": 1.1944444444444444,
          "10": 3.5555555555555554
        },
        "rhw": {
          "0": 1.5277777777777777,
          "10": 3.7222222222222223
        },
        "zg": {
          "0": 1.0833333333333333,
          "10": 3.5833333333333335
        },
        "hoffmann": {
          "0": 1.0555555555555556,
          "10": 2.9444444444444446
        }
      },
      "50": {
        "exhaust": {
          "0": 1.0555555555555556,
          "10": 3.8055555555555554
        },
        "hm": {
          "0": 1.1388888888888888,
          "10": 3.8333333333333335
        },
        "rhw": {
          "0": 1.25,
          "10": 3.75
        },
        "zg": {
          "0": 1.1111111111111112,
          "10": 3.9166666666666665
        },
        "hoffmann": {
          "0": 1.0833333333333333,
          "10": 3.361111111111111
        }
      },
      "75": {
        "exhaust": {
          "0": 1.0555555555555556,
          "10": 3.3333333333333335
        },
        "hm": {
          "0": 1.0555555555555556,
          "10": 3.4166666666666665
        },
        "rhw": {
          "0": 1.1388888888888888,
          "10": 3.2777777777777777
        },
        "zg": {
          "0": 1.0277777777777777,
          "10": 3.4166666666666665
        },
        "hoffmann": {
          "0": 1.0,
          "10": 2.9166666666666665
        }
      },
      "100": {
        "exhaust": {
          "0": 1.0,
          "10": 2.7222222222222223
        },
        "hm": {
          "0": 1.0277777777777777,
          "10": 2.75
        },
        "rhw": {
          "0": 1.0277777777777777,
          "10": 2.611111111111111
        },
        "zg": {
          "0": 1.0277777777777777,
          "10": 2.611111111111111
        },
        "hoffmann": {
          "0": 1.0277777777777777,
          "10": 2.5833333333333335
        }
      }
    }
  }
}