{
  "driverlog": {
    "problems": 364,
    "goals_avg": 7.142857142857143,
    "observations": {
      "10": {
        "hoffmann": {
          "time": {
            "0": 33.619,
            "10": 33.964,
            "20": 33.728,
            "30": 33.478
          },
          "accuracy": {
            "0": 54.761904761904766,
            "10": 59.523809523809526,
            "20": 69.04761904761905,
            "30": 73.80952380952381
          }
        },
        "observations_avg": 2.607142857142857
      },
      "30": {
        "hoffmann": {
          "time": {
            "0": 26.987,
            "10": 26.944,
            "20": 27.338,
            "30": 27.097
          },
          "accuracy": {
            "0": 52.38095238095239,
            "10": 65.47619047619048,
            "20": 76.19047619047619,
            "30": 83.33333333333334
          }
        },
        "observations_avg": 6.964285714285714
      },
      "50": {
        "hoffmann": {
          "time": {
            "0": 53.633,
            "10": 54.182,
            "20": 53.603,
            "30": 53.384
          },
          "accuracy": {
            "0": 69.04761904761905,
            "10": 82.14285714285714,
            "20": 86.90476190476191,
            "30": 92.85714285714286
          }
        },
        "observations_avg": 11.178571428571429
      },
      "70": {
        "hoffmann": {
          "time": {
            "0": 40.207,
            "10": 40.311,
            "20": 40.45,
            "30": 40.273
          },
          "accuracy": {
            "0": 89.28571428571429,
            "10": 92.85714285714286,
            "20": 97.61904761904762,
            "30": 97.61904761904762
          }
        },
        "observations_avg": 15.642857142857142
      },
      "100": {
        "hoffmann": {
          "time": {
            "0": 48.636,
            "10": 48.993,
            "20": 50.018,
            "30": 50.468
          },
          "accuracy": {
            "0": 92.85714285714286,
            "10": 100.0,
            "20": 100.0,
            "30": 100.0
          }
        },
        "observations_avg": 21.714285714285715
      }
    },
    "landmarks_avg": {
      "hoffmann": 11.021428571428645
    },
    "spread": {
      "10": {
        "hoffmann": {
          "0": 1.5238095238095237,
          "10": 1.869047619047619,
          "20": 2.6666666666666665,
          "30": 3.0476190476190474
        }
      },
      "30": {
        "hoffmann": {
          "0": 1.2619047619047619,
          "10": 1.7023809523809523,
          "20": 2.4642857142857144,
          "30": 3.2023809523809526
        }
      },
      "50": {
        "hoffmann": {
          "0": 1.3571428571428572,
          "10": 1.7619047619047619,
          "20": 2.5,
          "30": 3.511904761904762
        }
      },
      "70": {
        "hoffmann": {
          "0": 1.2023809523809523,
          "10": 1.5595238095238095,
          "20": 2.357142857142857,
          "30": 3.357142857142857
        }
      },
      "100": {
        "hoffmann": {
          "0": 1.2142857142857142,
          "10": 1.5,
          "20": 2.142857142857143,
          "30": 3.3214285714285716
        }
      }
    }
  }
}