{
  "driverlog": {
    "problems": 364,
    "goals_avg": 7.142857142857143,
    "observations": {
      "10": {
        "exhaust": {
          "time": {
            "0": 4.884,
            "10": 4.884,
            "20": 4.859,
            "30": 4.887
          },
          "accuracy": {
            "0": 47.61904761904761,
            "10": 51.19047619047619,
            "20": 55.952380952380956,
            "30": 59.523809523809526
          }
        },
        "hm": {
          "time": {
            "0": 11.087,
            "10": 11.074,
            "20": 11.079,
            "30": 11.095
          },
          "accuracy": {
            "0": 47.61904761904761,
            "10": 51.19047619047619,
            "20": 53.57142857142857,
            "30": 59.523809523809526
          }
        },
        "rhw": {
          "time": {
            "0": 4.879,
            "10": 4.862,
            "20": 4.86,
            "30": 4.852
          },
          "accuracy": {
            "0": 47.61904761904761,
            "10": 51.19047619047619,
            "20": 53.57142857142857,
            "30": 59.523809523809526
          }
        },
        "zg": {
          "time": {
            "0": 4.888,
            "10": 4.846,
            "20": 4.844,
            "30": 4.921
          },
          "accuracy": {
            "0": 47.61904761904761,
            "10": 51.19047619047619,
            "20": 53.57142857142857,
            "30": 59.523809523809526
          }
        },
        "observations_avg": 2.607142857142857
      },
      "30": {
        "exhaust": {
          "time": {
            "0": 4.164,
            "10": 4.121,
            "20": 4.179,
            "30": 4.138
          },
          "accuracy": {
            "0": 47.61904761904761,
            "10": 52.38095238095239,
            "20": 57.14285714285714,
            "30": 61.904761904761905
          }
        },
        "hm": {
          "time": {
            "0": 9.804,
            "10": 9.712,
            "20": 9.704,
            "30": 9.766
          },
          "accuracy": {
            "0": 46.42857142857143,
            "10": 51.19047619047619,
            "20": 60.71428571428571,
            "30": 63.095238095238095
          }
        },
        "rhw": {
          "time": {
            "0": 4.159,
            "10": 4.124,
            "20": 4.105,
            "30": 4.113
          },
          "accuracy": {
            "0": 46.42857142857143,
            "10": 51.19047619047619,
            "20": 60.71428571428571,
            "30": 63.095238095238095
          }
        },
        "zg": {
          "time": {
            "0": 4.126,
            "10": 4.121,
            "20": 4.135,
            "30": 4.104
          },
          "accuracy": {
            "0": 46.42857142857143,
            "10": 51.19047619047619,
            "20": 60.71428571428571,
            "30": 63.095238095238095
          }
        },
        "observations_avg": 6.964285714285714
      },
      "50": {
        "exhaust": {
          "time": {
            "0": 4.957,
            "10": 4.921,
            "20": 4.917,
            "30": 4.88
          },
          "accuracy": {
            "0": 71.42857142857143,
            "10": 76.19047619047619,
            "20": 79.76190476190477,
            "30": 80.95238095238095
          }
        },
        "hm": {
          "time": {
            "0": 11.223,
            "10": 11.149,
            "20": 11.243,
            "30": 11.195
          },
          "accuracy": {
            "0": 69.04761904761905,
            "10": 78.57142857142857,
            "20": 79.76190476190477,
            "30": 80.95238095238095
          }
        },
        "rhw": {
          "time": {
            "0": 4.854,
            "10": 4.86,
            "20": 4.868,
            "30": 4.891
          },
          "accuracy": {
            "0": 69.04761904761905,
            "10": 78.57142857142857,
            "20": 79.76190476190477,
            "30": 80.95238095238095
          }
        },
        "zg": {
          "time": {
            "0": 4.915,
            "10": 4.884,
            "20": 4.856,
            "30": 4.928
          },
          "accuracy": {
            "0": 69.04761904761905,
            "10": 78.57142857142857,
            "20": 79.76190476190477,
            "30": 80.95238095238095
          }
        },
        "observations_avg": 11.178571428571429
      },
      "70": {
        "exhaust": {
          "time": {
            "0": 4.952,
            "10": 4.958,
            "20": 4.909,
            "30": 4.933
          },
          "accuracy": {
            "0": 83.33333333333334,
            "10": 88.09523809523809,
            "20": 89.28571428571429,
            "30": 94.04761904761905
          }
        },
        "hm": {
          "time": {
            "0": 11.204,
            "10": 11.177,
            "20": 11.143,
            "30": 11.178
          },
          "accuracy": {
            "0": 80.95238095238095,
            "10": 86.90476190476191,
            "20": 89.28571428571429,
            "30": 91.66666666666666
          }
        },
        "rhw": {
          "time": {
            "0": 4.871,
            "10": 4.88,
            "20": 4.903,
            "30": 4.881
          },
          "accuracy": {
            "0": 80.95238095238095,
            "10": 86.90476190476191,
            "20": 89.28571428571429,
            "30": 91.66666666666666
          }
        },
        "zg": {
          "time": {
            "0": 4.885,
            "10": 4.922,
            "20": 4.92,
            "30": 4.894
          },
          "accuracy": {
            "0": 80.95238095238095,
            "10": 86.90476190476191,
            "20": 89.28571428571429,
            "30": 91.66666666666666
          }
        },
        "observations_avg": 15.642857142857142
      },
      "100": {
        "exhaust": {
          "time": {
            "0": 5.113,
            "10": 5.082,
            "20": 5.078,
            "30": 5.122
          },
          "accuracy": {
            "0": 96.42857142857143,
            "10": 100.0,
            "20": 100.0,
            "30": 100.0
          }
        },
        "hm": {
          "time": {
            "0": 11.507,
            "10": 11.574,
            "20": 11.592,
            "30": 11.686
          },
          "accuracy": {
            "0": 96.42857142857143,
            "10": 100.0,
            "20": 100.0,
            "30": 100.0
          }
        },
        "rhw": {
          "time": {
            "0": 5.01,
            "10": 5.057,
            "20": 5.068,
            "30": 5.145
          },
          "accuracy": {
            "0": 96.42857142857143,
            "10": 100.0,
            "20": 100.0,
            "30": 100.0
          }
        },
        "zg": {
          "time": {
            "0": 5.045,
            "10": 5.093,
            "20": 5.169,
            "30": 5.16
          },
          "accuracy": {
            "0": 96.42857142857143,
            "10": 100.0,
            "20": 100.0,
            "30": 100.0
          }
        },
        "observations_avg": 21.714285714285715
      }
    },
    "landmarks_avg": {
      "exhaust": 20.895238095238266,
      "hm": 15.895238095238144,
      "rhw": 15.895238095238144,
      "zg": 15.895238095238144
    },
    "spread": {
      "10": {
        "exhaust": {
          "0": 1.2976190476190477,
          "10": 1.630952380952381,
          "20": 1.8571428571428572,
          "30": 1.9404761904761905
        },
        "hm": {
          "0": 1.4642857142857142,
          "10": 1.75,
          "20": 1.9880952380952381,
          "30": 2.119047619047619
        },
        "rhw": {
          "0": 1.4642857142857142,
          "10": 1.75,
          "20": 1.9880952380952381,
          "30": 2.119047619047619
        },
        "zg": {
          "0": 1.4642857142857142,
          "10": 1.75,
          "20": 1.9880952380952381,
          "30": 2.119047619047619
        }
      },