{
  "driverlog": {
    "problems": 364,
    "goals_avg": 7.142857142857143,
    "observations": {
      "10": {
        "exhaust": {
          "time": {
            "0": 6.171,
            "10": 6.174
          },
          "accuracy": {
            "0": 51.19047619047619,
            "10": 76.19047619047619
          }
        },
        "hm": {
          "time": {
            "0": 14.408,
            "10": 14.218
          },
          "accuracy": {
            "0": 51.19047619047619,
            "10": 66.66666666666666
          }
        },
        "rhw": {
          "time": {
            "0": 6.103,
            "10": 6.134
          },
          "accuracy": {
            "0": 51.19047619047619,
            "10": 66.66666666666666
          }
        },
        "zg": {
          "time": {
            "0": 6.05,
            "10": 6.177
          },
          "accuracy": {
            "0": 51.19047619047619,
            "10": 66.66666666666666
          }
        },
        "hoffmann": {
          "time": {
            "0": 12.469,
            "10": 12.458
          },
          "accuracy": {
            "0": 54.761904761904766,
            "10": 59.523809523809526
          }
        },
        "observations_avg": 2.607142857142857
      },
      "30": {
        "exhaust": {
          "time": {
            "0": 5.356,
            "10": 5.312
          },
          "accuracy": {
            "0": 70.23809523809523,
            "10": 90.47619047619048
          }
        },
        "hm": {
          "time": {
            "0": 12.461,
            "10": 12.352
          },
          "accuracy": {
            "0": 67.85714285714286,
            "10": 82.14285714285714
          }
        },
        "rhw": {
          "time": {
            "0": 5.245,
            "10": 5.304
          },
          "accuracy": {
            "0": 67.85714285714286,
            "10": 82.14285714285714
          }
        },
        "zg": {
          "time": {
            "0": 5.24,
            "10": 5.327
          },
          "accuracy": {
            "0": 67.85714285714286,
            "10": 82.14285714285714
          }
        },
        "hoffmann": {
          "time": {
            "0": 10.633,
            "10": 10.617
          },
          "accuracy": {
            "0": 52.38095238095239,
            "10": 65.47619047619048
          }
        },
        "observations_avg": 6.964285714285714
      },
      "50": {
        "exhaust": {
          "time": {
            "0": 6.209,
            "10": 6.265
          },
          "accuracy": {
            "0": 84.52380952380952,
            "10": 96.42857142857143
          }
        },
        "hm": {
          "time": {
            "0": 14.651,
            "10": 14.559
          },
          "accuracy": {
            "0": 79.76190476190477,
            "10": 95.23809523809523
          }
        },
        "rhw": {
          "time": {
            "0": 6.193,
            "10": 6.132
          },
          "accuracy": {
            "0": 79.76190476190477,
            "10": 95.23809523809523
          }
        },
        "zg": {
          "time": {
            "0": 6.253,
            "10": 6.252
          },
          "accuracy": {
            "0": 79.76190476190477,
            "10": 95.23809523809523
          }
        },
        "hoffmann": {
          "time": {
            "0": 12.564,
            "10": 12.552
          },
          "accuracy": {
            "0": 69.04761904761905,
            "10": 82.14285714285714
          }
        },
        "observations_avg": 11.178571428571429
      },
      "70": {
        "exhaust": {
          "time": {
            "0": 6.263,
            "10": 6.199
          },
          "accuracy": {
            "0": 92.85714285714286,
            "10": 96.42857142857143
          }
        },
        "hm": {
          "time": {
            "0": 14.661,
            "10": 14.627
          },
          "accuracy": {
            "0": 94.04761904761905,
            "10": 96.42857142857143
          }
        },
        "rhw": {
          "time": {
            "0": 6.237,
            "10": 6.234
          },
          "accuracy": {
            "0": 94.04761904761905,
            "10": 96.42857142857143
          }
        },
        "zg": {
          "time": {
            "0": 6.268,
            "10": 6.296
          },
          "accuracy": {
            "0": 94.04761904761905,
            "10": 96.42857142857143
          }
        },
        "hoffmann": {
          "time": {
            "0": 12.798,
            "10": 13.004
          },
          "accuracy": {
            "0": 89.28571428571429,
            "10": 92.85714285714286
          }
        },
        "observations_avg": 15.642857142857142
      },
      "100": {
        "exhaust": {
          "time": {
            "0": 6.119,
            "10": 6.153
          },
          "accuracy": {
            "0": 96.42857142857143,
            "10": 100.0
          }
        },
        "hm": {
          "time": {
            "0": 14.464,
            "10": 14.774
          },
          "accuracy": {
            "0": 96.42857142857143,
            "10": 100.0
          }
        },
        "rhw": {
          "time": {
            "0": 6.385,
            "10": 6.359
          },
          "accuracy": {
            "0": 96.42857142857143,
            "10": 100.0
          }
        },
        "zg": {
          "time": {
            "0": 6.338,
            "10": 6.489
          },
          "accuracy": {
            "0": 96.42857142857143,
            "10": 100.0
          }
        },
        "hoffmann": {
          "time": {
            "0": 12.781,
            "10": 13.082
          },
          "accuracy": {
            "0": 92.85714285714286,
            "10": 100.0
          }
        },
        "observations_avg": 21.714285714285715
      }
    },
    "landmarks_avg": {
      "exhaust": 20.89523809523801,
      "hm": 15.895238095238078,
      "rhw": 15.895238095238078,
      "zg": 15.895238095238078,
      "hoffmann": 11.021428571428498
    },
    "spread": {
      "10": {
        "exhaust": {
          "0": 1.2619047619047619,
          "10": 2.2261904761904763
        },
        "hm": {
          "0": 1.2738095238095237,
          "10": 1.9047619047619047
        },
        "rhw": {
          "0": 1.2738095238095237,
          "10": 1.9047619047619047
        },
        "zg": {
          "0": 1.2738095238095237,
          "10": 1.9047619047619047
        },
        "hoffmann": {
          "0": 1.5238095238095237,
          "10": 1.869047619047619
        }
      },
      "30": {
        "exhaust": {
          "0": 1.2023809523809523,
          "10": 2.2738095238095237
        },
        "hm": {
          "0": 1.2380952380952381,
          "10": 1.880952380952381
        },
        "rhw": {
          "0": 1.2380952380952381,
          "10": 1.880952380952381
        },
        "zg": {
          "0": 1.2380952380952381,
          "10": 1.880952380952381
        },
        "hoffmann": {
          "0": 1.2619047619047619,
          "10": 1.7023809523809523
        }
      },
      "50": {
        "exhaust": {
          "0": 1.130952380952381,
          "10": 1.8452380952380953
        },
        "hm": {
          "0": 1.119047619047619,
          "10": 1.7380952380952381
        },
        "rhw": {
          "0": 1.119047619047619,
          "10": 1.7380952380952381
        },
        "zg": {
          "0": 1.119047619047619,
          "10": 1.7380952380952381
        },
        "hoffmann": {
          "0": 1.3571428571428572,
          "10": 1.7619047619047619
        }
      },
      "70": {
        "exhaust": {
          "0": 1.0238095238095237,
          "10": 1.6666666666666667
        },
        "hm": {
          "0": 1.0595238095238095,
          "10": 1.5357142857142858
        },
        "rhw": {
          "0": 1.0595238095238095,
          "10": 1.5357142857142858
        },
        "zg": {
          "0": 1.0595238095238095,