{
  "driverlog": {
    "problems": 364,
    "goals_avg": 7.142857142857143,
    "observations": {
      "10": {
        "exhaust": {
          "time": {
            "0": 4.919,
            "10": 4.863,
            "20": 4.896,
            "30": 4.919
          },
          "accuracy": {
            "0": 53.57142857142857,
            "10": 78.57142857142857,
            "20": 85.71428571428571,
            "30": 92.85714285714286
          }
        },
        "hm": {
          "time": {
            "0": 11.15,
            "10": 11.14,
            "20": 11.114,
            "30": 11.105
          },
          "accuracy": {
            "0": 51.19047619047619,
            "10": 66.66666666666666,
            "20": 83.33333333333334,
            "30": 90.47619047619048
          }
        },
        "rhw": {
          "time": {
            "0": 4.869,
            "10": 4.871,
            "20": 4.857,
            "30": 4.848
          },
          "accuracy": {
            "0": 51.19047619047619,
            "10": 66.66666666666666,
            "20": 83.33333333333334,
            "30": 90.47619047619048
          }
        },
        "zg": {
          "time": {
            "0": 4.905,
            "10": 4.831,
            "20": 4.867,
            "30": 4.882
          },
          "accuracy": {
            "0": 51.19047619047619,
            "10": 66.66666666666666,
            "20": 83.33333333333334,
            "30": 90.47619047619048
          }
        },
        "observations_avg": 2.607142857142857
      },
      "30": {
        "exhaust": {
          "time": {
            "0": 4.166,
            "10": 4.199,
            "20": 4.16,
            "30": 4.156
          },
          "accuracy": {
            "0": 71.42857142857143,
            "10": 90.47619047619048,
            "20": 96.42857142857143,
            "30": 97.61904761904762
          }
        },
        "hm": {
          "time": {
            "0": 9.785,
            "10": 9.796,
            "20": 9.725,
            "30": 9.767
          },
          "accuracy": {
            "0": 66.66666666666666,
            "10": 82.14285714285714,
            "20": 94.04761904761905,
            "30": 97.61904761904762
          }
        },
        "rhw": {
          "time": {
            "0": 4.164,
            "10": 4.108,
            "20": 4.112,
            "30": 4.157
          },
          "accuracy": {
            "0": 66.66666666666666,
            "10": 82.14285714285714,
            "20": 94.04761904761905,
            "30": 97.61904761904762
          }
        },
        "zg": {
          "time": {
            "0": 4.147,
            "10": 4.168,
            "20": 4.147,
            "30": 4.176
          },
          "accuracy": {
            "0": 66.66666666666666,
            "10": 82.14285714285714,
            "20": 94.04761904761905,
            "30": 97.61904761904762
          }
        },
        "observations_avg": 6.964285714285714
      },
      "50": {
        "exhaust": {
          "time": {
            "0": 4.891,
            "10": 4.911,
            "20": 4.899,
            "30": 4.893
          },
          "accuracy": {
            "0": 85.71428571428571,
            "10": 95.23809523809523,
            "20": 100.0,
            "30": 100.0
          }
        },
        "hm": {
          "time": {
            "0": 11.135,
            "10": 11.154,
            "20": 11.168,
            "30": 11.118
          },
          "accuracy": {
            "0": 80.95238095238095,
            "10": 94.04761904761905,
            "20": 98.80952380952381,
            "30": 100.0
          }
        },
        "rhw": {
          "time": {
            "0": 4.881,
            "10": 4.843,
            "20": 4.834,
            "30": 4.922
          },
          "accuracy": {
            "0": 80.95238095238095,
            "10": 94.04761904761905,
            "20": 98.80952380952381,
            "30": 100.0
          }
        },
        "zg": {
          "time": {
            "0": 4.896,
            "10": 4.868,
            "20": 4.887,
            "30": 4.872
          },
          "accuracy": {
            "0": 80.95238095238095,
            "10": 94.04761904761905,
            "20": 98.80952380952381,
            "30": 100.0
          }
        },
        "observations_avg": 11.178571428571429
      },
      "70": {
        "exhaust": {
          "time": {
            "0": 4.937,
            "10": 4.877,
            "20": 4.95,
            "30": 4.89
          },
          "accuracy": {
            "0": 92.85714285714286,
            "10": 96.42857142857143,
            "20": 100.0,
            "30": 100.0
          }
        },
        "hm": {
          "time": {
            "0": 11.224,
            "10": 11.178,
            "20": 11.124,
            "30": 11.147
          },
          "accuracy": {
            "0": 92.85714285714286,
            "10": 96.42857142857143,
            "20": 100.0,
            "30": 100.0
          }
        },
        "rhw": {
          "time": {
            "0": 4.86,
            "10": 4.902,
            "20": 4.858,
            "30": 4.87
          },
          "accuracy": {
            "0": 92.85714285714286,
            "10": 96.42857142857143,
            "20": 100.0,
            "30": 100.0
          }
        },
        "zg": {
          "time": {
            "0": 4.89,
            "10": 4.872,
            "20": 4.907,
            "30": 4.853
          },
          "accuracy": {
            "0": 92.85714285714286,
            "10": 96.42857142857143,
            "20": 100.0,
            "30": 100.0
          }
        },
        "observations_avg": 15.642857142857142
      },
      "100": {
        "exhaust": {
          "time": {
            "0": 4.947,
            "10": 4.85,
            "20": 4.924,
            "30": 4.934
          },
          "accuracy": {
            "0": 96.42857142857143,
            "10": 100.0,
            "20": 100.0,
            "30": 100.0
          }
        },
        "hm": {
          "time": {
            "0": 11.11,
            "10": 11.211,
            "20": 11.375,
            "30": 11.404
          },
          "accuracy": {
            "0": 96.42857142857143,
            "10": 100.0,
            "20": 100.0,
            "30": 100.0
          }
        },
        "rhw": {
          "time": {
            "0": 4.829,
            "10": 4.847,
            "20": 4.973,
            "30": 4.948
          },
          "accuracy": {
            "0": 96.42857142857143,
            "10": 100.0,
            "20": 100.0,
            "30": 100.0
          }
        },
        "zg": {
          "time": {
            "0": 4.816,
            "10": 4.886,
            "20": 4.961,
            "30": 4.909
          },
          "accuracy": {
            "0": 96.42857142857143,
            "10": 100.0,
            "20": 100.0,
            "30": 100.0
          }
        },
        "observations_avg": 21.714285714285715
      }
    },
    "landmarks_avg": {
      "exhaust": 20.895238095238266,
      "hm": 15.895238095238144,
      "rhw": 15.895238095238144,
      "zg": 15.895238095238144
    }
  }
}