{
  "driverlog": {
    "problems": 364,
    "goals_avg": 7.142857142857143,
    "observations": {
      "10": {
        "exhaust": {
          "time": {
            "0": 5.128,
            "10": 5.129,
            "20": 5.131,
            "30": 5.127
          },
          "accuracy": {
            "0": 53.57142857142857,
            "10": 78.57142857142857,
            "20": 85.71428571428571,
            "30": 92.85714285714286
          }
        },
        "hm": {
          "time": {
            "0": 11.642,
            "10": 11.735,
            "20": 11.788,
            "30": 11.775
          },
          "accuracy": {
            "0": 51.19047619047619,
            "10": 66.66666666666666,
            "20": 83.33333333333334,
            "30": 90.47619047619048
          }
        },
        "rhw": {
          "time": {
            "0": 5.146,
            "10": 5.107,
            "20": 5.059,
            "30": 5.11
          },
          "accuracy": {
            "0": 51.19047619047619,
            "10": 66.66666666666666,
            "20": 83.33333333333334,
            "30": 90.47619047619048
          }
        },
        "zg": {
          "time": {
            "0": 5.108,
            "10": 5.13,
            "20": 5.129,
            "30": 5.124
          },
          "accuracy": {
            "0": 51.19047619047619,
            "10": 66.66666666666666,
            "20": 83.33333333333334,
            "30": 90.47619047619048
          }
        },
        "observations_avg": 2.607142857142857
      },
      "30": {
        "exhaust": {
          "time": {
            "0": 4.298,
            "10": 4.292,
            "20": 4.293,
            "30": 4.266
          },
          "accuracy": {
            "0": 71.42857142857143,
            "10": 90.47619047619048,
            "20": 96.42857142857143,
            "30": 97.61904761904762
          }
        },
        "hm": {
          "time": {
            "0": 10.037,
            "10": 10.095,
            "20": 10.149,
            "30": 10.044
          },
          "accuracy": {
            "0": 66.66666666666666,
            "10": 82.14285714285714,
            "20": 94.04761904761905,
            "30": 97.61904761904762
          }
        },
        "rhw": {
          "time": {
            "0": 4.229,
            "10": 4.246,
            "20": 4.254,
            "30": 4.248
          },
          "accuracy": {
            "0": 66.66666666666666,
            "10": 82.14285714285714,
            "20": 94.04761904761905,
            "30": 97.61904761904762
          }
        },
        "zg": {
          "time": {
            "0": 4.264,
            "10": 4.275,
            "20": 4.262,
            "30": 4.232
          },
          "accuracy": {
            "0": 66.66666666666666,
            "10": 82.14285714285714,
            "20": 94.04761904761905,
            "30": 97.61904761904762
          }
        },
        "observations_avg": 6.964285714285714
      },
      "50": {
        "exhaust": {
          "time": {
            "0": 4.997,
            "10": 4.975,
            "20": 4.957,
            "30": 4.939
          },
          "accuracy": {
            "0": 85.71428571428571,
            "10": 95.23809523809523,
            "20": 100.0,
            "30": 100.0
          }
        },
        "hm": {
          "time": {
            "0": 11.299,
            "10": 11.276,
            "20": 11.259,
            "30": 11.311
          },
          "accuracy": {
            "0": 80.95238095238095,
            "10": 94.04761904761905,
            "20": 98.80952380952381,
            "30": 100.0
          }
        },
        "rhw": {
          "time": {
            "0": 4.97,
            "10": 4.868,
            "20": 4.883,
            "30": 4.905
          },
          "accuracy": {
            "0": 80.95238095238095,
            "10": 94.04761904761905,
            "20": 98.80952380952381,
            "30": 100.0
          }
        },
        "zg": {
          "time": {
            "0": 4.955,
            "10": 4.954,
            "20": 4.968,
            "30": 4.961
          },
          "accuracy": {
            "0": 80.95238095238095,
            "10": 94.04761904761905,
            "20": 98.80952380952381,
            "30": 100.0
          }
        },
        "observations_avg": 11.178571428571429
      },
      "70": {
        "exhaust": {
          "time": {
            "0": 5.158,
            "10": 5.147,
            "20": 5.138,
            "30": 5.158
          },
          "accuracy": {
            "0": 92.85714285714286,
            "10": 96.42857142857143,
            "20": 100.0,
            "30": 100.0
          }
        },
        "hm": {
          "time": {
            "0": 11.756,
            "10": 11.837,
            "20": 11.846,
            "30": 11.861
          },
          "accuracy": {
            "0": 92.85714285714286,
            "10": 96.42857142857143,
            "20": 100.0,
            "30": 100.0
          }
        },
        "rhw": {
          "time": {
            "0": 5.095,
            "10": 5.141,
            "20": 5.162,
            "30": 5.177
          },
          "accuracy": {
            "0": 92.85714285714286,
            "10": 96.42857142857143,
            "20": 100.0,
            "30": 100.0
          }
        },
        "zg": {
          "time": {
            "0": 5.186,
            "10": 5.206,
            "20": 5.159,
            "30": 5.111
          },
          "accuracy": {
            "0": 92.85714285714286,
            "10": 96.42857142857143,
            "20": 100.0,
            "30": 100.0
          }
        },
        "observations_avg": 15.642857142857142
      },
      "100": {
        "exhaust": {
          "time": {
            "0": 5.082,
            "10": 5.221,
            "20": 5.155,
            "30": 5.23
          },
          "accuracy": {
            "0": 96.42857142857143,
            "10": 100.0,
            "20": 100.0,
            "30": 100.0
          }
        },
        "hm": {
          "time": {
            "0": 11.665,
            "10": 11.953,
            "20": 11.991,
            "30": 11.962
          },
          "accuracy": {
            "0": 96.42857142857143,
            "10": 100.0,
            "20": 100.0,
            "30": 100.0
          }
        },
        "rhw": {
          "time": {
            "0": 5.164,
            "10": 5.121,
            "20": 5.132,
            "30": 5.222
          },
          "accuracy": {
            "0": 96.42857142857143,
            "10": 100.0,
            "20": 100.0,
            "30": 100.0
          }
        },
        "zg": {
          "time": {
            "0": 5.051,
            "10": 5.191,
            "20": 5.263,
            "30": 5.18
          },
          "accuracy": {
            "0": 96.42857142857143,
            "10": 100.0,
            "20": 100.0,
            "30": 100.0
          }
        },
        "observations_avg": 21.714285714285715
      }
    },
    "landmarks_avg": {
      "exhaust": 20.895238095238266,
      "hm": 15.895238095238144,
      "rhw": 15.895238095238144,
      "zg": 15.895238095238144
    },
    "spread": {
      "10": {
        "exhaust": {
          "0": 1.5119047619047619,
          "10": 2.392857142857143,
          "20": 3.0714285714285716,
          "30": 4.226190476190476
        },
        "hm": {
          "0": 1.6666666666666667,
          "10": 2.142857142857143,
          "20": 2.9047619047619047,
          "30": 3.6547619047619047
        },
        "rhw": {
          "0": 1.6666666666666667,
          "10": 2.142857142857143,
          "20": 2.9047619047619047,
          "30": 3.6547619047619047
        },
        "zg": {
          "0": 1.6666666666666667,
          "10": 2.142857142857143,
          "20": 2.9047619047619047,
          "30": 3.6547619047619047
        }
      },
      "30": {
        "exhaust": {
          "0": 1.2023809523809523,
          "10": 2.1547619047619047,