{
  "driverlog": {
    "problems": 364,
    "goals_avg": 7.142857142857143,
    "observations": {
      "10": {
        "exhaust": {
          "time": {
            "0": 6.172,
            "10": 6.053
          },
          "accuracy": {
            "0": 51.19047619047619,
            "10": 76.19047619047619
          },
          "prob_accuracy": {
            "0": 100.0,
            "10": 100.0
          }
        },
        "hm": {
          "time": {
            "0": 13.65,
            "10": 13.661
          },
          "accuracy": {
            "0": 51.19047619047619,
            "10": 66.66666666666666
          },
          "prob_accuracy": {
            "0": 100.0,
            "10": 100.0
          }
        },
        "rhw": {
          "time": {
            "0": 6.055,
            "10": 6.108
          },
          "accuracy": {
            "0": 51.19047619047619,
            "10": 66.66666666666666
          },
          "prob_accuracy": {
            "0": 100.0,
            "10": 100.0
          }
        },
        "zg": {
          "time": {
            "0": 6.034,
            "10": 6.055
          },
          "accuracy": {
            "0": 51.19047619047619,
            "10": 66.66666666666666
          },
          "prob_accuracy": {
            "0": 100.0,
            "10": 100.0
          }
        },
        "hoffmann": {
          "time": {
            "0": 51.101,
            "10": 51.046
          },
          "accuracy": {
            "0": 54.761904761904766,
            "10": 59.523809523809526
          },
          "prob_accuracy": {
            "0": 100.0,
            "10": 100.0
          }
        },
        "observations_avg": 2.607142857142857
      },
      "30": {
        "exhaust": {
          "time": {
            "0": 6.032,
            "10": 6.106
          },
          "accuracy": {
            "0": 70.23809523809523,
            "10": 90.47619047619048
          },
          "prob_accuracy": {
            "0": 100.0,
            "10": 100.0
          }
        },
        "hm": {
          "time": {
            "0": 13.496,
            "10": 13.528
          },
          "accuracy": {
            "0": 67.85714285714286,
            "10": 82.14285714285714
          },
          "prob_accuracy": {
            "0": 100.0,
            "10": 100.0
          }
        },
        "rhw": {
          "time": {
            "0": 6.042,
            "10": 5.987
          },
          "accuracy": {
            "0": 67.85714285714286,
            "10": 82.14285714285714
          },
          "prob_accuracy": {
            "0": 100.0,
            "10": 100.0
          }
        },
        "zg": {
          "time": {
            "0": 5.957,
            "10": 6.033
          },
          "accuracy": {
            "0": 67.85714285714286,
            "10": 82.14285714285714
          },
          "prob_accuracy": {
            "0": 100.0,
            "10": 100.0
          }
        },
        "hoffmann": {
          "time": {
            "0": 51.035,
            "10": 50.744
          },
          "accuracy": {
            "0": 52.38095238095239,
            "10": 65.47619047619048
          },
          "prob_accuracy": {
            "0": 100.0,
            "10": 100.0
          }
        },
        "observations_avg": 6.964285714285714
      },
      "50": {
        "exhaust": {
          "time": {
            "0": 5.401,
            "10": 5.494
          },
          "accuracy": {
            "0": 84.52380952380952,
            "10": 96.42857142857143
          },
          "prob_accuracy": {
            "0": 100.0,
            "10": 100.0
          }
        },
        "hm": {
          "time": {
            "0": 12.373,
            "10": 12.309
          },
          "accuracy": {
            "0": 79.76190476190477,
            "10": 95.23809523809523
          },
          "prob_accuracy": {
            "0": 100.0,
            "10": 100.0
          }
        },
        "rhw": {
          "time": {
            "0": 5.437,
            "10": 5.356
          },
          "accuracy": {
            "0": 79.76190476190477,
            "10": 95.23809523809523
          },
          "prob_accuracy": {
            "0": 100.0,
            "10": 100.0
          }
        },
        "zg": {
          "time": {
            "0": 5.465,
            "10": 5.477
          },
          "accuracy": {
            "0": 79.76190476190477,
            "10": 95.23809523809523
          },
          "prob_accuracy": {
            "0": 100.0,
            "10": 100.0
          }
        },
        "hoffmann": {
          "time": {
            "0": 48.886,
            "10": 48.725
          },
          "accuracy": {
            "0": 69.04761904761905,
            "10": 82.14285714285714
          },
          "prob_accuracy": {
            "0": 100.0,
            "10": 100.0
          }
        },
        "observations_avg": 11.178571428571429
      },
      "70": {
        "exhaust": {
          "time": {
            "0": 6.08,
            "10": 6.124
          },
          "accuracy": {
            "0": 92.85714285714286,
            "10": 96.42857142857143
          },
          "prob_accuracy": {
            "0": 100.0,
            "10": 100.0
          }
        },
        "hm": {
          "time": {
            "0": 13.759,
            "10": 13.799
          },
          "accuracy": {
            "0": 94.04761904761905,
            "10": 96.42857142857143
          },
          "prob_accuracy": {
            "0": 100.0,
            "10": 100.0
          }
        },
        "rhw": {
          "time": {
            "0": 6.035,
            "10": 6.113
          },
          "accuracy": {
            "0": 94.04761904761905,
            "10": 96.42857142857143
          },
          "prob_accuracy": {
            "0": 100.0,
            "10": 100.0
          }
        },
        "zg": {
          "time": {
            "0": 6.017,
            "10": 6.092
          },
          "accuracy": {
            "0": 94.04761904761905,
            "10": 96.42857142857143
          },
          "prob_accuracy": {
            "0": 100.0,
            "10": 100.0
          }
        },
        "hoffmann": {
          "time": {
            "0": 51.516,
            "10": 51.431
          },
          "accuracy": {
            "0": 89.28571428571429,
            "10": 92.85714285714286
          },
          "prob_accuracy": {
            "0": 100.0,
            "10": 100.0
          }
        },
        "observations_avg": 15.642857142857142
      },
      "100": {
        "exhaust": {
          "time": {
            "0": 6.126,
            "10": 6.115
          },
          "accuracy": {
            "0": 96.42857142857143,
            "10": 100.0
          },
          "prob_accuracy": {
            "0": 100.0,
            "10": 100.0
          }
        },
        "hm": {
          "time": {
            "0": 13.792,
            "10": 13.757
          },
          "accuracy": {
            "0": 96.42857142857143,
            "10": 100.0
          },
          "prob_accuracy": {
            "0": 100.0,
            "10": 100.0
          }
        },
        "rhw": {
          "time": {
            "0": 5.985,
            "10": 5.99
          },
          "accuracy": {
            "0": 96.42857142857143,
            "10": 100.0
          },
          "prob_accuracy": {
            "0": 100.0,
            "10": 100.0
          }
        },
        "zg": {
          "time": {
            "0": 6.11,
            "10": 6.067
          },
          "accuracy": {
            "0": 96.42857142857143,
            "10": 100.0
          },
          "prob_accuracy": {
            "0": 100.0,
            "10": 100.0
          }
        },
        "hoffmann": {
          "time": {
            "0": 50.95,
            "10": 51.3
          },
          "accuracy": {
            "0": 92.85714285714286,
            "10": 100.0
          },