{
  "driverlog": {
    "problems": 364,
    "goals_avg": 7.142857142857143,
    "observations": {
      "10": {
        "exhaust": {
          "time": {
            "0": 5.121,
            "10": 5.069,
            "20": 5.12,
            "30": 5.098
          },
          "accuracy": {
            "0": 53.57142857142857,
            "10": 78.57142857142857,
            "20": 85.71428571428571,
            "30": 92.85714285714286
          }
        },
        "hm": {
          "time": {
            "0": 11.511,
            "10": 11.507,
            "20": 11.439,
            "30": 11.584
          },
          "accuracy": {
            "0": 51.19047619047619,
            "10": 66.66666666666666,
            "20": 83.33333333333334,
            "30": 90.47619047619048
          }
        },
        "rhw": {
          "time": {
            "0": 5.025,
            "10": 5.07,
            "20": 5.061,
            "30": 5.096
          },
          "accuracy": {
            "0": 51.19047619047619,
            "10": 66.66666666666666,
            "20": 83.33333333333334,
            "30": 90.47619047619048
          }
        },
        "zg": {
          "time": {
            "0": 5.079,
            "10": 5.104,
            "20": 5.09,
            "30": 5.087
          },
          "accuracy": {
            "0": 51.19047619047619,
            "10": 66.66666666666666,
            "20": 83.33333333333334,
            "30": 90.47619047619048
          }
        },
        "observations_avg": 2.607142857142857
      },
      "30": {
        "exhaust": {
          "time": {
            "0": 4.263,
            "10": 4.305,
            "20": 4.272,
            "30": 4.297
          },
          "accuracy": {
            "0": 71.42857142857143,
            "10": 90.47619047619048,
            "20": 96.42857142857143,
            "30": 97.61904761904762
          }
        },
        "hm": {
          "time": {
            "0": 10.026,
            "10": 9.903,
            "20": 9.967,
            "30": 9.885
          },
          "accuracy": {
            "0": 66.66666666666666,
            "10": 82.14285714285714,
            "20": 94.04761904761905,
            "30": 97.61904761904762
          }
        },
        "rhw": {
          "time": {
            "0": 4.249,
            "10": 4.221,
            "20": 4.242,
            "30": 4.223
          },
          "accuracy": {
            "0": 66.66666666666666,
            "10": 82.14285714285714,
            "20": 94.04761904761905,
            "30": 97.61904761904762
          }
        },
        "zg": {
          "time": {
            "0": 4.248,
            "10": 4.274,
            "20": 4.223,
            "30": 4.249
          },
          "accuracy": {
            "0": 66.66666666666666,
            "10": 82.14285714285714,
            "20": 94.04761904761905,
            "30": 97.61904761904762
          }
        },
        "observations_avg": 6.964285714285714
      },
      "50": {
        "exhaust": {
          "time": {
            "0": 5.133,
            "10": 5.116,
            "20": 5.125,
            "30": 5.139
          },
          "accuracy": {
            "0": 85.71428571428571,
            "10": 95.23809523809523,
            "20": 100.0,
            "30": 100.0
          }
        },
        "hm": {
          "time": {
            "0": 11.653,
            "10": 11.666,
            "20": 11.603,
            "30": 11.651
          },
          "accuracy": {
            "0": 80.95238095238095,
            "10": 94.04761904761905,
            "20": 98.80952380952381,
            "30": 100.0
          }
        },
        "rhw": {
          "time": {
            "0": 5.055,
            "10": 5.087,
            "20": 5.13,
            "30": 5.07
          },
          "accuracy": {
            "0": 80.95238095238095,
            "10": 94.04761904761905,
            "20": 98.80952380952381,
            "30": 100.0
          }
        },
        "zg": {
          "time": {
            "0": 5.178,
            "10": 5.152,
            "20": 5.163,
            "30": 5.078
          },
          "accuracy": {
            "0": 80.95238095238095,
            "10": 94.04761904761905,
            "20": 98.80952380952381,
            "30": 100.0
          }
        },
        "observations_avg": 11.178571428571429
      },
      "70": {
        "exhaust": {
          "time": {
            "0": 5.107,
            "10": 5.142,
            "20": 5.073,
            "30": 5.166
          },
          "accuracy": {
            "0": 92.85714285714286,
            "10": 96.42857142857143,
            "20": 100.0,
            "30": 100.0
          }
        },
        "hm": {
          "time": {
            "0": 11.579,
            "10": 11.586,
            "20": 11.649,
            "30": 11.6
          },
          "accuracy": {
            "0": 92.85714285714286,
            "10": 96.42857142857143,
            "20": 100.0,
            "30": 100.0
          }
        },
        "rhw": {
          "time": {
            "0": 5.074,
            "10": 5.11,
            "20": 5.152,
            "30": 5.113
          },
          "accuracy": {
            "0": 92.85714285714286,
            "10": 96.42857142857143,
            "20": 100.0,
            "30": 100.0
          }
        },
        "zg": {
          "time": {
            "0": 5.111,
            "10": 5.121,
            "20": 5.095,
            "30": 5.12
          },
          "accuracy": {
            "0": 92.85714285714286,
            "10": 96.42857142857143,
            "20": 100.0,
            "30": 100.0
          }
        },
        "observations_avg": 15.642857142857142
      },
      "100": {
        "exhaust": {
          "time": {
            "0": 5.312,
            "10": 5.278,
            "20": 5.349,
            "30": 5.404
          },
          "accuracy": {
            "0": 96.42857142857143,
            "10": 100.0,
            "20": 100.0,
            "30": 100.0
          }
        },
        "hm": {
          "time": {
            "0": 12.049,
            "10": 12.228,
            "20": 12.154,
            "30": 12.426
          },
          "accuracy": {
            "0": 96.42857142857143,
            "10": 100.0,
            "20": 100.0,
            "30": 100.0
          }
        },
        "rhw": {
          "time": {
            "0": 5.3,
            "10": 5.314,
            "20": 5.344,
            "30": 5.362
          },
          "accuracy": {
            "0": 96.42857142857143,
            "10": 100.0,
            "20": 100.0,
            "30": 100.0
          }
        },
        "zg": {
          "time": {
            "0": 5.362,
            "10": 5.324,
            "20": 5.3,
            "30": 5.441
          },
          "accuracy": {
            "0": 96.42857142857143,
            "10": 100.0,
            "20": 100.0,
            "30": 100.0
          }
        },
        "observations_avg": 21.714285714285715
      }
    },
    "landmarks_avg": {
      "exhaust": 20.895238095238266,
      "hm": 15.895238095238144,
      "rhw": 15.895238095238144,
      "zg": 15.895238095238144
    }
  }
}