{
  "driverlog": {
    "problems": 364,
    "goals_avg": 7.142857142857143,
    "observations": {
      "10": {
        "exhaust": {
          "time": {
            "0": 11.697,
            "10": 11.706,
            "20": 11.586,
            "30": 11.577
          },
          "accuracy": {
            "0": 51.19047619047619,
            "10": 76.19047619047619,
            "20": 89.28571428571429,
            "30": 95.23809523809523
          }
        },
        "hm": {
          "time": {
            "0": 25.054,
            "10": 25.002,
            "20": 24.912,
            "30": 25.139
          },
          "accuracy": {
            "0": 51.19047619047619,
            "10": 66.66666666666666,
            "20": 84.52380952380952,
            "30": 91.66666666666666
          }
        },
        "rhw": {
          "time": {
            "0": 11.554,
            "10": 11.491,
            "20": 11.546,
            "30": 11.512
          },
          "accuracy": {
            "0": 51.19047619047619,
            "10": 66.66666666666666,
            "20": 84.52380952380952,
            "30": 91.66666666666666
          }
        },
        "zg": {
          "time": {
            "0": 11.849,
            "10": 11.635,
            "20": 11.656,
            "30": 11.61
          },
          "accuracy": {
            "0": 51.19047619047619,
            "10": 66.66666666666666,
            "20": 84.52380952380952,
            "30": 91.66666666666666
          }
        },
        "observations_avg": 2.607142857142857
      },
      "30": {
        "exhaust": {
          "time": {
            "0": 8.22,
            "10": 8.243,
            "20": 8.27,
            "30": 8.214
          },
          "accuracy": {
            "0": 70.23809523809523,
            "10": 90.47619047619048,
            "20": 97.61904761904762,
            "30": 98.80952380952381
          }
        },
        "hm": {
          "time": {
            "0": 18.438,
            "10": 18.413,
            "20": 18.347,
            "30": 18.169
          },
          "accuracy": {
            "0": 67.85714285714286,
            "10": 82.14285714285714,
            "20": 95.23809523809523,
            "30": 97.61904761904762
          }
        },
        "rhw": {
          "time": {
            "0": 8.244,
            "10": 8.265,
            "20": 8.178,
            "30": 8.119
          },
          "accuracy": {
            "0": 67.85714285714286,
            "10": 82.14285714285714,
            "20": 95.23809523809523,
            "30": 97.61904761904762
          }
        },
        "zg": {
          "time": {
            "0": 8.179,
            "10": 8.38,
            "20": 8.274,
            "30": 8.202
          },
          "accuracy": {
            "0": 67.85714285714286,
            "10": 82.14285714285714,
            "20": 95.23809523809523,
            "30": 97.61904761904762
          }
        },
        "observations_avg": 6.964285714285714
      },
      "50": {
        "exhaust": {
          "time": {
            "0": 14.864,
            "10": 14.908,
            "20": 14.774,
            "30": 14.966
          },
          "accuracy": {
            "0": 84.52380952380952,
            "10": 96.42857142857143,
            "20": 100.0,
            "30": 100.0
          }
        },
        "hm": {
          "time": {
            "0": 34.684,
            "10": 34.87,
            "20": 34.75,
            "30": 34.91
          },
          "accuracy": {
            "0": 79.76190476190477,
            "10": 95.23809523809523,
            "20": 98.80952380952381,
            "30": 100.0
          }
        },
        "rhw": {
          "time": {
            "0": 14.709,
            "10": 14.808,
            "20": 14.644,
            "30": 14.791
          },
          "accuracy": {
            "0": 79.76190476190477,
            "10": 95.23809523809523,
            "20": 98.80952380952381,
            "30": 100.0
          }
        },
        "zg": {
          "time": {
            "0": 14.817,
            "10": 14.868,
            "20": 14.824,
            "30": 14.911
          },
          "accuracy": {
            "0": 79.76190476190477,
            "10": 95.23809523809523,
            "20": 98.80952380952381,
            "30": 100.0
          }
        },
        "observations_avg": 11.178571428571429
      },
      "70": {
        "exhaust": {
          "time": {
            "0": 14.052,
            "10": 14.035,
            "20": 14.032,
            "30": 14.042
          },
          "accuracy": {
            "0": 92.85714285714286,
            "10": 96.42857142857143,
            "20": 100.0,
            "30": 100.0
          }
        },
        "hm": {
          "time": {
            "0": 31.344,
            "10": 31.55,
            "20": 31.277,
            "30": 31.199
          },
          "accuracy": {
            "0": 94.04761904761905,
            "10": 96.42857142857143,
            "20": 100.0,
            "30": 100.0
          }
        },
        "rhw": {
          "time": {
            "0": 13.923,
            "10": 13.963,
            "20": 13.903,
            "30": 13.992
          },
          "accuracy": {
            "0": 94.04761904761905,
            "10": 96.42857142857143,
            "20": 100.0,
            "30": 100.0
          }
        },
        "zg": {
          "time": {
            "0": 14.053,
            "10": 13.965,
            "20": 13.924,
            "30": 14.008
          },
          "accuracy": {
            "0": 94.04761904761905,
            "10": 96.42857142857143,
            "20": 100.0,
            "30": 100.0
          }
        },
        "observations_avg": 15.642857142857142
      },
      "100": {
        "exhaust": {
          "time": {
            "0": 5.838,
            "10": 6.056,
            "20": 6.055,
            "30": 6.119
          },
          "accuracy": {
            "0": 96.42857142857143,
            "10": 100.0,
            "20": 100.0,
            "30": 100.0
          }
        },
        "hm": {
          "time": {
            "0": 13.878,
            "10": 14.324,
            "20": 14.211,
            "30": 14.313
          },
          "accuracy": {
            "0": 96.42857142857143,
            "10": 100.0,
            "20": 100.0,
            "30": 100.0
          }
        },
        "rhw": {
          "time": {
            "0": 5.92,
            "10": 5.96,
            "20": 6.085,
            "30": 6.101
          },
          "accuracy": {
            "0": 96.42857142857143,
            "10": 100.0,
            "20": 100.0,
            "30": 100.0
          }
        },
        "zg": {
          "time": {
            "0": 6.049,
            "10": 6.111,
            "20": 6.11,
            "30": 6.062
          },
          "accuracy": {
            "0": 96.42857142857143,
            "10": 100.0,
            "20": 100.0,
            "30": 100.0
          }
        },
        "observations_avg": 21.714285714285715
      }
    },
    "landmarks_avg": {
      "exhaust": 20.895238095238266,
      "hm": 15.895238095238144,
      "rhw": 15.895238095238144,
      "zg": 15.895238095238144
    },
    "spread": {
      "10": {
        "exhaust": {
          "0": 1.2619047619047619,
          "10": 2.2261904761904763,
          "20": 3.5357142857142856,
          "30": 5.0476190476190474
        },
        "hm": {
          "0": 1.2738095238095237,
          "10": 1.9047619047619047,
          "20": 2.8095238095238093,
          "30": 4.0476190476190474
        },
        "rhw": {
          "0": 1.2738095238095237,
          "10": 1.9047619047619047,
          "20": 2.8095238095238093,
          "30": 4.0476190476190474
        },
        "zg": {
          "0": 1.2738095238095237,
          "10": 1.9047619047619047,
          "20": 2.8095238095238093,
          "30": 4.0476190476190474
        }
      },
      "30": {
        "exhaust": {
          "0": 1.2023809523809523,