{
  "miconic": {
    "problems": 364,
    "goals_avg": 6.0,
    "landmarks_avg": 40.285714285714285,
    "observations": {
      "10": {
        "exhaust": {
          "time": {
            "0": 23.141,
            "10": 23.135,
            "20": 23.033,
            "30": 23.006
          },
          "accuracy": {
            "0": 0.0,
            "10": 0.0,
            "20": 0.0,
            "30": 0.0
          }
        },
        "hm": {
          "time": {
            "0": 0.0,
            "10": 0.0,
            "20": 0.0,
            "30": 0.0
          },
          "accuracy": {
            "0": 0.0,
            "10": 0.0,
            "20": 0.0,
            "30": 0.0
          }
        },
        "rhw": {
          "time": {
            "0": 0.0,
            "10": 0.0,
            "20": 0.0,
            "30": 0.0
          },
          "accuracy": {
            "0": 0.0,
            "10": 0.0,
            "20": 0.0,
            "30": 0.0
          }
        },
        "zg": {
          "time": {
            "0": 0.0,
            "10": 0.0,
            "20": 0.0,
            "30": 0.0
          },
          "accuracy": {
            "0": 0.0,
            "10": 0.0,
            "20": 0.0,
            "30": 0.0
          }
        },
        "observations_avg": 3.9642857142857144
      },
      "30": {
        "exhaust": {
          "time": {
            "0": 20.745,
            "10": 20.729,
            "20": 20.644,
            "30": 20.64
          },
          "accuracy": {
            "0": 0.0,
            "10": 0.0,
            "20": 0.0,
            "30": 0.0
          }
        },
        "hm": {
          "time": {
            "0": 0.0,
            "10": 0.0,
            "20": 0.0,
            "30": 0.0
          },
          "accuracy": {
            "0": 0.0,
            "10": 0.0,
            "20": 0.0,
            "30": 0.0
          }
        },
        "rhw": {
          "time": {
            "0": 0.0,
            "10": 0.0,
            "20": 0.0,
            "30": 0.0
          },
          "accuracy": {
            "0": 0.0,
            "10": 0.0,
            "20": 0.0,
            "30": 0.0
          }
        },
        "zg": {
          "time": {
            "0": 0.0,
            "10": 0.0,
            "20": 0.0,
            "30": 0.0
          },
          "accuracy": {
            "0": 0.0,
            "10": 0.0,
            "20": 0.0,
            "30": 0.0
          }
        },
        "observations_avg": 11.142857142857142
      },
      "50": {
        "exhaust": {
          "time": {
            "0": 23.878,
            "10": 23.794,
            "20": 23.823,
            "30": 23.925
          },
          "accuracy": {
            "0": 0.0,
            "10": 0.0,
            "20": 0.0,
            "30": 0.0
          }
        },
        "hm": {
          "time": {
            "0": 0.0,
            "10": 0.0,
            "20": 0.0,
            "30": 0.0
          },
          "accuracy": {
            "0": 0.0,
            "10": 0.0,
            "20": 0.0,
            "30": 0.0
          }
        },
        "rhw": {
          "time": {
            "0": 0.0,
            "10": 0.0,
            "20": 0.0,
            "30": 0.0
          },
          "accuracy": {
            "0": 0.0,
            "10": 0.0,
            "20": 0.0,
            "30": 0.0
          }
        },
        "zg": {
          "time": {
            "0": 0.0,
            "10": 0.0,
            "20": 0.0,
            "30": 0.0
          },
          "accuracy": {
            "0": 0.0,
            "10": 0.0,
            "20": 0.0,
            "30": 0.0
          }
        },
        "observations_avg": 18.071428571428573
      },
      "70": {
        "exhaust": {
          "time": {
            "0": 23.906,
            "10": 23.859,
            "20": 23.703,
            "30": 23.826
          },
          "accuracy": {
            "0": 0.0,
            "10": 0.0,
            "20": 0.0,
            "30": 0.0
          }
        },
        "hm": {
          "time": {
            "0": 0.0,
            "10": 0.0,
            "20": 0.0,
            "30": 0.0
          },
          "accuracy": {
            "0": 0.0,
            "10": 0.0,
            "20": 0.0,
            "30": 0.0
          }
        },
        "rhw": {
          "time": {
            "0": 0.0,
            "10": 0.0,
            "20": 0.0,
            "30": 0.0
          },
          "accuracy": {
            "0": 0.0,
            "10": 0.0,
            "20": 0.0,
            "30": 0.0
          }
        },
        "zg": {
          "time": {
            "0": 0.0,
            "10": 0.0,
            "20": 0.0,
            "30": 0.0
          },
          "accuracy": {
            "0": 0.0,
            "10": 0.0,
            "20": 0.0,
            "30": 0.0
          }
        },
        "observations_avg": 25.321428571428573
      },
      "100": {
        "exhaust": {
          "time": {
            "0": 25.857,
            "10": 25.937,
            "20": 26.121,
            "30": 26.149
          },
          "accuracy": {
            "0": 0.0,
            "10": 0.0,
            "20": 0.0,
            "30": 0.0
          }
        },
        "hm": {
          "time": {
            "0": 0.0,
            "10": 0.0,
            "20": 0.0,
            "30": 0.0
          },
          "accuracy": {
            "0": 0.0,
            "10": 0.0,
            "20": 0.0,
            "30": 0.0
          }
        },
        "rhw": {
          "time": {
            "0": 0.0,
            "10": 0.0,
            "20": 0.0,
            "30": 0.0
          },
          "accuracy": {
            "0": 0.0,
            "10": 0.0,
            "20": 0.0,
            "30": 0.0
          }
        },
        "zg": {
          "time": {
            "0": 0.0,
            "10": 0.0,
            "20": 0.0,
            "30": 0.0
          },
          "accuracy": {
            "0": 0.0,
            "10": 0.0,
            "20": 0.0,
            "30": 0.0
          }
        },
        "observations_avg": 35.57142857142857
      }
    }
  }
}