{
  "miconic": {
    "problems": 364,
    "goals_avg": 6.0,
    "observations": {
      "10": {
        "exhaust": {
          "time": {
            "0": 5.319,
            "10": 5.315,
            "20": 5.315,
            "30": 5.295
          },
          "accuracy": {
            "0": 77.38095238095238,
            "10": 100.0,
            "20": 100.0,
            "30": 100.0
          }
        },
        "hm": {
          "time": {
            "0": 5.893,
            "10": 5.918,
            "20": 5.913,
            "30": 5.92
          },
          "accuracy": {
            "0": 75.0,
            "10": 97.61904761904762,
            "20": 100.0,
            "30": 100.0
          }
        },
        "rhw": {
          "time": {
            "0": 5.312,
            "10": 5.357,
            "20": 5.317,
            "30": 5.315
          },
          "accuracy": {
            "0": 77.38095238095238,
            "10": 100.0,
            "20": 100.0,
            "30": 100.0
          }
        },
        "zg": {
          "time": {
            "0": 5.318,
            "10": 5.243,
            "20": 5.241,
            "30": 5.3
          },
          "accuracy": {
            "0": 75.0,
            "10": 97.61904761904762,
            "20": 100.0,
            "30": 100.0
          }
        },
        "observations_avg": 3.9642857142857144
      },
      "30": {
        "exhaust": {
          "time": {
            "0": 5.036,
            "10": 5.055,
            "20": 5.083,
            "30": 5.051
          },
          "accuracy": {
            "0": 97.61904761904762,
            "10": 100.0,
            "20": 100.0,
            "30": 100.0
          }
        },
        "hm": {
          "time": {
            "0": 5.634,
            "10": 5.677,
            "20": 5.664,
            "30": 5.574
          },
          "accuracy": {
            "0": 97.61904761904762,
            "10": 100.0,
            "20": 100.0,
            "30": 100.0
          }
        },
        "rhw": {
          "time": {
            "0": 5.051,
            "10": 5.088,
            "20": 5.053,
            "30": 5.061
          },
          "accuracy": {
            "0": 97.61904761904762,
            "10": 100.0,
            "20": 100.0,
            "30": 100.0
          }
        },
        "zg": {
          "time": {
            "0": 5.077,
            "10": 4.966,
            "20": 5.039,
            "30": 5.022
          },
          "accuracy": {
            "0": 97.61904761904762,
            "10": 100.0,
            "20": 100.0,
            "30": 100.0
          }
        },
        "observations_avg": 11.142857142857142
      },
      "50": {
        "exhaust": {
          "time": {
            "0": 5.017,
            "10": 5.001,
            "20": 4.999,
            "30": 5.012
          },
          "accuracy": {
            "0": 100.0,
            "10": 100.0,
            "20": 100.0,
            "30": 100.0
          }
        },
        "hm": {
          "time": {
            "0": 5.542,
            "10": 5.611,
            "20": 5.602,
            "30": 5.567
          },
          "accuracy": {
            "0": 100.0,
            "10": 100.0,
            "20": 100.0,
            "30": 100.0
          }
        },
        "rhw": {
          "time": {
            "0": 5.075,
            "10": 5.053,
            "20": 4.996,
            "30": 4.995
          },
          "accuracy": {
            "0": 100.0,
            "10": 100.0,
            "20": 100.0,
            "30": 100.0
          }
        },
        "zg": {
          "time": {
            "0": 5.024,
            "10": 5.025,
            "20": 4.955,
            "30": 4.99
          },
          "accuracy": {
            "0": 100.0,
            "10": 100.0,
            "20": 100.0,
            "30": 100.0
          }
        },
        "observations_avg": 18.071428571428573
      },
      "70": {
        "exhaust": {
          "time": {
            "0": 5.192,
            "10": 5.296,
            "20": 5.283,
            "30": 5.271
          },
          "accuracy": {
            "0": 100.0,
            "10": 100.0,
            "20": 100.0,
            "30": 100.0
          }
        },
        "hm": {
          "time": {
            "0": 5.861,
            "10": 5.843,
            "20": 5.855,
            "30": 5.819
          },
          "accuracy": {
            "0": 100.0,
            "10": 100.0,
            "20": 100.0,
            "30": 100.0
          }
        },
        "rhw": {
          "time": {
            "0": 5.23,
            "10": 5.238,
            "20": 5.236,
            "30": 5.286
          },
          "accuracy": {
            "0": 100.0,
            "10": 100.0,
            "20": 100.0,
            "30": 100.0
          }
        },
        "zg": {
          "time": {
            "0": 5.243,
            "10": 5.268,
            "20": 5.227,
            "30": 5.227
          },
          "accuracy": {
            "0": 100.0,
            "10": 100.0,
            "20": 100.0,
            "30": 100.0
          }
        },
        "observations_avg": 25.321428571428573
      },
      "100": {
        "exhaust": {
          "time": {
            "0": 5.511,
            "10": 5.551,
            "20": 5.448,
            "30": 5.458
          },
          "accuracy": {
            "0": 100.0,
            "10": 100.0,
            "20": 100.0,
            "30": 100.0
          }
        },
        "hm": {
          "time": {
            "0": 5.968,
            "10": 5.976,
            "20": 6.146,
            "30": 5.985
          },
          "accuracy": {
            "0": 100.0,
            "10": 100.0,
            "20": 100.0,
            "30": 100.0
          }
        },
        "rhw": {
          "time": {
            "0": 5.453,
            "10": 5.582,
            "20": 5.413,
            "30": 5.366
          },
          "accuracy": {
            "0": 100.0,
            "10": 100.0,
            "20": 100.0,
            "30": 100.0
          }
        },
        "zg": {
          "time": {
            "0": 5.398,
            "10": 5.385,
            "20": 5.546,
            "30": 5.56
          },
          "accuracy": {
            "0": 100.0,
            "10": 100.0,
            "20": 100.0,
            "30": 100.0
          }
        },
        "observations_avg": 35.57142857142857
      }
    },
    "landmarks_avg": {
      "exhaust": 40.285714285714285,
      "hm": 26.000000000000025,
      "rhw": 40.285714285714285,
      "zg": 26.000000000000025
    },
    "spread": {
      "10": {
        "exhaust": {
          "0": 1.25,
          "10": 2.261904761904762,
          "20": 2.9404761904761907,
          "30": 3.6904761904761907
        },
        "hm": {
          "0": 1.25,
          "10": 2.0714285714285716,
          "20": 2.7976190476190474,
          "30": 3.7857142857142856
        },
        "rhw": {
          "0": 1.25,
          "10": 2.261904761904762,
          "20": 2.9404761904761907,
          "30": 3.6904761904761907
        },
        "zg": {
          "0": 1.25,
          "10": 2.0714285714285716,
          "20": 2.7976190476190474,
          "30": 3.7857142857142856
        }
      },
      "30": {
        "exhaust": {
          "0": 1.0833333333333333,
          "10": 1.6428571428571428,
          "20": 2.4523809523809526,
          "30": 3.4047619047619047
        },
        "hm": {
          "0": 1.0833333333333333,
          "10": 1.4047619047619047,
          "20": 2.2976190476190474,
          "30": 3.488095238095238
        },
        "rhw": {
          "0": 1.0833333333333333,
          "10": 1.6428571428571428,
          "20": 2.4523809523809526,
          "30": 3.4047619047619047
        },
        "zg": {
          "0": 1.0833333333333333,
          "10": 1.4047619047619047,
          "20": 2.2976190476190474,
          "30": 3.488095238095238
        }
      },
      "50": {
        "exhaust": {
          "0": 1.0357142857142858,