{
  "miconic": {
    "problems": 364,
    "goals_avg": 6.0,
    "observations": {
      "10": {
        "hoffmann": {
          "time": {
            "0": 36.051,
            "10": 36.026,
            "20": 35.989,
            "30": 35.923
          },
          "accuracy": {
            "0": 75.0,
            "10": 97.61904761904762,
            "20": 100.0,
            "30": 100.0
          }
        },
        "observations_avg": 3.9642857142857144
      },
      "30": {
        "hoffmann": {
          "time": {
            "0": 24.991,
            "10": 25.034,
            "20": 24.977,
            "30": 25.035
          },
          "accuracy": {
            "0": 97.61904761904762,
            "10": 100.0,
            "20": 100.0,
            "30": 100.0
          }
        },
        "observations_avg": 11.142857142857142
      },
      "50": {
        "hoffmann": {
          "time": {
            "0": 59.357,
            "10": 58.974,
            "20": 59.29,
            "30": 59.336
          },
          "accuracy": {
            "0": 100.0,
            "10": 100.0,
            "20": 100.0,
            "30": 100.0
          }
        },
        "observations_avg": 18.071428571428573
      },
      "70": {
        "hoffmann": {
          "time": {
            "0": 42.253,
            "10": 42.228,
            "20": 42.401,
            "30": 41.954
          },
          "accuracy": {
            "0": 100.0,
            "10": 100.0,
            "20": 100.0,
            "30": 100.0
          }
        },
        "observations_avg": 25.321428571428573
      },
      "100": {
        "hoffmann": {
          "time": {
            "0": 58.475,
            "10": 58.951,
            "20": 58.961,
            "30": 59.891
          },
          "accuracy": {
            "0": 100.0,
            "10": 100.0,
            "20": 100.0,
            "30": 100.0
          }
        },
        "observations_avg": 35.57142857142857
      }
    },
    "landmarks_avg": {
      "hoffmann": 26.000000000000025
    },
    "spread": {
      "10": {
        "hoffmann": {
          "0": 1.25,
          "10": 2.0952380952380953,
          "20": 2.9285714285714284,
          "30": 4.095238095238095
        }
      },
      "30": {
        "hoffmann": {
          "0": 1.0833333333333333,
          "10": 1.4880952380952381,
          "20": 2.380952380952381,
          "30": 3.6547619047619047
        }
      },
      "50": {
        "hoffmann": {
          "0": 1.0357142857142858,
          "10": 1.2738095238095237,
          "20": 1.9880952380952381,
          "30": 3.607142857142857
        }
      },
      "70": {
        "hoffmann": {
          "0": 1.0,
          "10": 1.0952380952380953,
          "20": 1.8214285714285714,
          "30": 3.4166666666666665
        }
      },
      "100": {
        "hoffmann": {
          "0": 1.0,
          "10": 1.0,
          "20": 1.75,
          "30": 3.25
        }
      }
    }
  }
}