{
  "miconic": {
    "problems": 364,
    "goals_avg": 6.0,
    "observations": {
      "10": {
        "exhaust": {
          "time": {
            "0": 5.227,
            "10": 5.288,
            "20": 5.296,
            "30": 5.284
          },
          "accuracy": {
            "0": 77.38095238095238,
            "10": 100.0,
            "20": 100.0,
            "30": 100.0
          }
        },
        "hm": {
          "time": {
            "0": 5.813,
            "10": 5.854,
            "20": 5.85,
            "30": 5.823
          },
          "accuracy": {
            "0": 75.0,
            "10": 97.61904761904762,
            "20": 100.0,
            "30": 100.0
          }
        },
        "rhw": {
          "time": {
            "0": 5.281,
            "10": 5.279,
            "20": 5.287,
            "30": 5.309
          },
          "accuracy": {
            "0": 77.38095238095238,
            "10": 100.0,
            "20": 100.0,
            "30": 100.0
          }
        },
        "zg": {
          "time": {
            "0": 5.254,
            "10": 5.271,
            "20": 5.283,
            "30": 5.237
          },
          "accuracy": {
            "0": 75.0,
            "10": 97.61904761904762,
            "20": 100.0,
            "30": 100.0
          }
        },
        "observations_avg": 3.9642857142857144
      },
      "30": {
        "exhaust": {
          "time": {
            "0": 5.034,
            "10": 4.991,
            "20": 5.019,
            "30": 5.034
          },
          "accuracy": {
            "0": 97.61904761904762,
            "10": 100.0,
            "20": 100.0,
            "30": 100.0
          }
        },
        "hm": {
          "time": {
            "0": 5.616,
            "10": 5.573,
            "20": 5.6,
            "30": 5.636
          },
          "accuracy": {
            "0": 97.61904761904762,
            "10": 100.0,
            "20": 100.0,
            "30": 100.0
          }
        },
        "rhw": {
          "time": {
            "0": 5.03,
            "10": 5.065,
            "20": 5.044,
            "30": 4.979
          },
          "accuracy": {
            "0": 97.61904761904762,
            "10": 100.0,
            "20": 100.0,
            "30": 100.0
          }
        },
        "zg": {
          "time": {
            "0": 5.028,
            "10": 5.012,
            "20": 4.992,
            "30": 4.968
          },
          "accuracy": {
            "0": 97.61904761904762,
            "10": 100.0,
            "20": 100.0,
            "30": 100.0
          }
        },
        "observations_avg": 11.142857142857142
      },
      "50": {
        "exhaust": {
          "time": {
            "0": 5.242,
            "10": 5.24,
            "20": 5.223,
            "30": 5.207
          },
          "accuracy": {
            "0": 100.0,
            "10": 100.0,
            "20": 100.0,
            "30": 100.0
          }
        },
        "hm": {
          "time": {
            "0": 5.841,
            "10": 5.837,
            "20": 5.89,
            "30": 5.826
          },
          "accuracy": {
            "0": 100.0,
            "10": 100.0,
            "20": 100.0,
            "30": 100.0
          }
        },
        "rhw": {
          "time": {
            "0": 5.261,
            "10": 5.214,
            "20": 5.251,
            "30": 5.214
          },
          "accuracy": {
            "0": 100.0,
            "10": 100.0,
            "20": 100.0,
            "30": 100.0
          }
        },
        "zg": {
          "time": {
            "0": 5.176,
            "10": 5.281,
            "20": 5.267,
            "30": 5.23
          },
          "accuracy": {
            "0": 100.0,
            "10": 100.0,
            "20": 100.0,
            "30": 100.0
          }
        },
        "observations_avg": 18.071428571428573
      },
      "70": {
        "exhaust": {
          "time": {
            "0": 5.234,
            "10": 5.283,
            "20": 5.247,
            "30": 5.275
          },
          "accuracy": {
            "0": 100.0,
            "10": 100.0,
            "20": 100.0,
            "30": 100.0
          }
        },
        "hm": {
          "time": {
            "0": 5.851,
            "10": 5.876,
            "20": 5.887,
            "30": 5.86
          },
          "accuracy": {
            "0": 100.0,
            "10": 100.0,
            "20": 100.0,
            "30": 100.0
          }
        },
        "rhw": {
          "time": {
            "0": 5.272,
            "10": 5.272,
            "20": 5.298,
            "30": 5.207
          },
          "accuracy": {
            "0": 100.0,
            "10": 100.0,
            "20": 100.0,
            "30": 100.0
          }
        },
        "zg": {
          "time": {
            "0": 5.245,
            "10": 5.234,
            "20": 5.205,
            "30": 5.222
          },
          "accuracy": {
            "0": 100.0,
            "10": 100.0,
            "20": 100.0,
            "30": 100.0
          }
        },
        "observations_avg": 25.321428571428573
      },
      "100": {
        "exhaust": {
          "time": {
            "0": 5.464,
            "10": 5.583,
            "20": 5.646,
            "30": 5.757
          },
          "accuracy": {
            "0": 100.0,
            "10": 100.0,
            "20": 100.0,
            "30": 100.0
          }
        },
        "hm": {
          "time": {
            "0": 6.217,
            "10": 6.336,
            "20": 6.314,
            "30": 6.252
          },
          "accuracy": {
            "0": 100.0,
            "10": 100.0,
            "20": 100.0,
            "30": 100.0
          }
        },
        "rhw": {
          "time": {
            "0": 5.521,
            "10": 5.618,
            "20": 5.756,
            "30": 5.649
          },
          "accuracy": {
            "0": 100.0,
            "10": 100.0,
            "20": 100.0,
            "30": 100.0
          }
        },
        "zg": {
          "time": {
            "0": 5.643,
            "10": 5.767,
            "20": 5.723,
            "30": 5.674
          },
          "accuracy": {
            "0": 100.0,
            "10": 100.0,
            "20": 100.0,
            "30": 100.0
          }
        },
        "observations_avg": 35.57142857142857
      }
    },
    "landmarks_avg": {
      "exhaust": 40.285714285714285,
      "hm": 26.000000000000025,
      "rhw": 40.285714285714285,
      "zg": 26.000000000000025
    }
  }
}