{
  "miconic": {
    "problems": 364,
    "goals_avg": 6.0,
    "observations": {
      "10": {
        "exhaust": {
          "time": {
            "0": 5.049,
            "10": 5.044,
            "20": 5.053,
            "30": 4.99
          },
          "accuracy": {
            "0": 77.38095238095238,
            "10": 100.0,
            "20": 100.0,
            "30": 100.0
          }
        },
        "hm": {
          "time": {
            "0": 5.556,
            "10": 5.632,
            "20": 5.619,
            "30": 5.585
          },
          "accuracy": {
            "0": 75.0,
            "10": 97.61904761904762,
            "20": 100.0,
            "30": 100.0
          }
        },
        "rhw": {
          "time": {
            "0": 5.042,
            "10": 5.017,
            "20": 5.009,
            "30": 5.069
          },
          "accuracy": {
            "0": 77.38095238095238,
            "10": 100.0,
            "20": 100.0,
            "30": 100.0
          }
        },
        "zg": {
          "time": {
            "0": 4.986,
            "10": 4.995,
            "20": 5.03,
            "30": 5.05
          },
          "accuracy": {
            "0": 75.0,
            "10": 97.61904761904762,
            "20": 100.0,
            "30": 100.0
          }
        },
        "observations_avg": 3.9642857142857144
      },
      "30": {
        "exhaust": {
          "time": {
            "0": 4.778,
            "10": 4.823,
            "20": 4.791,
            "30": 4.836
          },
          "accuracy": {
            "0": 97.61904761904762,
            "10": 100.0,
            "20": 100.0,
            "30": 100.0
          }
        },
        "hm": {
          "time": {
            "0": 5.391,
            "10": 5.364,
            "20": 5.37,
            "30": 5.336
          },
          "accuracy": {
            "0": 97.61904761904762,
            "10": 100.0,
            "20": 100.0,
            "30": 100.0
          }
        },
        "rhw": {
          "time": {
            "0": 4.873,
            "10": 4.785,
            "20": 4.844,
            "30": 4.826
          },
          "accuracy": {
            "0": 97.61904761904762,
            "10": 100.0,
            "20": 100.0,
            "30": 100.0
          }
        },
        "zg": {
          "time": {
            "0": 4.747,
            "10": 4.815,
            "20": 4.756,
            "30": 4.758
          },
          "accuracy": {
            "0": 97.61904761904762,
            "10": 100.0,
            "20": 100.0,
            "30": 100.0
          }
        },
        "observations_avg": 11.142857142857142
      },
      "50": {
        "exhaust": {
          "time": {
            "0": 5.087,
            "10": 4.962,
            "20": 4.965,
            "30": 4.961
          },
          "accuracy": {
            "0": 100.0,
            "10": 100.0,
            "20": 100.0,
            "30": 100.0
          }
        },
        "hm": {
          "time": {
            "0": 5.557,
            "10": 5.561,
            "20": 5.591,
            "30": 5.576
          },
          "accuracy": {
            "0": 100.0,
            "10": 100.0,
            "20": 100.0,
            "30": 100.0
          }
        },
        "rhw": {
          "time": {
            "0": 5.058,
            "10": 5.049,
            "20": 5.041,
            "30": 4.978
          },
          "accuracy": {
            "0": 100.0,
            "10": 100.0,
            "20": 100.0,
            "30": 100.0
          }
        },
        "zg": {
          "time": {
            "0": 5.011,
            "10": 5.017,
            "20": 4.979,
            "30": 5.005
          },
          "accuracy": {
            "0": 100.0,
            "10": 100.0,
            "20": 100.0,
            "30": 100.0
          }
        },
        "observations_avg": 18.071428571428573
      },
      "70": {
        "exhaust": {
          "time": {
            "0": 4.998,
            "10": 5.018,
            "20": 5.017,
            "30": 4.982
          },
          "accuracy": {
            "0": 100.0,
            "10": 100.0,
            "20": 100.0,
            "30": 100.0
          }
        },
        "hm": {
          "time": {
            "0": 5.598,
            "10": 5.604,
            "20": 5.593,
            "30": 5.602
          },
          "accuracy": {
            "0": 100.0,
            "10": 100.0,
            "20": 100.0,
            "30": 100.0
          }
        },
        "rhw": {
          "time": {
            "0": 5.053,
            "10": 5.013,
            "20": 5.08,
            "30": 5.059
          },
          "accuracy": {
            "0": 100.0,
            "10": 100.0,
            "20": 100.0,
            "30": 100.0
          }
        },
        "zg": {
          "time": {
            "0": 4.973,
            "10": 5.029,
            "20": 4.976,
            "30": 4.99
          },
          "accuracy": {
            "0": 100.0,
            "10": 100.0,
            "20": 100.0,
            "30": 100.0
          }
        },
        "observations_avg": 25.321428571428573
      },
      "100": {
        "exhaust": {
          "time": {
            "0": 5.199,
            "10": 5.272,
            "20": 5.324,
            "30": 5.44
          },
          "accuracy": {
            "0": 100.0,
            "10": 100.0,
            "20": 100.0,
            "30": 100.0
          }
        },
        "hm": {
          "time": {
            "0": 5.858,
            "10": 5.953,
            "20": 5.933,
            "30": 5.957
          },
          "accuracy": {
            "0": 100.0,
            "10": 100.0,
            "20": 100.0,
            "30": 100.0
          }
        },
        "rhw": {
          "time": {
            "0": 5.413,
            "10": 5.364,
            "20": 5.352,
            "30": 5.326
          },
          "accuracy": {
            "0": 100.0,
            "10": 100.0,
            "20": 100.0,
            "30": 100.0
          }
        },
        "zg": {
          "time": {
            "0": 5.251,
            "10": 5.367,
            "20": 5.252,
            "30": 5.312
          },
          "accuracy": {
            "0": 100.0,
            "10": 100.0,
            "20": 100.0,
            "30": 100.0
          }
        },
        "observations_avg": 35.57142857142857
      }
    },
    "landmarks_avg": {
      "exhaust": 40.285714285714285,
      "hm": 26.000000000000025,
      "rhw": 40.285714285714285,
      "zg": 26.000000000000025
    }
  }
}