{
  "miconic": {
    "problems": 364,
    "goals_avg": 6.0,
    "observations": {
      "10": {
        "exhaust": {
          "time": {
            "0": 6.458,
            "10": 6.449
          },
          "accuracy": {
            "0": 77.38095238095238,
            "10": 100.0
          }
        },
        "hm": {
          "time": {
            "0": 7.228,
            "10": 7.157
          },
          "accuracy": {
            "0": 75.0,
            "10": 97.61904761904762
          }
        },
        "rhw": {
          "time": {
            "0": 6.467,
            "10": 6.468
          },
          "accuracy": {
            "0": 77.38095238095238,
            "10": 100.0
          }
        },
        "zg": {
          "time": {
            "0": 6.44,
            "10": 6.475
          },
          "accuracy": {
            "0": 75.0,
            "10": 97.61904761904762
          }
        },
        "hoffmann": {
          "time": {
            "0": 14.334,
            "10": 14.15
          },
          "accuracy": {
            "0": 75.0,
            "10": 97.61904761904762
          }
        },
        "observations_avg": 3.9642857142857144
      },
      "30": {
        "exhaust": {
          "time": {
            "0": 5.848,
            "10": 5.841
          },
          "accuracy": {
            "0": 97.61904761904762,
            "10": 100.0
          }
        },
        "hm": {
          "time": {
            "0": 6.503,
            "10": 6.547
          },
          "accuracy": {
            "0": 97.61904761904762,
            "10": 100.0
          }
        },
        "rhw": {
          "time": {
            "0": 5.878,
            "10": 5.962
          },
          "accuracy": {
            "0": 97.61904761904762,
            "10": 100.0
          }
        },
        "zg": {
          "time": {
            "0": 5.812,
            "10": 5.925
          },
          "accuracy": {
            "0": 97.61904761904762,
            "10": 100.0
          }
        },
        "hoffmann": {
          "time": {
            "0": 12.796,
            "10": 12.945
          },
          "accuracy": {
            "0": 97.61904761904762,
            "10": 100.0
          }
        },
        "observations_avg": 11.142857142857142
      },
      "50": {
        "exhaust": {
          "time": {
            "0": 6.418,
            "10": 6.418
          },
          "accuracy": {
            "0": 100.0,
            "10": 100.0
          }
        },
        "hm": {
          "time": {
            "0": 7.113,
            "10": 7.123
          },
          "accuracy": {
            "0": 100.0,
            "10": 100.0
          }
        },
        "rhw": {
          "time": {
            "0": 6.375,
            "10": 6.471
          },
          "accuracy": {
            "0": 100.0,
            "10": 100.0
          }
        },
        "zg": {
          "time": {
            "0": 6.313,
            "10": 6.437
          },
          "accuracy": {
            "0": 100.0,
            "10": 100.0
          }
        },
        "hoffmann": {
          "time": {
            "0": 14.186,
            "10": 14.3
          },
          "accuracy": {
            "0": 100.0,
            "10": 100.0
          }
        },
        "observations_avg": 18.071428571428573
      },
      "70": {
        "exhaust": {
          "time": {
            "0": 6.532,
            "10": 6.482
          },
          "accuracy": {
            "0": 100.0,
            "10": 100.0
          }
        },
        "hm": {
          "time": {
            "0": 7.286,
            "10": 7.201
          },
          "accuracy": {
            "0": 100.0,
            "10": 100.0
          }
        },
        "rhw": {
          "time": {
            "0": 6.61,
            "10": 6.602
          },
          "accuracy": {
            "0": 100.0,
            "10": 100.0
          }
        },
        "zg": {
          "time": {
            "0": 6.437,
            "10": 6.564
          },
          "accuracy": {
            "0": 100.0,
            "10": 100.0
          }
        },
        "hoffmann": {
          "time": {
            "0": 14.448,
            "10": 14.435
          },
          "accuracy": {
            "0": 100.0,
            "10": 100.0
          }
        },
        "observations_avg": 25.321428571428573
      },
      "100": {
        "exhaust": {
          "time": {
            "0": 6.543,
            "10": 6.531
          },
          "accuracy": {
            "0": 100.0,
            "10": 100.0
          }
        },
        "hm": {
          "time": {
            "0": 7.462,
            "10": 7.347
          },
          "accuracy": {
            "0": 100.0,
            "10": 100.0
          }
        },
        "rhw": {
          "time": {
            "0": 6.705,
            "10": 6.671
          },
          "accuracy": {
            "0": 100.0,
            "10": 100.0
          }
        },
        "zg": {
          "time": {
            "0": 6.741,
            "10": 6.482
          },
          "accuracy": {
            "0": 100.0,
            "10": 100.0
          }
        },
        "hoffmann": {
          "time": {
            "0": 14.488,
            "10": 14.608
          },
          "accuracy": {
            "0": 100.0,
            "10": 100.0
          }
        },
        "observations_avg": 35.57142857142857
      }
    },
    "landmarks_avg": {
      "exhaust": 40.285714285714285,
      "hm": 25.99999999999999,
      "rhw": 40.285714285714285,
      "zg": 25.99999999999999,
      "hoffmann": 25.99999999999999
    },
    "spread": {
      "10": {
        "exhaust": {
          "0": 1.25,
          "10": 2.2738095238095237
        },
        "hm": {
          "0": 1.25,
          "10": 2.0952380952380953
        },
        "rhw": {
          "0": 1.25,
          "10": 2.2738095238095237
        },
        "zg": {
          "0": 1.25,
          "10": 2.0952380952380953
        },
        "hoffmann": {
          "0": 1.25,
          "10": 2.0952380952380953
        }
      },
      "30": {
        "exhaust": {
          "0": 1.0833333333333333,
          "10": 1.6547619047619047
        },
        "hm": {
          "0": 1.0833333333333333,
          "10": 1.4880952380952381
        },
        "rhw": {
          "0": 1.0833333333333333,
          "10": 1.6547619047619047
        },
        "zg": {
          "0": 1.0833333333333333,
          "10": 1.4880952380952381
        },
        "hoffmann": {
          "0": 1.0833333333333333,
          "10": 1.4880952380952381
        }
      },
      "50": {
        "exhaust": {
          "0": 1.0357142857142858,
          "10": 1.2857142857142858
        },
        "hm": {
          "0": 1.0357142857142858,
          "10": 1.2738095238095237
        },
        "rhw": {
          "0": 1.0357142857142858,
          "10": 1.2857142857142858
        },
        "zg": {
          "0": 1.0357142857142858,
          "10": 1.2738095238095237
        },
        "hoffmann": {
          "0": 1.0357142857142858,
          "10": 1.2738095238095237
        }
      },
      "70": {
        "exhaust": {
          "0": 1.0,
          "10": 1.1666666666666667
        },
        "hm": {
          "0": 1.0,
          "10": 1.0952380952380953
        },
        "rhw": {
          "0": 1.0,
          "10": 1.1666666666666667
        },
        "zg": {
          "0": 1.0,
          "10": 1.0952380952380953
        },
        "hoffmann": {
          "0": 1.0,
          "10": 1.0952380952380953
        }
      },
      "100": {
        "exhaust": {
          "0": 1.0,
          "10": 1.0
        },
        "hm": {
          "0": 1.0,
          "10": 1.0
        },
        "rhw": {
          "0": 1.0,
          "10": 1.0
        },
        "zg": {
          "0": 1.0,
          "10": 1.0
        },
        "hoffmann": {
          "0": 1.0,
          "10": 1.0
        }
      }
    }
  }
}