{
  "miconic": {
    "problems": 364,
    "goals_avg": 6.0,
    "observations": {
      "10": {
        "exhaust": {
          "time": {
            "0": 13.098,
            "10": 12.916,
            "20": 12.954,
            "30": 12.964
          },
          "accuracy": {
            "0": 77.38095238095238,
            "10": 100.0,
            "20": 100.0,
            "30": 100.0
          }
        },
        "hm": {
          "time": {
            "0": 14.452,
            "10": 14.421,
            "20": 14.436,
            "30": 14.486
          },
          "accuracy": {
            "0": 75.0,
            "10": 97.61904761904762,
            "20": 100.0,
            "30": 100.0
          }
        },
        "rhw": {
          "time": {
            "0": 13.038,
            "10": 13.025,
            "20": 13.07,
            "30": 13.061
          },
          "accuracy": {
            "0": 77.38095238095238,
            "10": 100.0,
            "20": 100.0,
            "30": 100.0
          }
        },
        "zg": {
          "time": {
            "0": 13.026,
            "10": 13.042,
            "20": 13.041,
            "30": 13.106
          },
          "accuracy": {
            "0": 75.0,
            "10": 97.61904761904762,
            "20": 100.0,
            "30": 100.0
          }
        },
        "observations_avg": 3.9642857142857144
      },
      "30": {
        "exhaust": {
          "time": {
            "0": 11.083,
            "10": 10.956,
            "20": 10.967,
            "30": 10.959
          },
          "accuracy": {
            "0": 97.61904761904762,
            "10": 100.0,
            "20": 100.0,
            "30": 100.0
          }
        },
        "hm": {
          "time": {
            "0": 12.153,
            "10": 12.172,
            "20": 12.058,
            "30": 12.114
          },
          "accuracy": {
            "0": 97.61904761904762,
            "10": 100.0,
            "20": 100.0,
            "30": 100.0
          }
        },
        "rhw": {
          "time": {
            "0": 11.007,
            "10": 11.126,
            "20": 11.029,
            "30": 11.073
          },
          "accuracy": {
            "0": 97.61904761904762,
            "10": 100.0,
            "20": 100.0,
            "30": 100.0
          }
        },
        "zg": {
          "time": {
            "0": 10.945,
            "10": 10.893,
            "20": 10.881,
            "30": 10.95
          },
          "accuracy": {
            "0": 97.61904761904762,
            "10": 100.0,
            "20": 100.0,
            "30": 100.0
          }
        },
        "observations_avg": 11.142857142857142
      },
      "50": {
        "exhaust": {
          "time": {
            "0": 14.113,
            "10": 14.5,
            "20": 14.378,
            "30": 14.455
          },
          "accuracy": {
            "0": 100.0,
            "10": 100.0,
            "20": 100.0,
            "30": 100.0
          }
        },
        "hm": {
          "time": {
            "0": 15.814,
            "10": 15.907,
            "20": 15.99,
            "30": 16.045
          },
          "accuracy": {
            "0": 100.0,
            "10": 100.0,
            "20": 100.0,
            "30": 100.0
          }
        },
        "rhw": {
          "time": {
            "0": 14.227,
            "10": 14.402,
            "20": 14.458,
            "30": 14.453
          },
          "accuracy": {
            "0": 100.0,
            "10": 100.0,
            "20": 100.0,
            "30": 100.0
          }
        },
        "zg": {
          "time": {
            "0": 14.216,
            "10": 14.433,
            "20": 14.217,
            "30": 14.364
          },
          "accuracy": {
            "0": 100.0,
            "10": 100.0,
            "20": 100.0,
            "30": 100.0
          }
        },
        "observations_avg": 18.071428571428573
      },
      "70": {
        "exhaust": {
          "time": {
            "0": 16.09,
            "10": 15.993,
            "20": 15.841,
            "30": 15.994
          },
          "accuracy": {
            "0": 100.0,
            "10": 100.0,
            "20": 100.0,
            "30": 100.0
          }
        },
        "hm": {
          "time": {
            "0": 17.781,
            "10": 17.773,
            "20": 17.797,
            "30": 17.878
          },
          "accuracy": {
            "0": 100.0,
            "10": 100.0,
            "20": 100.0,
            "30": 100.0
          }
        },
        "rhw": {
          "time": {
            "0": 16.088,
            "10": 16.063,
            "20": 16.068,
            "30": 15.961
          },
          "accuracy": {
            "0": 100.0,
            "10": 100.0,
            "20": 100.0,
            "30": 100.0
          }
        },
        "zg": {
          "time": {
            "0": 15.996,
            "10": 15.874,
            "20": 15.791,
            "30": 15.903
          },
          "accuracy": {
            "0": 100.0,
            "10": 100.0,
            "20": 100.0,
            "30": 100.0
          }
        },
        "observations_avg": 25.321428571428573
      },
      "100": {
        "exhaust": {
          "time": {
            "0": 6.022,
            "10": 6.087,
            "20": 6.08,
            "30": 6.168
          },
          "accuracy": {
            "0": 100.0,
            "10": 100.0,
            "20": 100.0,
            "30": 100.0
          }
        },
        "hm": {
          "time": {
            "0": 6.588,
            "10": 6.812,
            "20": 6.785,
            "30": 6.69
          },
          "accuracy": {
            "0": 100.0,
            "10": 100.0,
            "20": 100.0,
            "30": 100.0
          }
        },
        "rhw": {
          "time": {
            "0": 6.022,
            "10": 5.998,
            "20": 6.085,
            "30": 6.082
          },
          "accuracy": {
            "0": 100.0,
            "10": 100.0,
            "20": 100.0,
            "30": 100.0
          }
        },
        "zg": {
          "time": {
            "0": 6.025,
            "10": 6.031,
            "20": 5.906,
            "30": 6.04
          },
          "accuracy": {
            "0": 100.0,
            "10": 100.0,
            "20": 100.0,
            "30": 100.0
          }
        },
        "observations_avg": 35.57142857142857
      }
    },
    "landmarks_avg": {
      "exhaust": 40.285714285714285,
      "hm": 26.000000000000025,
      "rhw": 40.285714285714285,
      "zg": 26.000000000000025
    },
    "spread": {
      "10": {
        "exhaust": {
          "0": 1.25,
          "10": 2.2738095238095237,
          "20": 3.119047619047619,
          "30": 4.023809523809524
        },
        "hm": {
          "0": 1.25,
          "10": 2.0952380952380953,
          "20": 2.9285714285714284,
          "30": 4.095238095238095
        },
        "rhw": {
          "0": 1.25,
          "10": 2.2738095238095237,
          "20": 3.119047619047619,
          "30": 4.023809523809524
        },
        "zg": {
          "0": 1.25,
          "10": 2.0952380952380953,
          "20": 2.9285714285714284,
          "30": 4.095238095238095
        }
      },
      "30": {
        "exhaust": {
          "0": 1.0833333333333333,
          "10": 1.6547619047619047,
          "20": 2.5238095238095237,
          "30": 3.4761904761904763
        },
        "hm": {
          "0": 1.0833333333333333,
          "10": 1.4880952380952381,
          "20": 2.380952380952381,
          "30": 3.6547619047619047
        },
        "rhw": {
          "0": 1.0833333333333333,
          "10": 1.6547619047619047,
          "20": 2.5238095238095237,
          "30": 3.4761904761904763
        },
        "zg": {
          "0": 1.0833333333333333,
          "10": 1.4880952380952381,
          "20": 2.380952380952381,
          "30": 3.6547619047619047
        }
      },