{
  "miconic": {
    "problems": 364,
    "goals_avg": 6.0,
    "observations": {
      "10": {
        "exhaust": {
          "time": {
            "0": 5.041,
            "10": 4.994,
            "20": 5.066,
            "30": 5.018
          },
          "accuracy": {
            "0": 64.28571428571429,
            "10": 84.52380952380952,
            "20": 90.47619047619048,
            "30": 91.66666666666666
          }
        },
        "hm": {
          "time": {
            "0": 5.64,
            "10": 5.645,
            "20": 5.628,
            "30": 5.615
          },
          "accuracy": {
            "0": 60.71428571428571,
            "10": 79.76190476190477,
            "20": 90.47619047619048,
            "30": 90.47619047619048
          }
        },
        "rhw": {
          "time": {
            "0": 5.074,
            "10": 5.019,
            "20": 5.016,
            "30": 5.039
          },
          "accuracy": {
            "0": 64.28571428571429,
            "10": 84.52380952380952,
            "20": 90.47619047619048,
            "30": 91.66666666666666
          }
        },
        "zg": {
          "time": {
            "0": 4.982,
            "10": 5.103,
            "20": 5.036,
            "30": 5.044
          },
          "accuracy": {
            "0": 60.71428571428571,
            "10": 79.76190476190477,
            "20": 90.47619047619048,
            "30": 90.47619047619048
          }
        },
        "observations_avg": 3.9642857142857144
      },
      "30": {
        "exhaust": {
          "time": {
            "0": 4.863,
            "10": 4.829,
            "20": 4.843,
            "30": 4.785
          },
          "accuracy": {
            "0": 83.33333333333334,
            "10": 94.04761904761905,
            "20": 98.80952380952381,
            "30": 100.0
          }
        },
        "hm": {
          "time": {
            "0": 5.31,
            "10": 5.357,
            "20": 5.32,
            "30": 5.367
          },
          "accuracy": {
            "0": 85.71428571428571,
            "10": 94.04761904761905,
            "20": 98.80952380952381,
            "30": 100.0
          }
        },
        "rhw": {
          "time": {
            "0": 4.858,
            "10": 4.845,
            "20": 4.829,
            "30": 4.821
          },
          "accuracy": {
            "0": 83.33333333333334,
            "10": 94.04761904761905,
            "20": 98.80952380952381,
            "30": 100.0
          }
        },
        "zg": {
          "time": {
            "0": 4.813,
            "10": 4.792,
            "20": 4.854,
            "30": 4.83
          },
          "accuracy": {
            "0": 85.71428571428571,
            "10": 94.04761904761905,
            "20": 98.80952380952381,
            "30": 100.0
          }
        },
        "observations_avg": 11.142857142857142
      },
      "50": {
        "exhaust": {
          "time": {
            "0": 5.012,
            "10": 4.978,
            "20": 5.026,
            "30": 5.004
          },
          "accuracy": {
            "0": 94.04761904761905,
            "10": 98.80952380952381,
            "20": 100.0,
            "30": 100.0
          }
        },
        "hm": {
          "time": {
            "0": 5.604,
            "10": 5.593,
            "20": 5.566,
            "30": 5.592
          },
          "accuracy": {
            "0": 95.23809523809523,
            "10": 100.0,
            "20": 100.0,
            "30": 100.0
          }
        },
        "rhw": {
          "time": {
            "0": 5.046,
            "10": 4.996,
            "20": 4.964,
            "30": 5.012
          },
          "accuracy": {
            "0": 94.04761904761905,
            "10": 98.80952380952381,
            "20": 100.0,
            "30": 100.0
          }
        },
        "zg": {
          "time": {
            "0": 5.014,
            "10": 5.027,
            "20": 4.965,
            "30": 5.008
          },
          "accuracy": {
            "0": 95.23809523809523,
            "10": 100.0,
            "20": 100.0,
            "30": 100.0
          }
        },
        "observations_avg": 18.071428571428573
      },
      "70": {
        "exhaust": {
          "time": {
            "0": 5.026,
            "10": 5.028,
            "20": 5.065,
            "30": 5.019
          },
          "accuracy": {
            "0": 97.61904761904762,
            "10": 100.0,
            "20": 100.0,
            "30": 100.0
          }
        },
        "hm": {
          "time": {
            "0": 5.602,
            "10": 5.606,
            "20": 5.612,
            "30": 5.648
          },
          "accuracy": {
            "0": 98.80952380952381,
            "10": 100.0,
            "20": 100.0,
            "30": 100.0
          }
        },
        "rhw": {
          "time": {
            "0": 5.038,
            "10": 5.052,
            "20": 5.015,
            "30": 5.028
          },
          "accuracy": {
            "0": 97.61904761904762,
            "10": 100.0,
            "20": 100.0,
            "30": 100.0
          }
        },
        "zg": {
          "time": {
            "0": 4.993,
            "10": 4.988,
            "20": 5.037,
            "30": 5.064
          },
          "accuracy": {
            "0": 98.80952380952381,
            "10": 100.0,
            "20": 100.0,
            "30": 100.0
          }
        },
        "observations_avg": 25.321428571428573
      },
      "100": {
        "exhaust": {
          "time": {
            "0": 5.342,
            "10": 5.271,
            "20": 5.34,
            "30": 5.31
          },
          "accuracy": {
            "0": 100.0,
            "10": 100.0,
            "20": 100.0,
            "30": 100.0
          }
        },
        "hm": {
          "time": {
            "0": 6.056,
            "10": 5.949,
            "20": 6.042,
            "30": 5.951
          },
          "accuracy": {
            "0": 100.0,
            "10": 100.0,
            "20": 100.0,
            "30": 100.0
          }
        },
        "rhw": {
          "time": {
            "0": 5.353,
            "10": 5.367,
            "20": 5.294,
            "30": 5.505
          },
          "accuracy": {
            "0": 100.0,
            "10": 100.0,
            "20": 100.0,
            "30": 100.0
          }
        },
        "zg": {
          "time": {
            "0": 5.477,
            "10": 5.343,
            "20": 5.316,
            "30": 5.323
          },
          "accuracy": {
            "0": 100.0,
            "10": 100.0,
            "20": 100.0,
            "30": 100.0
          }
        },
        "observations_avg": 35.57142857142857
      }
    },
    "landmarks_avg": {
      "exhaust": 40.285714285714285,
      "hm": 26.000000000000025,
      "rhw": 40.285714285714285,
      "zg": 26.000000000000025
    },
    "spread": {
      "10": {
        "exhaust": {
          "0": 1.0595238095238095,
          "10": 1.6428571428571428,
          "20": 2.0714285714285716,
          "30": 2.5952380952380953
        },
        "hm": {
          "0": 1.0595238095238095,
          "10": 1.4761904761904763,
          "20": 1.9880952380952381,
          "30": 2.369047619047619
        },
        "rhw": {
          "0": 1.0595238095238095,
          "10": 1.6428571428571428,
          "20": 2.0714285714285716,
          "30": 2.5952380952380953
        },
        "zg": {
          "0": 1.0595238095238095,
          "10": 1.4761904761904763,
          "20": 1.9880952380952381,
          "30": 2.369047619047619
        }
      },
      "30": {
        "exhaust": {
          "0": 1.0357142857142858,
          "10": 1.4523809523809523,
          "20": 1.8095238095238095,
          "30": 2.4047619047619047
        },
        "hm": {
          "0": 1.0357142857142858,
          "10": 1.3095238095238095,
          "20": 1.7619047619047619,
          "30": 2.369047619047619
        },