{
  "miconic": {
    "problems": 364,
    "goals_avg": 6.0,
    "observations": {
      "10": {
        "exhaust": {
          "time": {
            "0": 6.43,
            "10": 6.47
          },
          "accuracy": {
            "0": 77.38095238095238,
            "10": 100.0
          },
          "prob_accuracy": {
            "0": 100.0,
            "10": 100.0
          }
        },
        "hm": {
          "time": {
            "0": 7.265,
            "10": 7.155
          },
          "accuracy": {
            "0": 75.0,
            "10": 97.61904761904762
          },
          "prob_accuracy": {
            "0": 100.0,
            "10": 100.0
          }
        },
        "rhw": {
          "time": {
            "0": 6.448,
            "10": 6.567
          },
          "accuracy": {
            "0": 77.38095238095238,
            "10": 100.0
          },
          "prob_accuracy": {
            "0": 100.0,
            "10": 100.0
          }
        },
        "zg": {
          "time": {
            "0": 6.417,
            "10": 6.473
          },
          "accuracy": {
            "0": 75.0,
            "10": 97.61904761904762
          },
          "prob_accuracy": {
            "0": 100.0,
            "10": 100.0
          }
        },
        "hoffmann": {
          "time": {
            "0": 47.637,
            "10": 47.71
          },
          "accuracy": {
            "0": 75.0,
            "10": 97.61904761904762
          },
          "prob_accuracy": {
            "0": 100.0,
            "10": 100.0
          }
        },
        "observations_avg": 3.9642857142857144
      },
      "30": {
        "exhaust": {
          "time": {
            "0": 6.508,
            "10": 6.425
          },
          "accuracy": {
            "0": 97.61904761904762,
            "10": 100.0
          },
          "prob_accuracy": {
            "0": 100.0,
            "10": 100.0
          }
        },
        "hm": {
          "time": {
            "0": 7.218,
            "10": 7.137
          },
          "accuracy": {
            "0": 97.61904761904762,
            "10": 100.0
          },
          "prob_accuracy": {
            "0": 100.0,
            "10": 100.0
          }
        },
        "rhw": {
          "time": {
            "0": 6.565,
            "10": 6.504
          },
          "accuracy": {
            "0": 97.61904761904762,
            "10": 100.0
          },
          "prob_accuracy": {
            "0": 100.0,
            "10": 100.0
          }
        },
        "zg": {
          "time": {
            "0": 6.523,
            "10": 6.377
          },
          "accuracy": {
            "0": 97.61904761904762,
            "10": 100.0
          },
          "prob_accuracy": {
            "0": 100.0,
            "10": 100.0
          }
        },
        "hoffmann": {
          "time": {
            "0": 47.313,
            "10": 47.429
          },
          "accuracy": {
            "0": 97.61904761904762,
            "10": 100.0
          },
          "prob_accuracy": {
            "0": 100.0,
            "10": 100.0
          }
        },
        "observations_avg": 11.142857142857142
      },
      "50": {
        "exhaust": {
          "time": {
            "0": 6.279,
            "10": 6.294
          },
          "accuracy": {
            "0": 100.0,
            "10": 100.0
          },
          "prob_accuracy": {
            "0": 100.0,
            "10": 100.0
          }
        },
        "hm": {
          "time": {
            "0": 6.89,
            "10": 6.889
          },
          "accuracy": {
            "0": 100.0,
            "10": 100.0
          },
          "prob_accuracy": {
            "0": 100.0,
            "10": 100.0
          }
        },
        "rhw": {
          "time": {
            "0": 6.367,
            "10": 6.267
          },
          "accuracy": {
            "0": 100.0,
            "10": 100.0
          },
          "prob_accuracy": {
            "0": 100.0,
            "10": 100.0
          }
        },
        "zg": {
          "time": {
            "0": 6.254,
            "10": 6.374
          },
          "accuracy": {
            "0": 100.0,
            "10": 100.0
          },
          "prob_accuracy": {
            "0": 100.0,
            "10": 100.0
          }
        },
        "hoffmann": {
          "time": {
            "0": 46.652,
            "10": 46.665
          },
          "accuracy": {
            "0": 100.0,
            "10": 100.0
          },
          "prob_accuracy": {
            "0": 100.0,
            "10": 100.0
          }
        },
        "observations_avg": 18.071428571428573
      },
      "70": {
        "exhaust": {
          "time": {
            "0": 6.583,
            "10": 6.629
          },
          "accuracy": {
            "0": 100.0,
            "10": 100.0
          },
          "prob_accuracy": {
            "0": 100.0,
            "10": 100.0
          }
        },
        "hm": {
          "time": {
            "0": 7.377,
            "10": 7.33
          },
          "accuracy": {
            "0": 100.0,
            "10": 100.0
          },
          "prob_accuracy": {
            "0": 100.0,
            "10": 100.0
          }
        },
        "rhw": {
          "time": {
            "0": 6.671,
            "10": 6.513
          },
          "accuracy": {
            "0": 100.0,
            "10": 100.0
          },
          "prob_accuracy": {
            "0": 100.0,
            "10": 100.0
          }
        },
        "zg": {
          "time": {
            "0": 6.629,
            "10": 6.602
          },
          "accuracy": {
            "0": 100.0,
            "10": 100.0
          },
          "prob_accuracy": {
            "0": 100.0,
            "10": 100.0
          }
        },
        "hoffmann": {
          "time": {
            "0": 48.045,
            "10": 47.968
          },
          "accuracy": {
            "0": 100.0,
            "10": 100.0
          },
          "prob_accuracy": {
            "0": 100.0,
            "10": 100.0
          }
        },
        "observations_avg": 25.321428571428573
      },
      "100": {
        "exhaust": {
          "time": {
            "0": 6.468,
            "10": 6.514
          },
          "accuracy": {
            "0": 100.0,
            "10": 100.0
          },
          "prob_accuracy": {
            "0": 100.0,
            "10": 100.0
          }
        },
        "hm": {
          "time": {
            "0": 7.218,
            "10": 7.24
          },
          "accuracy": {
            "0": 100.0,
            "10": 100.0
          },
          "prob_accuracy": {
            "0": 100.0,
            "10": 100.0
          }
        },
        "rhw": {
          "time": {
            "0": 6.485,
            "10": 6.397
          },
          "accuracy": {
            "0": 100.0,
            "10": 100.0
          },
          "prob_accuracy": {
            "0": 100.0,
            "10": 100.0
          }
        },
        "zg": {
          "time": {
            "0": 6.516,
            "10": 6.392
          },
          "accuracy": {
            "0": 100.0,
            "10": 100.0
          },
          "prob_accuracy": {
            "0": 100.0,
            "10": 100.0
          }
        },
        "hoffmann": {
          "time": {
            "0": 47.478,
            "10": 47.318
          },
          "accuracy": {
            "0": 100.0,
            "10": 100.0
          },
          "prob_accuracy": {
            "0": 100.0,
            "10": 100.0
          }
        },
        "observations_avg": 35.57142857142857
      }
    },
    "landmarks_avg": {
      "exhaust": 40.28571428571428,
      "hm": 26.0,
      "rhw": 40.28571428571428,
      "zg": 26.0,
      "hoffmann": 26.0
    },
    "spread": {
      "10": {
        "exhaust": {
          "0": 1.25,
          "10": 2.2738095238095237
        },
        "hm": {
          "0": 1.25,