{
  "all": {
    "problems": 6313,
    "goals_avg": 8.290623349730051,
    "observations": {
      "10": {
        "observations_avg": 2.72650080086235,
        "exhaust": {
          "time": {
            "0": 4.689933333333334,
            "10": 4.6866666666666665,
            "20": 4.691466666666666,
            "30": 4.686133333333334
          },
          "accuracy": {
            "0": 68.52331610150836,
            "10": 88.80159868825578,
            "20": 93.71109744710891,
            "30": 96.42665846826536
          }
        },
        "hm": {
          "time": {
            "0": 15.67066666666667,
            "10": 15.643733333333335,
            "20": 15.640266666666667,
            "30": 15.64386666666667
          },
          "accuracy": {
            "0": 69.70009033423668,
            "10": 83.00950407263176,
            "20": 89.02043527438076,
            "30": 92.45035792094615
          }
        },
        "rhw": {
          "time": {
            "0": 4.640466666666667,
            "10": 4.6414,
            "20": 4.635199999999999,
            "30": 4.642533333333333
          },
          "accuracy": {
            "0": 69.3350944713929,
            "10": 80.91586011098207,
            "20": 88.08052651955092,
            "30": 91.19405160438158
          }
        },
        "zg": {
          "time": {
            "0": 4.655600000000001,
            "10": 4.6596,
            "20": 4.654,
            "30": 4.647866666666667
          },
          "accuracy": {
            "0": 69.40198735320686,
            "10": 81.59254704591862,
            "20": 88.59650960655266,
            "30": 91.57153484700113
          }
        }
      },
      "30": {
        "observations_avg": 7.304340977583446,
        "exhaust": {
          "time": {
            "0": 4.476333333333333,
            "10": 4.480933333333334,
            "20": 4.480999999999999,
            "30": 4.475466666666666
          },
          "accuracy": {
            "0": 87.80465790652303,
            "10": 96.88169251440412,
            "20": 99.39206576939719,
            "30": 99.62340491752256
          }
        },
        "hm": {
          "time": {
            "0": 14.824333333333334,
            "10": 14.832400000000002,
            "20": 14.8426,
            "30": 14.82933333333333
          },
          "accuracy": {
            "0": 83.82216301154608,
            "10": 92.70900989121937,
            "20": 96.08476995134097,
            "30": 98.05352493300843
          }
        },
        "rhw": {
          "time": {
            "0": 4.4383333333333335,
            "10": 4.437066666666667,
            "20": 4.4338,
            "30": 4.430866666666666
          },
          "accuracy": {
            "0": 83.01283657094274,
            "10": 90.87138378386585,
            "20": 94.07296577167452,
            "30": 95.68653260762298
          }
        },
        "zg": {
          "time": {
            "0": 4.436533333333333,
            "10": 4.4426,
            "20": 4.434733333333333,
            "30": 4.435733333333332
          },
          "accuracy": {
            "0": 84.11639452528979,
            "10": 92.38767810647295,
            "20": 95.50017839113964,
            "30": 97.28503867671729
          }
        }
      },
      "50": {
        "observations_avg": 11.644876834202519,
        "exhaust": {
          "time": {
            "0": 5.319333333333334,
            "10": 5.306466666666667,
            "20": 5.298133333333334,
            "30": 5.3124
          },
          "accuracy": {
            "0": 90.79173783334473,
            "10": 97.29398100703696,
            "20": 98.53594771241829,
            "30": 98.57952069716775
          }
        },
        "hm": {
          "time": {
            "0": 18.23506666666667,
            "10": 18.228733333333334,
            "20": 18.23046666666666,
            "30": 18.250933333333332
          },
          "accuracy": {
            "0": 89.91406101736086,
            "10": 95.61213970683123,
            "20": 97.79280058907031,
            "30": 98.62520401114375
          }
        },
        "rhw": {
          "time": {
            "0": 5.270200000000001,
            "10": 5.2572,
            "20": 5.252866666666665,
            "30": 5.244599999999999
          },
          "accuracy": {
            "0": 87.10798357283291,
            "10": 92.77702625765752,
            "20": 94.40213158434105,
            "30": 95.18420593169517
          }
        },
        "zg": {
          "time": {
            "0": 5.269333333333334,
            "10": 5.2842,
            "20": 5.2721333333333344,
            "30": 5.267333333333335
          },
          "accuracy": {
            "0": 89.78243112963342,
            "10": 95.26564338472514,
            "20": 97.60697015933744,
            "30": 97.99028337622312
          }
        }
      },
      "70": {
        "observations_avg": 16.387907965354167,
        "exhaust": {
          "time": {
            "0": 4.930933333333334,
            "10": 4.940533333333334,
            "20": 4.920799999999999,
            "30": 4.936933333333332
          },
          "accuracy": {
            "0": 96.1898005814792,
            "10": 98.29785247432307,
            "20": 98.57952069716775,
            "30": 98.66666666666667
          }
        },
        "hm": {
          "time": {
            "0": 16.465600000000002,
            "10": 16.470133333333333,
            "20": 16.463266666666666,
            "30": 16.464333333333332
          },
          "accuracy": {
            "0": 96.30836616489414,
            "10": 99.10663994595129,
            "20": 99.76190476190476,
            "30": 99.92063492063492
          }
        },
        "rhw": {
          "time": {
            "0": 4.884733333333333,
            "10": 4.899333333333333,
            "20": 4.9047333333333345,
            "30": 4.886466666666666
          },
          "accuracy": {
            "0": 92.79729452756713,
            "10": 94.8522465896928,
            "20": 95.84531590413943,
            "30": 96.20634920634919
          }
        },
        "zg": {
          "time": {
            "0": 4.893200000000001,
            "10": 4.903066666666666,
            "20": 4.894599999999999,
            "30": 4.885866666666667
          },
          "accuracy": {
            "0": 96.23287255281518,
            "10": 98.6033491987581,
            "20": 99.68253968253968,
            "30": 99.84126984126985
          }
        }
      },
      "100": {
        "observations_avg": 22.545282331511842,
        "exhaust": {
          "time": {
            "0": 5.5519333333333325,
            "10": 5.5674,
            "20": 5.5944666666666665,
            "30": 5.586533333333334
          },
          "accuracy": {
            "0": 96.98594847775175,
            "10": 97.33333333333333,
            "20": 97.33333333333333,
            "30": 97.33333333333333
          }
        },
        "hm": {
          "time": {
            "0": 18.697066666666668,
            "10": 18.820133333333334,
            "20": 18.845333333333333,
            "30": 18.877266666666667
          },
          "accuracy": {
            "0": 99.68944099378882,
            "10": 100.0,
            "20": 100.0,
            "30": 100.0
          }
        },
        "rhw": {
          "time": {
            "0": 5.5330666666666675,
            "10": 5.511933333333334,
            "20": 5.541200000000001,
            "30": 5.5309333333333335
          },
          "accuracy": {
            "0": 96.34023464458247,
            "10": 96.8888888888889,
            "20": 96.8888888888889,
            "30": 96.8888888888889
          }
        },
        "zg": {
          "time": {
            "0": 5.528066666666667,
            "10": 5.555666666666666,
            "20": 5.537466666666668,
            "30": 5.5496
          },
          "accuracy": {
            "0": 99.68944099378882,
            "10": 100.0,
            "20": 100.0,