{
  "blocks_world_noisy": {
    "problems": 144,
    "goals_avg": 20.333333333333332,
    "observations": {
      "25": {
        "exhaust": {
          "time": {
            "0": 7.06,
            "10": 7.043,
            "20": 7.048,
            "30": 7.036
          },
          "accuracy": {
            "0": 19.444444444444446,
            "10": 44.44444444444444,
            "20": 83.33333333333334,
            "30": 100.0
          }
        },
        "hm": {
          "time": {
            "0": 9.444,
            "10": 9.453,
            "20": 9.448,
            "30": 9.452
          },
          "accuracy": {
            "0": 13.88888888888889,
            "10": 33.33333333333333,
            "20": 52.77777777777778,
            "30": 63.888888888888886
          }
        },
        "rhw": {
          "time": {
            "0": 7.0,
            "10": 7.007,
            "20": 6.988,
            "30": 6.997
          },
          "accuracy": {
            "0": 16.666666666666664,
            "10": 25.0,
            "20": 38.88888888888889,
            "30": 61.111111111111114
          }
        },
        "zg": {
          "time": {
            "0": 6.992,
            "10": 7.01,
            "20": 7.009,
            "30": 7.007
          },
          "accuracy": {
            "0": 13.88888888888889,
            "10": 36.11111111111111,
            "20": 47.22222222222222,
            "30": 55.55555555555556
          }
        },
        "observations_avg": 2.4166666666666665
      },
      "50": {
        "exhaust": {
          "time": {
            "0": 8.381,
            "10": 8.35,
            "20": 8.361,
            "30": 8.344
          },
          "accuracy": {
            "0": 19.444444444444446,
            "10": 69.44444444444444,
            "20": 97.22222222222221,
            "30": 100.0
          }
        },
        "hm": {
          "time": {
            "0": 11.235,
            "10": 11.19,
            "20": 11.168,
            "30": 11.131
          },
          "accuracy": {
            "0": 25.0,
            "10": 52.77777777777778,
            "20": 72.22222222222221,
            "30": 88.88888888888889
          }
        },
        "rhw": {
          "time": {
            "0": 8.268,
            "10": 8.32,
            "20": 8.297,
            "30": 8.274
          },
          "accuracy": {
            "0": 33.33333333333333,
            "10": 58.333333333333336,
            "20": 72.22222222222221,
            "30": 88.88888888888889
          }
        },
        "zg": {
          "time": {
            "0": 8.287,
            "10": 8.301,
            "20": 8.299,
            "30": 8.29
          },
          "accuracy": {
            "0": 19.444444444444446,
            "10": 55.55555555555556,
            "20": 75.0,
            "30": 88.88888888888889
          }
        },
        "observations_avg": 4.416666666666667
      },
      "75": {
        "exhaust": {
          "time": {
            "0": 7.176,
            "10": 7.164,
            "20": 7.176,
            "30": 7.174
          },
          "accuracy": {
            "0": 61.111111111111114,
            "10": 97.22222222222221,
            "20": 100.0,
            "30": 100.0
          }
        },
        "hm": {
          "time": {
            "0": 9.64,
            "10": 9.627,
            "20": 9.626,
            "30": 9.625
          },
          "accuracy": {
            "0": 58.333333333333336,
            "10": 88.88888888888889,
            "20": 97.22222222222221,
            "30": 97.22222222222221
          }
        },
        "rhw": {
          "time": {
            "0": 7.118,
            "10": 7.115,
            "20": 7.122,
            "30": 7.13
          },
          "accuracy": {
            "0": 55.55555555555556,
            "10": 86.11111111111111,
            "20": 97.22222222222221,
            "30": 97.22222222222221
          }
        },
        "zg": {
          "time": {
            "0": 7.127,
            "10": 7.141,
            "20": 7.133,
            "30": 7.121
          },
          "accuracy": {
            "0": 58.333333333333336,
            "10": 88.88888888888889,
            "20": 97.22222222222221,
            "30": 97.22222222222221
          }
        },
        "observations_avg": 6.833333333333333
      },
      "100": {
        "exhaust": {
          "time": {
            "0": 9.508,
            "10": 9.45,
            "20": 9.557,
            "30": 9.463
          },
          "accuracy": {
            "0": 86.11111111111111,
            "10": 100.0,
            "20": 100.0,
            "30": 100.0
          }
        },
        "hm": {
          "time": {
            "0": 12.659,
            "10": 12.644,
            "20": 12.686,
            "30": 12.692
          },
          "accuracy": {
            "0": 86.11111111111111,
            "10": 100.0,
            "20": 100.0,
            "30": 100.0
          }
        },
        "rhw": {
          "time": {
            "0": 9.457,
            "10": 9.413,
            "20": 9.4,
            "30": 9.452
          },
          "accuracy": {
            "0": 83.33333333333334,
            "10": 100.0,
            "20": 100.0,
            "30": 100.0
          }
        },
        "zg": {
          "time": {
            "0": 9.452,
            "10": 9.388,
            "20": 9.453,
            "30": 9.458
          },
          "accuracy": {
            "0": 86.11111111111111,
            "10": 97.22222222222221,
            "20": 100.0,
            "30": 100.0
          }
        },
        "observations_avg": 8.833333333333334
      }
    },
    "landmarks_avg": {
      "exhaust": 30.13571428571418,
      "hm": 16.92857142857146,
      "rhw": 17.48730158730154,
      "zg": 16.241269841269897
    },
    "spread": {
      "25": {
        "exhaust": {
          "0": 1.3055555555555556,
          "10": 4.25,
          "20": 10.166666666666666,
          "30": 14.527777777777779
        },
        "hm": {
          "0": 1.1944444444444444,
          "10": 2.6666666666666665,
          "20": 4.888888888888889,
          "30": 7.777777777777778
        },
        "rhw": {
          "0": 1.0833333333333333,
          "10": 1.8055555555555556,
          "20": 3.861111111111111,
          "30": 6.888888888888889
        },
        "zg": {
          "0": 1.1666666666666667,
          "10": 2.111111111111111,
          "20": 4.361111111111111,
          "30": 6.722222222222222
        }
      },
      "50": {
        "exhaust": {
          "0": 1.0833333333333333,
          "10": 5.166666666666667,
          "20": 12.36111111111111,
          "30": 16.72222222222222
        },
        "hm": {
          "0": 1.0833333333333333,
          "10": 2.9166666666666665,
          "20": 6.027777777777778,
          "30": 9.583333333333334
        },
        "rhw": {
          "0": 1.1388888888888888,
          "10": 2.638888888888889,
          "20": 5.944444444444445,
          "30": 9.194444444444445
        },
        "zg": {
          "0": 1.0555555555555556,
          "10": 2.75,
          "20": 5.5,
          "30": 8.916666666666666
        }
      },
      "75": {
        "exhaust": {
          "0": 1.1388888888888888,
          "10": 4.166666666666667,
          "20": 10.083333333333334,
          "30": 15.63888888888889
        },
        "hm": {
          "0": 1.0833333333333333,
          "10": 2.611111111111111,
          "20": 4.5,
          "30": 8.027777777777779
        },
        "rhw": {
          "0": 1.1111111111111112,
          "10": 2.5833333333333335,
          "20": 4.472222222222222,
          "30": 7.555555555555555
        },
        "zg": {
          "0": 1.1111111111111112,
          "10": 2.4444444444444446,
          "20": 4.333333333333333,
          "30": 7.305555555555555
        }
      },
      "100": {
        "exhaust": {
          "0": 1.1388888888888888,
          "10": 3.9722222222222223,
          "20": 10.027777777777779,