{
  "blocks_world_noisy": {
    "problems": 144,
    "goals_avg": 20.333333333333332,
    "observations": {
      "25": {
        "exhaust": {
          "time": {
            "0": 9.242,
            "10": 9.206,
            "20": 9.18,
            "30": 9.216
          },
          "accuracy": {
            "0": 16.666666666666664,
            "10": 16.666666666666664,
            "20": 19.444444444444446,
            "30": 22.22222222222222
          }
        },
        "hm": {
          "time": {
            "0": 12.134,
            "10": 12.133,
            "20": 12.188,
            "30": 12.116
          },
          "accuracy": {
            "0": 16.666666666666664,
            "10": 19.444444444444446,
            "20": 19.444444444444446,
            "30": 22.22222222222222
          }
        },
        "rhw": {
          "time": {
            "0": 9.103,
            "10": 9.146,
            "20": 9.117,
            "30": 9.082
          },
          "accuracy": {
            "0": 13.88888888888889,
            "10": 16.666666666666664,
            "20": 16.666666666666664,
            "30": 25.0
          }
        },
        "zg": {
          "time": {
            "0": 9.165,
            "10": 9.153,
            "20": 9.131,
            "30": 9.137
          },
          "accuracy": {
            "0": 16.666666666666664,
            "10": 16.666666666666664,
            "20": 19.444444444444446,
            "30": 25.0
          }
        },
        "observations_avg": 2.4166666666666665
      },
      "50": {
        "exhaust": {
          "time": {
            "0": 9.533,
            "10": 9.5,
            "20": 9.475,
            "30": 9.513
          },
          "accuracy": {
            "0": 22.22222222222222,
            "10": 33.33333333333333,
            "20": 36.11111111111111,
            "30": 44.44444444444444
          }
        },
        "hm": {
          "time": {
            "0": 12.455,
            "10": 12.47,
            "20": 12.451,
            "30": 12.417
          },
          "accuracy": {
            "0": 19.444444444444446,
            "10": 33.33333333333333,
            "20": 38.88888888888889,
            "30": 47.22222222222222
          }
        },
        "rhw": {
          "time": {
            "0": 9.425,
            "10": 9.387,
            "20": 9.387,
            "30": 9.384
          },
          "accuracy": {
            "0": 16.666666666666664,
            "10": 30.555555555555557,
            "20": 36.11111111111111,
            "30": 44.44444444444444
          }
        },
        "zg": {
          "time": {
            "0": 9.358,
            "10": 9.421,
            "20": 9.411,
            "30": 9.433
          },
          "accuracy": {
            "0": 19.444444444444446,
            "10": 30.555555555555557,
            "20": 36.11111111111111,
            "30": 44.44444444444444
          }
        },
        "observations_avg": 4.416666666666667
      },
      "75": {
        "exhaust": {
          "time": {
            "0": 9.512,
            "10": 9.498,
            "20": 9.48,
            "30": 9.497
          },
          "accuracy": {
            "0": 38.88888888888889,
            "10": 47.22222222222222,
            "20": 55.55555555555556,
            "30": 66.66666666666666
          }
        },
        "hm": {
          "time": {
            "0": 12.436,
            "10": 12.468,
            "20": 12.439,
            "30": 12.436
          },
          "accuracy": {
            "0": 41.66666666666667,
            "10": 50.0,
            "20": 52.77777777777778,
            "30": 63.888888888888886
          }
        },
        "rhw": {
          "time": {
            "0": 9.409,
            "10": 9.43,
            "20": 9.422,
            "30": 9.376
          },
          "accuracy": {
            "0": 41.66666666666667,
            "10": 50.0,
            "20": 52.77777777777778,
            "30": 63.888888888888886
          }
        },
        "zg": {
          "time": {
            "0": 9.441,
            "10": 9.388,
            "20": 9.451,
            "30": 9.418
          },
          "accuracy": {
            "0": 41.66666666666667,
            "10": 50.0,
            "20": 52.77777777777778,
            "30": 63.888888888888886
          }
        },
        "observations_avg": 6.833333333333333
      },
      "100": {
        "exhaust": {
          "time": {
            "0": 9.49,
            "10": 9.518,
            "20": 9.477,
            "30": 9.474
          },
          "accuracy": {
            "0": 61.111111111111114,
            "10": 66.66666666666666,
            "20": 83.33333333333334,
            "30": 88.88888888888889
          }
        },
        "hm": {
          "time": {
            "0": 12.441,
            "10": 12.434,
            "20": 12.48,
            "30": 12.472
          },
          "accuracy": {
            "0": 58.333333333333336,
            "10": 66.66666666666666,
            "20": 86.11111111111111,
            "30": 88.88888888888889
          }
        },
        "rhw": {
          "time": {
            "0": 9.42,
            "10": 9.397,
            "20": 9.414,
            "30": 9.428
          },
          "accuracy": {
            "0": 61.111111111111114,
            "10": 66.66666666666666,
            "20": 86.11111111111111,
            "30": 91.66666666666666
          }
        },
        "zg": {
          "time": {
            "0": 9.436,
            "10": 9.454,
            "20": 9.444,
            "30": 9.408
          },
          "accuracy": {
            "0": 61.111111111111114,
            "10": 66.66666666666666,
            "20": 86.11111111111111,
            "30": 88.88888888888889
          }
        },
        "observations_avg": 8.833333333333334
      }
    },
    "landmarks_avg": {
      "exhaust": 30.13571428571418,
      "hm": 16.92857142857146,
      "rhw": 17.48730158730154,
      "zg": 16.241269841269897
    },
    "spread": {
      "25": {
        "exhaust": {
          "0": 1.0,
          "10": 1.1944444444444444,
          "20": 1.5833333333333333,
          "30": 2.0
        },
        "hm": {
          "0": 1.0,
          "10": 1.25,
          "20": 1.5555555555555556,
          "30": 1.8333333333333333
        },
        "rhw": {
          "0": 1.0277777777777777,
          "10": 1.2222222222222223,
          "20": 1.5,
          "30": 1.8333333333333333
        },
        "zg": {
          "0": 1.0277777777777777,
          "10": 1.1388888888888888,
          "20": 1.4444444444444444,
          "30": 1.9444444444444444
        }
      },
      "50": {
        "exhaust": {
          "0": 1.0,
          "10": 1.2222222222222223,
          "20": 1.6111111111111112,
          "30": 2.1666666666666665
        },
        "hm": {
          "0": 1.0,
          "10": 1.2777777777777777,
          "20": 1.6666666666666667,
          "30": 2.2222222222222223
        },
        "rhw": {
          "0": 1.0,
          "10": 1.2777777777777777,
          "20": 1.6666666666666667,
          "30": 2.2222222222222223
        },
        "zg": {
          "0": 1.0,
          "10": 1.25,
          "20": 1.6666666666666667,
          "30": 2.25
        }
      },
      "75": {
        "exhaust": {
          "0": 1.0277777777777777,
          "10": 1.3333333333333333,
          "20": 1.7777777777777777,
          "30": 2.361111111111111
        },
        "hm": {
          "0": 1.0,
          "10": 1.3611111111111112,
          "20": 1.6944444444444444,
          "30": 2.2222222222222223
        },
        "rhw": {
          "0": 1.0277777777777777,
          "10": 1.3611111111111112,
          "20": 1.6666666666666667,
          "30": 2.388888888888889
        },
        "zg": {
          "0": 1.0277777777777777,
          "10": 1.3333333333333333,
          "20": 1.6111111111111112,
          "30": 2.2777777777777777
        }
      },
      "100": {
        "exhaust": {
          "0": 1.0,