{
  "blocks_world_noisy": {
    "problems": 144,
    "goals_avg": 20.333333333333332,
    "observations": {
      "25": {
        "exhaust": {
          "time": {
            "0": 12.149,
            "10": 12.257
          },
          "accuracy": {
            "0": 13.88888888888889,
            "10": 58.333333333333336
          },
          "prob_accuracy": {
            "0": 100.0,
            "10": 100.0
          }
        },
        "hm": {
          "time": {
            "0": 16.036,
            "10": 16.113
          },
          "accuracy": {
            "0": 8.333333333333332,
            "10": 41.66666666666667
          },
          "prob_accuracy": {
            "0": 100.0,
            "10": 100.0
          }
        },
        "rhw": {
          "time": {
            "0": 12.171,
            "10": 12.144
          },
          "accuracy": {
            "0": 11.11111111111111,
            "10": 27.77777777777778
          },
          "prob_accuracy": {
            "0": 100.0,
            "10": 100.0
          }
        },
        "zg": {
          "time": {
            "0": 12.185,
            "10": 12.134
          },
          "accuracy": {
            "0": 2.7777777777777777,
            "10": 33.33333333333333
          },
          "prob_accuracy": {
            "0": 100.0,
            "10": 100.0
          }
        },
        "hoffmann": {
          "time": {
            "0": 139.227,
            "10": 139.136
          },
          "accuracy": {
            "0": 2.7777777777777777,
            "10": 33.33333333333333
          },
          "prob_accuracy": {
            "0": 100.0,
            "10": 100.0
          }
        },
        "observations_avg": 2.4166666666666665
      },
      "50": {
        "exhaust": {
          "time": {
            "0": 7.445,
            "10": 7.446
          },
          "accuracy": {
            "0": 25.0,
            "10": 88.88888888888889
          },
          "prob_accuracy": {
            "0": 100.0,
            "10": 100.0
          }
        },
        "hm": {
          "time": {
            "0": 9.882,
            "10": 9.911
          },
          "accuracy": {
            "0": 25.0,
            "10": 69.44444444444444
          },
          "prob_accuracy": {
            "0": 100.0,
            "10": 100.0
          }
        },
        "rhw": {
          "time": {
            "0": 7.369,
            "10": 7.365
          },
          "accuracy": {
            "0": 25.0,
            "10": 63.888888888888886
          },
          "prob_accuracy": {
            "0": 100.0,
            "10": 100.0
          }
        },
        "zg": {
          "time": {
            "0": 7.411,
            "10": 7.389
          },
          "accuracy": {
            "0": 25.0,
            "10": 61.111111111111114
          },
          "prob_accuracy": {
            "0": 100.0,
            "10": 100.0
          }
        },
        "hoffmann": {
          "time": {
            "0": 119.091,
            "10": 119.146
          },
          "accuracy": {
            "0": 25.0,
            "10": 61.111111111111114
          },
          "prob_accuracy": {
            "0": 100.0,
            "10": 100.0
          }
        },
        "observations_avg": 4.416666666666667
      },
      "75": {
        "exhaust": {
          "time": {
            "0": 7.95,
            "10": 7.884
          },
          "accuracy": {
            "0": 47.22222222222222,
            "10": 91.66666666666666
          },
          "prob_accuracy": {
            "0": 100.0,
            "10": 100.0
          }
        },
        "hm": {
          "time": {
            "0": 10.469,
            "10": 10.485
          },
          "accuracy": {
            "0": 55.55555555555556,
            "10": 97.22222222222221
          },
          "prob_accuracy": {
            "0": 100.0,
            "10": 100.0
          }
        },
        "rhw": {
          "time": {
            "0": 7.803,
            "10": 7.807
          },
          "accuracy": {
            "0": 52.77777777777778,
            "10": 91.66666666666666
          },
          "prob_accuracy": {
            "0": 100.0,
            "10": 100.0
          }
        },
        "zg": {
          "time": {
            "0": 7.844,
            "10": 7.846
          },
          "accuracy": {
            "0": 55.55555555555556,
            "10": 97.22222222222221
          },
          "prob_accuracy": {
            "0": 100.0,
            "10": 100.0
          }
        },
        "hoffmann": {
          "time": {
            "0": 120.326,
            "10": 120.338
          },
          "accuracy": {
            "0": 55.55555555555556,
            "10": 97.22222222222221
          },
          "prob_accuracy": {
            "0": 100.0,
            "10": 100.0
          }
        },
        "observations_avg": 6.833333333333333
      },
      "100": {
        "exhaust": {
          "time": {
            "0": 10.05,
            "10": 10.014
          },
          "accuracy": {
            "0": 77.77777777777779,
            "10": 100.0
          },
          "prob_accuracy": {
            "0": 100.0,
            "10": 100.0
          }
        },
        "hm": {
          "time": {
            "0": 13.424,
            "10": 13.273
          },
          "accuracy": {
            "0": 83.33333333333334,
            "10": 97.22222222222221
          },
          "prob_accuracy": {
            "0": 100.0,
            "10": 100.0
          }
        },
        "rhw": {
          "time": {
            "0": 10.039,
            "10": 9.952
          },
          "accuracy": {
            "0": 77.77777777777779,
            "10": 100.0
          },
          "prob_accuracy": {
            "0": 100.0,
            "10": 100.0
          }
        },
        "zg": {
          "time": {
            "0": 10.037,
            "10": 10.023
          },
          "accuracy": {
            "0": 75.0,
            "10": 97.22222222222221
          },
          "prob_accuracy": {
            "0": 100.0,
            "10": 100.0
          }
        },
        "hoffmann": {
          "time": {
            "0": 127.998,
            "10": 127.445
          },
          "accuracy": {
            "0": 75.0,
            "10": 97.22222222222221
          },
          "prob_accuracy": {
            "0": 100.0,
            "10": 100.0
          }
        },
        "observations_avg": 8.833333333333334
      }
    },
    "landmarks_avg": {
      "exhaust": 30.135714285714357,
      "hm": 16.92857142857143,
      "rhw": 17.48730158730153,
      "zg": 16.24126984126983,
      "hoffmann": 16.24126984126983
    },
    "spread": {
      "25": {
        "exhaust": {
          "0": 1.0555555555555556,
          "10": 6.444444444444445
        },
        "hm": {
          "0": 1.2777777777777777,
          "10": 6.305555555555555
        },
        "rhw": {
          "0": 1.1111111111111112,
          "10": 3.75
        },
        "zg": {
          "0": 1.25,
          "10": 4.833333333333333
        },
        "hoffmann": {
          "0": 1.25,
          "10": 4.833333333333333
        }
      },
      "50": {
        "exhaust": {
          "0": 1.0833333333333333,
          "10": 8.166666666666666
        },
        "hm": {
          "0": 1.0555555555555556,
          "10": 5.777777777777778
        },
        "rhw": {
          "0": 1.0555555555555556,
          "10": 4.25
        },
        "zg": {
          "0": 1.1111111111111112,
          "10": 4.916666666666667
        },
        "hoffmann": {
          "0": 1.1111111111111112,
          "10": 4.916666666666667
        }
      },
      "75": {
        "exhaust": {
          "0": 1.1111111111111112,
          "10": 5.777777777777778
        },
        "hm": {
          "0": 1.1944444444444444,
          "10": 4.388888888888889
        },
        "rhw": {
          "0": 1.1944444444444444,
          "10": 4.166666666666667
        },