{
  "blocks_world_noisy": {
    "problems": 144,
    "goals_avg": 20.333333333333332,
    "observations": {
      "25": {
        "exhaust": {
          "time": {
            "0": 10.269,
            "10": 10.163
          },
          "accuracy": {
            "0": 13.88888888888889,
            "10": 58.333333333333336
          }
        },
        "hm": {
          "time": {
            "0": 13.616,
            "10": 13.373
          },
          "accuracy": {
            "0": 8.333333333333332,
            "10": 41.66666666666667
          }
        },
        "rhw": {
          "time": {
            "0": 10.265,
            "10": 10.13
          },
          "accuracy": {
            "0": 11.11111111111111,
            "10": 27.77777777777778
          }
        },
        "zg": {
          "time": {
            "0": 10.306,
            "10": 10.298
          },
          "accuracy": {
            "0": 2.7777777777777777,
            "10": 33.33333333333333
          }
        },
        "hoffmann": {
          "time": {
            "0": 18.804,
            "10": 18.501
          },
          "accuracy": {
            "0": 2.7777777777777777,
            "10": 33.33333333333333
          }
        },
        "observations_avg": 2.4166666666666665
      },
      "50": {
        "exhaust": {
          "time": {
            "0": 11.638,
            "10": 11.776
          },
          "accuracy": {
            "0": 25.0,
            "10": 88.88888888888889
          }
        },
        "hm": {
          "time": {
            "0": 15.445,
            "10": 15.509
          },
          "accuracy": {
            "0": 25.0,
            "10": 69.44444444444444
          }
        },
        "rhw": {
          "time": {
            "0": 11.458,
            "10": 11.481
          },
          "accuracy": {
            "0": 25.0,
            "10": 63.888888888888886
          }
        },
        "zg": {
          "time": {
            "0": 11.528,
            "10": 11.557
          },
          "accuracy": {
            "0": 25.0,
            "10": 61.111111111111114
          }
        },
        "hoffmann": {
          "time": {
            "0": 21.82,
            "10": 21.771
          },
          "accuracy": {
            "0": 25.0,
            "10": 61.111111111111114
          }
        },
        "observations_avg": 4.416666666666667
      },
      "75": {
        "exhaust": {
          "time": {
            "0": 10.747,
            "10": 10.826
          },
          "accuracy": {
            "0": 47.22222222222222,
            "10": 91.66666666666666
          }
        },
        "hm": {
          "time": {
            "0": 14.307,
            "10": 14.231
          },
          "accuracy": {
            "0": 55.55555555555556,
            "10": 97.22222222222221
          }
        },
        "rhw": {
          "time": {
            "0": 10.757,
            "10": 10.512
          },
          "accuracy": {
            "0": 52.77777777777778,
            "10": 91.66666666666666
          }
        },
        "zg": {
          "time": {
            "0": 10.694,
            "10": 10.623
          },
          "accuracy": {
            "0": 55.55555555555556,
            "10": 97.22222222222221
          }
        },
        "hoffmann": {
          "time": {
            "0": 19.796,
            "10": 19.605
          },
          "accuracy": {
            "0": 55.55555555555556,
            "10": 97.22222222222221
          }
        },
        "observations_avg": 6.833333333333333
      },
      "100": {
        "exhaust": {
          "time": {
            "0": 11.601,
            "10": 11.649
          },
          "accuracy": {
            "0": 77.77777777777779,
            "10": 100.0
          }
        },
        "hm": {
          "time": {
            "0": 15.387,
            "10": 15.518
          },
          "accuracy": {
            "0": 83.33333333333334,
            "10": 97.22222222222221
          }
        },
        "rhw": {
          "time": {
            "0": 11.585,
            "10": 11.625
          },
          "accuracy": {
            "0": 77.77777777777779,
            "10": 100.0
          }
        },
        "zg": {
          "time": {
            "0": 11.498,
            "10": 11.592
          },
          "accuracy": {
            "0": 75.0,
            "10": 97.22222222222221
          }
        },
        "hoffmann": {
          "time": {
            "0": 22.123,
            "10": 21.994
          },
          "accuracy": {
            "0": 75.0,
            "10": 97.22222222222221
          }
        },
        "observations_avg": 8.833333333333334
      }
    },
    "landmarks_avg": {
      "exhaust": 30.135714285714357,
      "hm": 16.928571428571455,
      "rhw": 17.48730158730153,
      "zg": 16.241269841269826,
      "hoffmann": 16.241269841269826
    },
    "spread": {
      "25": {
        "exhaust": {
          "0": 1.0555555555555556,
          "10": 6.444444444444445
        },
        "hm": {
          "0": 1.2777777777777777,
          "10": 6.305555555555555
        },
        "rhw": {
          "0": 1.1111111111111112,
          "10": 3.75
        },
        "zg": {
          "0": 1.25,
          "10": 4.833333333333333
        },
        "hoffmann": {
          "0": 1.25,
          "10": 4.833333333333333
        }
      },
      "50": {
        "exhaust": {
          "0": 1.0833333333333333,
          "10": 8.166666666666666
        },
        "hm": {
          "0": 1.0555555555555556,
          "10": 5.777777777777778
        },
        "rhw": {
          "0": 1.0555555555555556,
          "10": 4.25
        },
        "zg": {
          "0": 1.1111111111111112,
          "10": 4.916666666666667
        },
        "hoffmann": {
          "0": 1.1111111111111112,
          "10": 4.916666666666667
        }
      },
      "75": {
        "exhaust": {
          "0": 1.1111111111111112,
          "10": 5.777777777777778
        },
        "hm": {
          "0": 1.1944444444444444,
          "10": 4.388888888888889
        },
        "rhw": {
          "0": 1.1944444444444444,
          "10": 4.166666666666667
        },
        "zg": {
          "0": 1.25,
          "10": 4.555555555555555
        },
        "hoffmann": {
          "0": 1.25,
          "10": 4.555555555555555
        }
      },
      "100": {
        "exhaust": {
          "0": 1.1111111111111112,
          "10": 5.638888888888889
        },
        "hm": {
          "0": 1.3333333333333333,
          "10": 3.7222222222222223
        },
        "rhw": {
          "0": 1.3055555555555556,
          "10": 3.3055555555555554
        },
        "zg": {
          "0": 1.3333333333333333,
          "10": 3.361111111111111
        },
        "hoffmann": {
          "0": 1.3333333333333333,
          "10": 3.361111111111111
        }
      }
    }
  }
}