{
  "blocks_world_noisy": {
    "problems": 144,
    "goals_avg": 20.333333333333332,
    "observations": {
      "25": {
        "hoffmann": {
          "time": {
            "0": 59.686,
            "10": 59.787,
            "20": 59.845,
            "30": 60.447
          },
          "accuracy": {
            "0": 2.7777777777777777,
            "10": 33.33333333333333,
            "20": 75.0,
            "30": 94.44444444444444
          }
        },
        "observations_avg": 2.4166666666666665
      },
      "50": {
        "hoffmann": {
          "time": {
            "0": 90.32,
            "10": 89.421,
            "20": 89.773,
            "30": 89.988
          },
          "accuracy": {
            "0": 25.0,
            "10": 61.111111111111114,
            "20": 91.66666666666666,
            "30": 100.0
          }
        },
        "observations_avg": 4.416666666666667
      },
      "75": {
        "hoffmann": {
          "time": {
            "0": 68.881,
            "10": 68.731,
            "20": 69.308,
            "30": 68.543
          },
          "accuracy": {
            "0": 55.55555555555556,
            "10": 97.22222222222221,
            "20": 100.0,
            "30": 100.0
          }
        },
        "observations_avg": 6.833333333333333
      },
      "100": {
        "hoffmann": {
          "time": {
            "0": 97.503,
            "10": 97.464,
            "20": 97.891,
            "30": 98.638
          },
          "accuracy": {
            "0": 75.0,
            "10": 97.22222222222221,
            "20": 100.0,
            "30": 100.0
          }
        },
        "observations_avg": 8.833333333333334
      }
    },
    "landmarks_avg": {
      "hoffmann": 16.241269841269897
    },
    "spread": {
      "25": {
        "hoffmann": {
          "0": 1.25,
          "10": 4.833333333333333,
          "20": 13.305555555555555,
          "30": 18.36111111111111
        }
      },
      "50": {
        "hoffmann": {
          "0": 1.1111111111111112,
          "10": 4.916666666666667,
          "20": 12.777777777777779,
          "30": 18.694444444444443
        }
      },
      "75": {
        "hoffmann": {
          "0": 1.25,
          "10": 4.555555555555555,
          "20": 11.083333333333334,
          "30": 17.97222222222222
        }
      },
      "100": {
        "hoffmann": {
          "0": 1.3333333333333333,
          "10": 3.361111111111111,
          "20": 9.36111111111111,
          "30": 16.833333333333332
        }
      }
    }
  }
}