{
  "blocks_world_noisy": {
    "problems": 144,
    "goals_avg": 20.333333333333332,
    "observations": {
      "25": {
        "exhaust": {
          "time": {
            "0": 22.888,
            "10": 22.978,
            "20": 22.747,
            "30": 22.606
          },
          "accuracy": {
            "0": 13.88888888888889,
            "10": 58.333333333333336,
            "20": 88.88888888888889,
            "30": 100.0
          }
        },
        "hm": {
          "time": {
            "0": 29.913,
            "10": 29.975,
            "20": 29.88,
            "30": 29.987
          },
          "accuracy": {
            "0": 8.333333333333332,
            "10": 41.66666666666667,
            "20": 88.88888888888889,
            "30": 100.0
          }
        },
        "rhw": {
          "time": {
            "0": 22.669,
            "10": 22.8,
            "20": 22.652,
            "30": 22.579
          },
          "accuracy": {
            "0": 11.11111111111111,
            "10": 27.77777777777778,
            "20": 63.888888888888886,
            "30": 91.66666666666666
          }
        },
        "zg": {
          "time": {
            "0": 22.654,
            "10": 22.665,
            "20": 22.76,
            "30": 22.535
          },
          "accuracy": {
            "0": 2.7777777777777777,
            "10": 33.33333333333333,
            "20": 75.0,
            "30": 94.44444444444444
          }
        },
        "observations_avg": 2.4166666666666665
      },
      "50": {
        "exhaust": {
          "time": {
            "0": 31.862,
            "10": 32.256,
            "20": 32.305,
            "30": 32.174
          },
          "accuracy": {
            "0": 25.0,
            "10": 88.88888888888889,
            "20": 100.0,
            "30": 100.0
          }
        },
        "hm": {
          "time": {
            "0": 42.757,
            "10": 43.428,
            "20": 43.262,
            "30": 43.337
          },
          "accuracy": {
            "0": 25.0,
            "10": 69.44444444444444,
            "20": 94.44444444444444,
            "30": 100.0
          }
        },
        "rhw": {
          "time": {
            "0": 31.92,
            "10": 31.864,
            "20": 32.22,
            "30": 32.397
          },
          "accuracy": {
            "0": 25.0,
            "10": 63.888888888888886,
            "20": 86.11111111111111,
            "30": 97.22222222222221
          }
        },
        "zg": {
          "time": {
            "0": 32.078,
            "10": 32.198,
            "20": 32.173,
            "30": 32.2
          },
          "accuracy": {
            "0": 25.0,
            "10": 61.111111111111114,
            "20": 91.66666666666666,
            "30": 100.0
          }
        },
        "observations_avg": 4.416666666666667
      },
      "75": {
        "exhaust": {
          "time": {
            "0": 26.682,
            "10": 26.588,
            "20": 26.609,
            "30": 26.656
          },
          "accuracy": {
            "0": 47.22222222222222,
            "10": 91.66666666666666,
            "20": 100.0,
            "30": 100.0
          }
        },
        "hm": {
          "time": {
            "0": 35.446,
            "10": 35.443,
            "20": 35.217,
            "30": 35.032
          },
          "accuracy": {
            "0": 55.55555555555556,
            "10": 97.22222222222221,
            "20": 100.0,
            "30": 100.0
          }
        },
        "rhw": {
          "time": {
            "0": 26.747,
            "10": 26.341,
            "20": 26.62,
            "30": 26.534
          },
          "accuracy": {
            "0": 52.77777777777778,
            "10": 91.66666666666666,
            "20": 100.0,
            "30": 100.0
          }
        },
        "zg": {
          "time": {
            "0": 26.36,
            "10": 26.588,
            "20": 26.362,
            "30": 26.527
          },
          "accuracy": {
            "0": 55.55555555555556,
            "10": 97.22222222222221,
            "20": 100.0,
            "30": 100.0
          }
        },
        "observations_avg": 6.833333333333333
      },
      "100": {
        "exhaust": {
          "time": {
            "0": 13.847,
            "10": 14.023,
            "20": 14.014,
            "30": 14.004
          },
          "accuracy": {
            "0": 77.77777777777779,
            "10": 100.0,
            "20": 100.0,
            "30": 100.0
          }
        },
        "hm": {
          "time": {
            "0": 18.38,
            "10": 18.44,
            "20": 18.72,
            "30": 18.656
          },
          "accuracy": {
            "0": 83.33333333333334,
            "10": 97.22222222222221,
            "20": 100.0,
            "30": 100.0
          }
        },
        "rhw": {
          "time": {
            "0": 13.804,
            "10": 13.929,
            "20": 13.907,
            "30": 13.998
          },
          "accuracy": {
            "0": 77.77777777777779,
            "10": 100.0,
            "20": 100.0,
            "30": 100.0
          }
        },
        "zg": {
          "time": {
            "0": 13.852,
            "10": 13.895,
            "20": 14.042,
            "30": 14.125
          },
          "accuracy": {
            "0": 75.0,
            "10": 97.22222222222221,
            "20": 100.0,
            "30": 100.0
          }
        },
        "observations_avg": 8.833333333333334
      }
    },
    "landmarks_avg": {
      "exhaust": 30.13571428571418,
      "hm": 16.92857142857146,
      "rhw": 17.48730158730154,
      "zg": 16.241269841269897
    },
    "spread": {
      "25": {
        "exhaust": {
          "0": 1.0555555555555556,
          "10": 6.444444444444445,
          "20": 16.194444444444443,
          "30": 19.72222222222222
        },
        "hm": {
          "0": 1.2777777777777777,
          "10": 6.305555555555555,
          "20": 14.805555555555555,
          "30": 19.166666666666668
        },
        "rhw": {
          "0": 1.1111111111111112,
          "10": 3.75,
          "20": 11.75,
          "30": 18.11111111111111
        },
        "zg": {
          "0": 1.25,
          "10": 4.833333333333333,
          "20": 13.305555555555555,
          "30": 18.36111111111111
        }
      },
      "50": {
        "exhaust": {
          "0": 1.0833333333333333,
          "10": 8.166666666666666,
          "20": 17.194444444444443,
          "30": 19.805555555555557
        },
        "hm": {
          "0": 1.0555555555555556,
          "10": 5.777777777777778,
          "20": 14.083333333333334,
          "30": 19.055555555555557
        },
        "rhw": {
          "0": 1.0555555555555556,
          "10": 4.25,
          "20": 11.86111111111111,
          "30": 18.333333333333332
        },
        "zg": {
          "0": 1.1111111111111112,
          "10": 4.916666666666667,
          "20": 12.777777777777779,
          "30": 18.694444444444443
        }
      },
      "75": {
        "exhaust": {
          "0": 1.1111111111111112,
          "10": 5.777777777777778,
          "20": 15.305555555555555,
          "30": 19.61111111111111
        },
        "hm": {
          "0": 1.1944444444444444,
          "10": 4.388888888888889,
          "20": 11.25,
          "30": 17.97222222222222
        },
        "rhw": {
          "0": 1.1944444444444444,
          "10": 4.166666666666667,
          "20": 10.777777777777779,
          "30": 17.02777777777778
        },
        "zg": {
          "0": 1.25,
          "10": 4.555555555555555,
          "20": 11.083333333333334,
          "30": 17.97222222222222
        }
      },
      "100": {
        "exhaust": {
          "0": 1.1111111111111112,
          "10": 5.638888888888889,
          "20": 14.916666666666666,
          "30": 19.5
        },
        "hm": {
          "0": 1.3333333333333333,
          "10": 3.7222222222222223,