{
  "intrusion_detection_noisy": {
    "problems": 300,
    "goals_avg": 16.666666666666668,
    "observations": {
      "25": {
        "exhaust": {
          "time": {
            "0": 5.144,
            "10": 5.133
          },
          "accuracy": {
            "0": 36.666666666666664,
            "10": 48.888888888888886
          }
        },
        "hm": {
          "time": {
            "0": 5.178,
            "10": 5.172
          },
          "accuracy": {
            "0": 36.666666666666664,
            "10": 48.888888888888886
          }
        },
        "rhw": {
          "time": {
            "0": 5.127,
            "10": 5.147
          },
          "accuracy": {
            "0": 36.666666666666664,
            "10": 48.888888888888886
          }
        },
        "zg": {
          "time": {
            "0": 5.124,
            "10": 5.137
          },
          "accuracy": {
            "0": 36.666666666666664,
            "10": 48.888888888888886
          }
        },
        "hoffmann": {
          "time": {
            "0": 10.205,
            "10": 10.216
          },
          "accuracy": {
            "0": 36.666666666666664,
            "10": 48.888888888888886
          }
        },
        "observations_avg": 3.6666666666666665
      },
      "50": {
        "exhaust": {
          "time": {
            "0": 7.258,
            "10": 7.181
          },
          "accuracy": {
            "0": 83.33333333333334,
            "10": 91.11111111111111
          }
        },
        "hm": {
          "time": {
            "0": 7.31,
            "10": 7.256
          },
          "accuracy": {
            "0": 83.33333333333334,
            "10": 91.11111111111111
          }
        },
        "rhw": {
          "time": {
            "0": 7.274,
            "10": 7.253
          },
          "accuracy": {
            "0": 83.33333333333334,
            "10": 91.11111111111111
          }
        },
        "zg": {
          "time": {
            "0": 7.265,
            "10": 7.246
          },
          "accuracy": {
            "0": 83.33333333333334,
            "10": 91.11111111111111
          }
        },
        "hoffmann": {
          "time": {
            "0": 15.135,
            "10": 15.227
          },
          "accuracy": {
            "0": 83.33333333333334,
            "10": 91.11111111111111
          }
        },
        "observations_avg": 6.7
      },
      "75": {
        "exhaust": {
          "time": {
            "0": 5.592,
            "10": 5.619
          },
          "accuracy": {
            "0": 94.44444444444444,
            "10": 95.55555555555556
          }
        },
        "hm": {
          "time": {
            "0": 5.632,
            "10": 5.622
          },
          "accuracy": {
            "0": 94.44444444444444,
            "10": 95.55555555555556
          }
        },
        "rhw": {
          "time": {
            "0": 5.645,
            "10": 5.649
          },
          "accuracy": {
            "0": 94.44444444444444,
            "10": 95.55555555555556
          }
        },
        "zg": {
          "time": {
            "0": 5.608,
            "10": 5.586
          },
          "accuracy": {
            "0": 94.44444444444444,
            "10": 95.55555555555556
          }
        },
        "hoffmann": {
          "time": {
            "0": 11.242,
            "10": 11.271
          },
          "accuracy": {
            "0": 94.44444444444444,
            "10": 95.55555555555556
          }
        },
        "observations_avg": 10.233333333333333
      },
      "100": {
        "exhaust": {
          "time": {
            "0": 8.335,
            "10": 8.217
          },
          "accuracy": {
            "0": 100.0,
            "10": 100.0
          }
        },
        "hm": {
          "time": {
            "0": 8.259,
            "10": 8.327
          },
          "accuracy": {
            "0": 100.0,
            "10": 100.0
          }
        },
        "rhw": {
          "time": {
            "0": 8.231,
            "10": 8.312
          },
          "accuracy": {
            "0": 100.0,
            "10": 100.0
          }
        },
        "zg": {
          "time": {
            "0": 8.086,
            "10": 8.317
          },
          "accuracy": {
            "0": 100.0,
            "10": 100.0
          }
        },
        "hoffmann": {
          "time": {
            "0": 17.707,
            "10": 18.018
          },
          "accuracy": {
            "0": 100.0,
            "10": 100.0
          }
        },
        "observations_avg": 15.066666666666666
      }
    },
    "landmarks_avg": {
      "exhaust": 33.06666666666679,
      "hm": 16.533333333333395,
      "rhw": 33.06666666666679,
      "zg": 16.533333333333395,
      "hoffmann": 16.533333333333395
    },
    "spread": {
      "25": {
        "exhaust": {
          "0": 1.1222222222222222,
          "10": 1.6222222222222222
        },
        "hm": {
          "0": 1.1222222222222222,
          "10": 1.6222222222222222
        },
        "rhw": {
          "0": 1.1222222222222222,
          "10": 1.6222222222222222
        },
        "zg": {
          "0": 1.1222222222222222,
          "10": 1.6222222222222222
        },
        "hoffmann": {
          "0": 1.1222222222222222,
          "10": 1.6222222222222222
        }
      },
      "50": {
        "exhaust": {
          "0": 1.0666666666666667,
          "10": 1.3555555555555556
        },
        "hm": {
          "0": 1.0666666666666667,
          "10": 1.3555555555555556
        },
        "rhw": {
          "0": 1.0666666666666667,
          "10": 1.3555555555555556
        },
        "zg": {
          "0": 1.0666666666666667,
          "10": 1.3555555555555556
        },
        "hoffmann": {
          "0": 1.0666666666666667,
          "10": 1.3555555555555556
        }
      },
      "75": {
        "exhaust": {
          "0": 1.0,
          "10": 1.0888888888888888
        },
        "hm": {
          "0": 1.0,
          "10": 1.0888888888888888
        },
        "rhw": {
          "0": 1.0,
          "10": 1.0888888888888888
        },
        "zg": {
          "0": 1.0,
          "10": 1.0888888888888888
        },
        "hoffmann": {
          "0": 1.0,
          "10": 1.0888888888888888
        }
      },
      "100": {
        "exhaust": {
          "0": 1.0,
          "10": 1.0333333333333334
        },
        "hm": {
          "0": 1.0,
          "10": 1.0333333333333334
        },
        "rhw": {
          "0": 1.0,
          "10": 1.0333333333333334
        },
        "zg": {
          "0": 1.0,
          "10": 1.0333333333333334
        },
        "hoffmann": {
          "0": 1.0,
          "10": 1.0333333333333334
        }
      }
    }
  }
}