{
  "intrusion_detection_noisy": {
    "problems": 300,
    "goals_avg": 16.666666666666668,
    "observations": {
      "25": {
        "hoffmann": {
          "time": {
            "0": 30.277,
            "10": 30.437,
            "20": 30.413,
            "30": 30.186
          },
          "accuracy": {
            "0": 36.666666666666664,
            "10": 48.888888888888886,
            "20": 57.77777777777777,
            "30": 64.44444444444444
          }
        },
        "observations_avg": 3.6666666666666665
      },
      "50": {
        "hoffmann": {
          "time": {
            "0": 69.354,
            "10": 69.238,
            "20": 69.438,
            "30": 69.292
          },
          "accuracy": {
            "0": 83.33333333333334,
            "10": 91.11111111111111,
            "20": 94.44444444444444,
            "30": 94.44444444444444
          }
        },
        "observations_avg": 6.7
      },
      "75": {
        "hoffmann": {
          "time": {
            "0": 47.852,
            "10": 47.507,
            "20": 47.664,
            "30": 47.698
          },
          "accuracy": {
            "0": 94.44444444444444,
            "10": 95.55555555555556,
            "20": 97.77777777777777,
            "30": 98.88888888888889
          }
        },
        "observations_avg": 10.233333333333333
      },
      "100": {
        "hoffmann": {
          "time": {
            "0": 79.646,
            "10": 81.364,
            "20": 81.668,
            "30": 82.04
          },
          "accuracy": {
            "0": 100.0,
            "10": 100.0,
            "20": 100.0,
            "30": 100.0
          }
        },
        "observations_avg": 15.066666666666666
      }
    },
    "landmarks_avg": {
      "hoffmann": 16.533333333333328
    },
    "spread": {
      "25": {
        "hoffmann": {
          "0": 1.1222222222222222,
          "10": 1.6222222222222222,
          "20": 2.2,
          "30": 3.0444444444444443
        }
      },
      "50": {
        "hoffmann": {
          "0": 1.0666666666666667,
          "10": 1.3555555555555556,
          "20": 1.8333333333333333,
          "30": 2.477777777777778
        }
      },
      "75": {
        "hoffmann": {
          "0": 1.0,
          "10": 1.0888888888888888,
          "20": 1.3222222222222222,
          "30": 2.011111111111111
        }
      },
      "100": {
        "hoffmann": {
          "0": 1.0,
          "10": 1.0333333333333334,
          "20": 1.1,
          "30": 1.3333333333333333
        }
      }
    }
  }
}