{
  "intrusion_detection_noisy": {
    "problems": 300,
    "goals_avg": 16.666666666666668,
    "observations": {
      "25": {
        "exhaust": {
          "time": {
            "0": 6.231,
            "10": 6.24,
            "20": 6.221,
            "30": 6.235
          },
          "accuracy": {
            "0": 36.666666666666664,
            "10": 48.888888888888886,
            "20": 57.77777777777777,
            "30": 64.44444444444444
          }
        },
        "hm": {
          "time": {
            "0": 6.238,
            "10": 6.259,
            "20": 6.31,
            "30": 6.295
          },
          "accuracy": {
            "0": 36.666666666666664,
            "10": 48.888888888888886,
            "20": 57.77777777777777,
            "30": 64.44444444444444
          }
        },
        "rhw": {
          "time": {
            "0": 6.205,
            "10": 6.235,
            "20": 6.229,
            "30": 6.238
          },
          "accuracy": {
            "0": 36.666666666666664,
            "10": 48.888888888888886,
            "20": 57.77777777777777,
            "30": 64.44444444444444
          }
        },
        "zg": {
          "time": {
            "0": 6.188,
            "10": 6.2,
            "20": 6.225,
            "30": 6.238
          },
          "accuracy": {
            "0": 36.666666666666664,
            "10": 48.888888888888886,
            "20": 57.77777777777777,
            "30": 64.44444444444444
          }
        },
        "observations_avg": 3.6666666666666665
      },
      "50": {
        "exhaust": {
          "time": {
            "0": 6.066,
            "10": 6.054,
            "20": 6.053,
            "30": 6.067
          },
          "accuracy": {
            "0": 83.33333333333334,
            "10": 91.11111111111111,
            "20": 94.44444444444444,
            "30": 94.44444444444444
          }
        },
        "hm": {
          "time": {
            "0": 6.108,
            "10": 6.095,
            "20": 6.082,
            "30": 6.064
          },
          "accuracy": {
            "0": 83.33333333333334,
            "10": 91.11111111111111,
            "20": 94.44444444444444,
            "30": 94.44444444444444
          }
        },
        "rhw": {
          "time": {
            "0": 6.069,
            "10": 6.064,
            "20": 6.066,
            "30": 6.061
          },
          "accuracy": {
            "0": 83.33333333333334,
            "10": 91.11111111111111,
            "20": 94.44444444444444,
            "30": 94.44444444444444
          }
        },
        "zg": {
          "time": {
            "0": 6.041,
            "10": 6.067,
            "20": 6.063,
            "30": 6.04
          },
          "accuracy": {
            "0": 83.33333333333334,
            "10": 91.11111111111111,
            "20": 94.44444444444444,
            "30": 94.44444444444444
          }
        },
        "observations_avg": 6.7
      },
      "75": {
        "exhaust": {
          "time": {
            "0": 5.096,
            "10": 5.094,
            "20": 5.098,
            "30": 5.1
          },
          "accuracy": {
            "0": 94.44444444444444,
            "10": 95.55555555555556,
            "20": 97.77777777777777,
            "30": 98.88888888888889
          }
        },
        "hm": {
          "time": {
            "0": 5.123,
            "10": 5.124,
            "20": 5.127,
            "30": 5.11
          },
          "accuracy": {
            "0": 94.44444444444444,
            "10": 95.55555555555556,
            "20": 97.77777777777777,
            "30": 98.88888888888889
          }
        },
        "rhw": {
          "time": {
            "0": 5.091,
            "10": 5.091,
            "20": 5.086,
            "30": 5.088
          },
          "accuracy": {
            "0": 94.44444444444444,
            "10": 95.55555555555556,
            "20": 97.77777777777777,
            "30": 98.88888888888889
          }
        },
        "zg": {
          "time": {
            "0": 5.095,
            "10": 5.086,
            "20": 5.087,
            "30": 5.085
          },
          "accuracy": {
            "0": 94.44444444444444,
            "10": 95.55555555555556,
            "20": 97.77777777777777,
            "30": 98.88888888888889
          }
        },
        "observations_avg": 10.233333333333333
      },
      "100": {
        "exhaust": {
          "time": {
            "0": 6.956,
            "10": 6.965,
            "20": 6.985,
            "30": 6.971
          },
          "accuracy": {
            "0": 100.0,
            "10": 100.0,
            "20": 100.0,
            "30": 100.0
          }
        },
        "hm": {
          "time": {
            "0": 6.961,
            "10": 7.002,
            "20": 7.05,
            "30": 7.021
          },
          "accuracy": {
            "0": 100.0,
            "10": 100.0,
            "20": 100.0,
            "30": 100.0
          }
        },
        "rhw": {
          "time": {
            "0": 6.979,
            "10": 6.968,
            "20": 6.973,
            "30": 7.002
          },
          "accuracy": {
            "0": 100.0,
            "10": 100.0,
            "20": 100.0,
            "30": 100.0
          }
        },
        "zg": {
          "time": {
            "0": 6.945,
            "10": 6.982,
            "20": 6.962,
            "30": 6.945
          },
          "accuracy": {
            "0": 100.0,
            "10": 100.0,
            "20": 100.0,
            "30": 100.0
          }
        },
        "observations_avg": 15.066666666666666
      }
    },
    "landmarks_avg": {
      "exhaust": 33.066666666666656,
      "hm": 16.533333333333328,
      "rhw": 33.066666666666656,
      "zg": 16.533333333333328
    },
    "spread": {
      "25": {
        "exhaust": {
          "0": 1.1222222222222222,
          "10": 1.6222222222222222,
          "20": 2.2,
          "30": 3.0444444444444443
        },
        "hm": {
          "0": 1.1222222222222222,
          "10": 1.6222222222222222,
          "20": 2.2,
          "30": 3.0444444444444443
        },
        "rhw": {
          "0": 1.1222222222222222,
          "10": 1.6222222222222222,
          "20": 2.2,
          "30": 3.0444444444444443
        },
        "zg": {
          "0": 1.1222222222222222,
          "10": 1.6222222222222222,
          "20": 2.2,
          "30": 3.0444444444444443
        }
      },
      "50": {
        "exhaust": {
          "0": 1.0666666666666667,
          "10": 1.3555555555555556,
          "20": 1.8333333333333333,
          "30": 2.477777777777778
        },
        "hm": {
          "0": 1.0666666666666667,
          "10": 1.3555555555555556,
          "20": 1.8333333333333333,
          "30": 2.477777777777778
        },
        "rhw": {
          "0": 1.0666666666666667,
          "10": 1.3555555555555556,
          "20": 1.8333333333333333,
          "30": 2.477777777777778
        },
        "zg": {
          "0": 1.0666666666666667,
          "10": 1.3555555555555556,
          "20": 1.8333333333333333,
          "30": 2.477777777777778
        }
      },
      "75": {
        "exhaust": {
          "0": 1.0,
          "10": 1.0888888888888888,
          "20": 1.3222222222222222,
          "30": 2.011111111111111
        },
        "hm": {
          "0": 1.0,
          "10": 1.0888888888888888,
          "20": 1.3222222222222222,
          "30": 2.011111111111111
        },
        "rhw": {
          "0": 1.0,
          "10": 1.0888888888888888,
          "20": 1.3222222222222222,
          "30": 2.011111111111111
        },
        "zg": {
          "0": 1.0,
          "10": 1.0888888888888888,
          "20": 1.3222222222222222,
          "30": 2.011111111111111
        }
      },
      "100": {
        "exhaust": {
          "0": 1.0,
          "10": 1.0333333333333334,
          "20": 1.1,
          "30": 1.3333333333333333
        },