{
  "intrusion_detection_noisy": {
    "problems": 300,
    "goals_avg": 16.666666666666668,
    "observations": {
      "25": {
        "exhaust": {
          "time": {
            "0": 8.118,
            "10": 8.166
          },
          "accuracy": {
            "0": 36.666666666666664,
            "10": 48.888888888888886
          },
          "prob_accuracy": {
            "0": 100.0,
            "10": 100.0
          }
        },
        "hm": {
          "time": {
            "0": 8.216,
            "10": 8.193
          },
          "accuracy": {
            "0": 36.666666666666664,
            "10": 48.888888888888886
          },
          "prob_accuracy": {
            "0": 100.0,
            "10": 100.0
          }
        },
        "rhw": {
          "time": {
            "0": 8.121,
            "10": 8.204
          },
          "accuracy": {
            "0": 36.666666666666664,
            "10": 48.888888888888886
          },
          "prob_accuracy": {
            "0": 100.0,
            "10": 100.0
          }
        },
        "zg": {
          "time": {
            "0": 8.117,
            "10": 8.172
          },
          "accuracy": {
            "0": 36.666666666666664,
            "10": 48.888888888888886
          },
          "prob_accuracy": {
            "0": 100.0,
            "10": 100.0
          }
        },
        "hoffmann": {
          "time": {
            "0": 109.794,
            "10": 109.743
          },
          "accuracy": {
            "0": 36.666666666666664,
            "10": 48.888888888888886
          },
          "prob_accuracy": {
            "0": 100.0,
            "10": 100.0
          }
        },
        "observations_avg": 3.6666666666666665
      },
      "50": {
        "exhaust": {
          "time": {
            "0": 5.276,
            "10": 5.28
          },
          "accuracy": {
            "0": 83.33333333333334,
            "10": 91.11111111111111
          },
          "prob_accuracy": {
            "0": 100.0,
            "10": 100.0
          }
        },
        "hm": {
          "time": {
            "0": 5.291,
            "10": 5.334
          },
          "accuracy": {
            "0": 83.33333333333334,
            "10": 91.11111111111111
          },
          "prob_accuracy": {
            "0": 100.0,
            "10": 100.0
          }
        },
        "rhw": {
          "time": {
            "0": 5.281,
            "10": 5.269
          },
          "accuracy": {
            "0": 83.33333333333334,
            "10": 91.11111111111111
          },
          "prob_accuracy": {
            "0": 100.0,
            "10": 100.0
          }
        },
        "zg": {
          "time": {
            "0": 5.266,
            "10": 5.252
          },
          "accuracy": {
            "0": 83.33333333333334,
            "10": 91.11111111111111
          },
          "prob_accuracy": {
            "0": 100.0,
            "10": 100.0
          }
        },
        "hoffmann": {
          "time": {
            "0": 97.321,
            "10": 97.325
          },
          "accuracy": {
            "0": 83.33333333333334,
            "10": 91.11111111111111
          },
          "prob_accuracy": {
            "0": 100.0,
            "10": 100.0
          }
        },
        "observations_avg": 6.7
      },
      "75": {
        "exhaust": {
          "time": {
            "0": 5.404,
            "10": 5.404
          },
          "accuracy": {
            "0": 94.44444444444444,
            "10": 95.55555555555556
          },
          "prob_accuracy": {
            "0": 100.0,
            "10": 100.0
          }
        },
        "hm": {
          "time": {
            "0": 5.439,
            "10": 5.444
          },
          "accuracy": {
            "0": 94.44444444444444,
            "10": 95.55555555555556
          },
          "prob_accuracy": {
            "0": 100.0,
            "10": 100.0
          }
        },
        "rhw": {
          "time": {
            "0": 5.415,
            "10": 5.411
          },
          "accuracy": {
            "0": 94.44444444444444,
            "10": 95.55555555555556
          },
          "prob_accuracy": {
            "0": 100.0,
            "10": 100.0
          }
        },
        "zg": {
          "time": {
            "0": 5.382,
            "10": 5.414
          },
          "accuracy": {
            "0": 94.44444444444444,
            "10": 95.55555555555556
          },
          "prob_accuracy": {
            "0": 100.0,
            "10": 100.0
          }
        },
        "hoffmann": {
          "time": {
            "0": 97.766,
            "10": 97.716
          },
          "accuracy": {
            "0": 94.44444444444444,
            "10": 95.55555555555556
          },
          "prob_accuracy": {
            "0": 100.0,
            "10": 100.0
          }
        },
        "observations_avg": 10.233333333333333
      },
      "100": {
        "exhaust": {
          "time": {
            "0": 5.9,
            "10": 5.876
          },
          "accuracy": {
            "0": 100.0,
            "10": 100.0
          },
          "prob_accuracy": {
            "0": 100.0,
            "10": 100.0
          }
        },
        "hm": {
          "time": {
            "0": 5.947,
            "10": 5.895
          },
          "accuracy": {
            "0": 100.0,
            "10": 100.0
          },
          "prob_accuracy": {
            "0": 100.0,
            "10": 100.0
          }
        },
        "rhw": {
          "time": {
            "0": 5.918,
            "10": 5.843
          },
          "accuracy": {
            "0": 100.0,
            "10": 100.0
          },
          "prob_accuracy": {
            "0": 100.0,
            "10": 100.0
          }
        },
        "zg": {
          "time": {
            "0": 5.942,
            "10": 5.86
          },
          "accuracy": {
            "0": 100.0,
            "10": 100.0
          },
          "prob_accuracy": {
            "0": 100.0,
            "10": 100.0
          }
        },
        "hoffmann": {
          "time": {
            "0": 98.958,
            "10": 98.937
          },
          "accuracy": {
            "0": 100.0,
            "10": 100.0
          },
          "prob_accuracy": {
            "0": 100.0,
            "10": 100.0
          }
        },
        "observations_avg": 15.066666666666666
      }
    },
    "landmarks_avg": {
      "exhaust": 33.06666666666679,
      "hm": 16.533333333333395,
      "rhw": 33.06666666666679,
      "zg": 16.533333333333395,
      "hoffmann": 16.533333333333395
    },
    "spread": {
      "25": {
        "exhaust": {
          "0": 1.1222222222222222,
          "10": 1.6222222222222222
        },
        "hm": {
          "0": 1.1222222222222222,
          "10": 1.6222222222222222
        },
        "rhw": {
          "0": 1.1222222222222222,
          "10": 1.6222222222222222
        },
        "zg": {
          "0": 1.1222222222222222,
          "10": 1.6222222222222222
        },
        "hoffmann": {
          "0": 1.1222222222222222,
          "10": 1.6222222222222222
        }
      },
      "50": {
        "exhaust": {
          "0": 1.0666666666666667,
          "10": 1.3555555555555556
        },
        "hm": {
          "0": 1.0666666666666667,
          "10": 1.3555555555555556
        },
        "rhw": {
          "0": 1.0666666666666667,
          "10": 1.3555555555555556
        },
        "zg": {
          "0": 1.0666666666666667,
          "10": 1.3555555555555556
        },
        "hoffmann": {
          "0": 1.0666666666666667,
          "10": 1.3555555555555556
        }
      },
      "75": {
        "exhaust": {
          "0": 1.0,
          "10": 1.0888888888888888
        },
        "hm": {
          "0": 1.0,
          "10": 1.0888888888888888
        },
        "rhw": {
          "0": 1.0,
          "10": 1.0888888888888888
        },