{
  "intrusion_detection_noisy": {
    "problems": 300,
    "goals_avg": 16.666666666666668,
    "observations": {
      "25": {
        "exhaust": {
          "time": {
            "0": 12.858,
            "10": 12.776,
            "20": 12.793,
            "30": 12.723
          },
          "accuracy": {
            "0": 36.666666666666664,
            "10": 48.888888888888886,
            "20": 57.77777777777777,
            "30": 64.44444444444444
          }
        },
        "hm": {
          "time": {
            "0": 12.806,
            "10": 12.951,
            "20": 12.908,
            "30": 12.883
          },
          "accuracy": {
            "0": 36.666666666666664,
            "10": 48.888888888888886,
            "20": 57.77777777777777,
            "30": 64.44444444444444
          }
        },
        "rhw": {
          "time": {
            "0": 12.841,
            "10": 12.754,
            "20": 12.786,
            "30": 12.739
          },
          "accuracy": {
            "0": 36.666666666666664,
            "10": 48.888888888888886,
            "20": 57.77777777777777,
            "30": 64.44444444444444
          }
        },
        "zg": {
          "time": {
            "0": 12.794,
            "10": 12.742,
            "20": 12.865,
            "30": 12.726
          },
          "accuracy": {
            "0": 36.666666666666664,
            "10": 48.888888888888886,
            "20": 57.77777777777777,
            "30": 64.44444444444444
          }
        },
        "observations_avg": 3.6666666666666665
      },
      "50": {
        "exhaust": {
          "time": {
            "0": 21.66,
            "10": 21.864,
            "20": 21.717,
            "30": 21.67
          },
          "accuracy": {
            "0": 83.33333333333334,
            "10": 91.11111111111111,
            "20": 94.44444444444444,
            "30": 94.44444444444444
          }
        },
        "hm": {
          "time": {
            "0": 21.982,
            "10": 21.868,
            "20": 21.959,
            "30": 21.864
          },
          "accuracy": {
            "0": 83.33333333333334,
            "10": 91.11111111111111,
            "20": 94.44444444444444,
            "30": 94.44444444444444
          }
        },
        "rhw": {
          "time": {
            "0": 21.777,
            "10": 21.8,
            "20": 21.76,
            "30": 21.827
          },
          "accuracy": {
            "0": 83.33333333333334,
            "10": 91.11111111111111,
            "20": 94.44444444444444,
            "30": 94.44444444444444
          }
        },
        "zg": {
          "time": {
            "0": 21.61,
            "10": 21.65,
            "20": 21.797,
            "30": 21.679
          },
          "accuracy": {
            "0": 83.33333333333334,
            "10": 91.11111111111111,
            "20": 94.44444444444444,
            "30": 94.44444444444444
          }
        },
        "observations_avg": 6.7
      },
      "75": {
        "exhaust": {
          "time": {
            "0": 16.526,
            "10": 16.61,
            "20": 16.583,
            "30": 16.616
          },
          "accuracy": {
            "0": 94.44444444444444,
            "10": 95.55555555555556,
            "20": 97.77777777777777,
            "30": 98.88888888888889
          }
        },
        "hm": {
          "time": {
            "0": 16.63,
            "10": 16.748,
            "20": 16.659,
            "30": 16.775
          },
          "accuracy": {
            "0": 94.44444444444444,
            "10": 95.55555555555556,
            "20": 97.77777777777777,
            "30": 98.88888888888889
          }
        },
        "rhw": {
          "time": {
            "0": 16.484,
            "10": 16.523,
            "20": 16.54,
            "30": 16.396
          },
          "accuracy": {
            "0": 94.44444444444444,
            "10": 95.55555555555556,
            "20": 97.77777777777777,
            "30": 98.88888888888889
          }
        },
        "zg": {
          "time": {
            "0": 16.6,
            "10": 16.479,
            "20": 16.458,
            "30": 16.524
          },
          "accuracy": {
            "0": 94.44444444444444,
            "10": 95.55555555555556,
            "20": 97.77777777777777,
            "30": 98.88888888888889
          }
        },
        "observations_avg": 10.233333333333333
      },
      "100": {
        "exhaust": {
          "time": {
            "0": 11.484,
            "10": 11.387,
            "20": 11.751,
            "30": 11.58
          },
          "accuracy": {
            "0": 100.0,
            "10": 100.0,
            "20": 100.0,
            "30": 100.0
          }
        },
        "hm": {
          "time": {
            "0": 11.504,
            "10": 11.668,
            "20": 11.489,
            "30": 11.571
          },
          "accuracy": {
            "0": 100.0,
            "10": 100.0,
            "20": 100.0,
            "30": 100.0
          }
        },
        "rhw": {
          "time": {
            "0": 11.568,
            "10": 11.531,
            "20": 11.516,
            "30": 11.622
          },
          "accuracy": {
            "0": 100.0,
            "10": 100.0,
            "20": 100.0,
            "30": 100.0
          }
        },
        "zg": {
          "time": {
            "0": 11.514,
            "10": 11.612,
            "20": 11.467,
            "30": 11.512
          },
          "accuracy": {
            "0": 100.0,
            "10": 100.0,
            "20": 100.0,
            "30": 100.0
          }
        },
        "observations_avg": 15.066666666666666
      }
    },
    "landmarks_avg": {
      "exhaust": 33.066666666666656,
      "hm": 16.533333333333328,
      "rhw": 33.066666666666656,
      "zg": 16.533333333333328
    },
    "spread": {
      "25": {
        "exhaust": {
          "0": 1.1222222222222222,
          "10": 1.6222222222222222,
          "20": 2.2,
          "30": 3.0444444444444443
        },
        "hm": {
          "0": 1.1222222222222222,
          "10": 1.6222222222222222,
          "20": 2.2,
          "30": 3.0444444444444443
        },
        "rhw": {
          "0": 1.1222222222222222,
          "10": 1.6222222222222222,
          "20": 2.2,
          "30": 3.0444444444444443
        },
        "zg": {
          "0": 1.1222222222222222,
          "10": 1.6222222222222222,
          "20": 2.2,
          "30": 3.0444444444444443
        }
      },
      "50": {
        "exhaust": {
          "0": 1.0666666666666667,
          "10": 1.3555555555555556,
          "20": 1.8333333333333333,
          "30": 2.477777777777778
        },
        "hm": {
          "0": 1.0666666666666667,
          "10": 1.3555555555555556,
          "20": 1.8333333333333333,
          "30": 2.477777777777778
        },
        "rhw": {
          "0": 1.0666666666666667,
          "10": 1.3555555555555556,
          "20": 1.8333333333333333,
          "30": 2.477777777777778
        },
        "zg": {
          "0": 1.0666666666666667,
          "10": 1.3555555555555556,
          "20": 1.8333333333333333,
          "30": 2.477777777777778
        }
      },
      "75": {
        "exhaust": {
          "0": 1.0,
          "10": 1.0888888888888888,
          "20": 1.3222222222222222,
          "30": 2.011111111111111
        },
        "hm": {
          "0": 1.0,
          "10": 1.0888888888888888,
          "20": 1.3222222222222222,
          "30": 2.011111111111111
        },
        "rhw": {
          "0": 1.0,
          "10": 1.0888888888888888,
          "20": 1.3222222222222222,
          "30": 2.011111111111111
        },
        "zg": {
          "0": 1.0,
          "10": 1.0888888888888888,
          "20": 1.3222222222222222,
          "30": 2.011111111111111
        }
      },
      "100": {
        "exhaust": {
          "0": 1.0,
          "10": 1.0333333333333334,
          "20": 1.1,