{
  "intrusion_detection_noisy": {
    "problems": 300,
    "goals_avg": 16.666666666666668,
    "observations": {
      "25": {
        "exhaust": {
          "time": {
            "0": 6.189,
            "10": 6.197,
            "20": 6.204,
            "30": 6.187
          },
          "accuracy": {
            "0": 21.11111111111111,
            "10": 27.77777777777778,
            "20": 34.44444444444444,
            "30": 40.0
          }
        },
        "hm": {
          "time": {
            "0": 6.193,
            "10": 6.228,
            "20": 6.269,
            "30": 6.255
          },
          "accuracy": {
            "0": 21.11111111111111,
            "10": 27.77777777777778,
            "20": 34.44444444444444,
            "30": 40.0
          }
        },
        "rhw": {
          "time": {
            "0": 6.197,
            "10": 6.214,
            "20": 6.201,
            "30": 6.23
          },
          "accuracy": {
            "0": 21.11111111111111,
            "10": 27.77777777777778,
            "20": 34.44444444444444,
            "30": 40.0
          }
        },
        "zg": {
          "time": {
            "0": 6.206,
            "10": 6.212,
            "20": 6.149,
            "30": 6.223
          },
          "accuracy": {
            "0": 21.11111111111111,
            "10": 27.77777777777778,
            "20": 34.44444444444444,
            "30": 40.0
          }
        },
        "observations_avg": 3.6666666666666665
      },
      "50": {
        "exhaust": {
          "time": {
            "0": 5.788,
            "10": 5.753,
            "20": 5.754,
            "30": 5.769
          },
          "accuracy": {
            "0": 51.11111111111111,
            "10": 58.88888888888889,
            "20": 64.44444444444444,
            "30": 73.33333333333333
          }
        },
        "hm": {
          "time": {
            "0": 5.787,
            "10": 5.804,
            "20": 5.77,
            "30": 5.774
          },
          "accuracy": {
            "0": 51.11111111111111,
            "10": 58.88888888888889,
            "20": 64.44444444444444,
            "30": 73.33333333333333
          }
        },
        "rhw": {
          "time": {
            "0": 5.763,
            "10": 5.774,
            "20": 5.761,
            "30": 5.768
          },
          "accuracy": {
            "0": 51.11111111111111,
            "10": 58.88888888888889,
            "20": 64.44444444444444,
            "30": 73.33333333333333
          }
        },
        "zg": {
          "time": {
            "0": 5.759,
            "10": 5.745,
            "20": 5.743,
            "30": 5.745
          },
          "accuracy": {
            "0": 51.11111111111111,
            "10": 58.88888888888889,
            "20": 64.44444444444444,
            "30": 73.33333333333333
          }
        },
        "observations_avg": 6.7
      },
      "75": {
        "exhaust": {
          "time": {
            "0": 5.013,
            "10": 5.005,
            "20": 5.017,
            "30": 5.018
          },
          "accuracy": {
            "0": 74.44444444444444,
            "10": 80.0,
            "20": 86.66666666666667,
            "30": 88.88888888888889
          }
        },
        "hm": {
          "time": {
            "0": 5.032,
            "10": 5.039,
            "20": 5.023,
            "30": 5.037
          },
          "accuracy": {
            "0": 74.44444444444444,
            "10": 80.0,
            "20": 86.66666666666667,
            "30": 88.88888888888889
          }
        },
        "rhw": {
          "time": {
            "0": 5.007,
            "10": 5.017,
            "20": 5.016,
            "30": 5.004
          },
          "accuracy": {
            "0": 74.44444444444444,
            "10": 80.0,
            "20": 86.66666666666667,
            "30": 88.88888888888889
          }
        },
        "zg": {
          "time": {
            "0": 4.995,
            "10": 4.997,
            "20": 5.002,
            "30": 5.001
          },
          "accuracy": {
            "0": 74.44444444444444,
            "10": 80.0,
            "20": 86.66666666666667,
            "30": 88.88888888888889
          }
        },
        "observations_avg": 10.233333333333333
      },
      "100": {
        "exhaust": {
          "time": {
            "0": 6.655,
            "10": 6.698,
            "20": 6.688,
            "30": 6.692
          },
          "accuracy": {
            "0": 90.0,
            "10": 90.0,
            "20": 96.66666666666667,
            "30": 96.66666666666667
          }
        },
        "hm": {
          "time": {
            "0": 6.717,
            "10": 6.702,
            "20": 6.741,
            "30": 6.735
          },
          "accuracy": {
            "0": 90.0,
            "10": 90.0,
            "20": 96.66666666666667,
            "30": 96.66666666666667
          }
        },
        "rhw": {
          "time": {
            "0": 6.711,
            "10": 6.663,
            "20": 6.722,
            "30": 6.714
          },
          "accuracy": {
            "0": 90.0,
            "10": 90.0,
            "20": 96.66666666666667,
            "30": 96.66666666666667
          }
        },
        "zg": {
          "time": {
            "0": 6.665,
            "10": 6.693,
            "20": 6.725,
            "30": 6.681
          },
          "accuracy": {
            "0": 90.0,
            "10": 90.0,
            "20": 96.66666666666667,
            "30": 96.66666666666667
          }
        },
        "observations_avg": 15.066666666666666
      }
    },
    "landmarks_avg": {
      "exhaust": 33.066666666666656,
      "hm": 16.533333333333328,
      "rhw": 33.066666666666656,
      "zg": 16.533333333333328
    },
    "spread": {
      "25": {
        "exhaust": {
          "0": 1.0,
          "10": 1.3666666666666667,
          "20": 1.6888888888888889,
          "30": 2.088888888888889
        },
        "hm": {
          "0": 1.0,
          "10": 1.3666666666666667,
          "20": 1.6888888888888889,
          "30": 2.088888888888889
        },
        "rhw": {
          "0": 1.0,
          "10": 1.3666666666666667,
          "20": 1.6888888888888889,
          "30": 2.088888888888889
        },
        "zg": {
          "0": 1.0,
          "10": 1.3666666666666667,
          "20": 1.6888888888888889,
          "30": 2.088888888888889
        }
      },
      "50": {
        "exhaust": {
          "0": 1.0,
          "10": 1.288888888888889,
          "20": 1.6333333333333333,
          "30": 1.9666666666666666
        },
        "hm": {
          "0": 1.0,
          "10": 1.288888888888889,
          "20": 1.6333333333333333,
          "30": 1.9666666666666666
        },
        "rhw": {
          "0": 1.0,
          "10": 1.288888888888889,
          "20": 1.6333333333333333,
          "30": 1.9666666666666666
        },
        "zg": {
          "0": 1.0,
          "10": 1.288888888888889,
          "20": 1.6333333333333333,
          "30": 1.9666666666666666
        }
      },
      "75": {
        "exhaust": {
          "0": 1.0,
          "10": 1.2444444444444445,
          "20": 1.6,
          "30": 1.9777777777777779
        },
        "hm": {
          "0": 1.0,
          "10": 1.2444444444444445,
          "20": 1.6,
          "30": 1.9777777777777779
        },
        "rhw": {
          "0": 1.0,
          "10": 1.2444444444444445,
          "20": 1.6,
          "30": 1.9777777777777779
        },
        "zg": {
          "0": 1.0,
          "10": 1.2444444444444445,
          "20": 1.6,
          "30": 1.9777777777777779
        }
      },
      "100": {
        "exhaust": {
          "0": 1.0,
          "10": 1.0666666666666667,
          "20": 1.3,
          "30": 1.6666666666666667
        },
        "hm": {
          "0": 1.0,
          "10": 1.0666666666666667,
          "20": 1.3,
          "30": 1.6666666666666667
        },