{
  "kitchen": {
    "problems": 75,
    "goals_avg": 3.0,
    "observations": {
      "10": {
        "exhaust": {
          "time": {
            "0": 1.82,
            "10": 1.795,
            "20": 1.815,
            "30": 1.805
          },
          "accuracy": {
            "0": 73.33333333333333,
            "10": 73.33333333333333,
            "20": 73.33333333333333,
            "30": 73.33333333333333
          }
        },
        "hm": {
          "time": {
            "0": 1.823,
            "10": 1.823,
            "20": 1.869,
            "30": 1.815
          },
          "accuracy": {
            "0": 73.33333333333333,
            "10": 73.33333333333333,
            "20": 73.33333333333333,
            "30": 73.33333333333333
          }
        },
        "rhw": {
          "time": {
            "0": 1.874,
            "10": 1.855,
            "20": 1.84,
            "30": 1.882
          },
          "accuracy": {
            "0": 80.0,
            "10": 80.0,
            "20": 80.0,
            "30": 80.0
          }
        },
        "zg": {
          "time": {
            "0": 1.84,
            "10": 1.815,
            "20": 1.803,
            "30": 1.813
          },
          "accuracy": {
            "0": 73.33333333333333,
            "10": 73.33333333333333,
            "20": 73.33333333333333,
            "30": 73.33333333333333
          }
        },
        "observations_avg": 1.3333333333333333
      },
      "30": {
        "exhaust": {
          "time": {
            "0": 1.714,
            "10": 1.812,
            "20": 1.743,
            "30": 1.739
          },
          "accuracy": {
            "0": 100.0,
            "10": 100.0,
            "20": 100.0,
            "30": 100.0
          }
        },
        "hm": {
          "time": {
            "0": 1.751,
            "10": 1.778,
            "20": 1.759,
            "30": 1.754
          },
          "accuracy": {
            "0": 86.66666666666667,
            "10": 100.0,
            "20": 100.0,
            "30": 100.0
          }
        },
        "rhw": {
          "time": {
            "0": 1.73,
            "10": 1.74,
            "20": 1.793,
            "30": 1.8
          },
          "accuracy": {
            "0": 86.66666666666667,
            "10": 86.66666666666667,
            "20": 86.66666666666667,
            "30": 86.66666666666667
          }
        },
        "zg": {
          "time": {
            "0": 1.792,
            "10": 1.732,
            "20": 1.716,
            "30": 1.829
          },
          "accuracy": {
            "0": 86.66666666666667,
            "10": 100.0,
            "20": 100.0,
            "30": 100.0
          }
        },
        "observations_avg": 3.3333333333333335
      },
      "50": {
        "exhaust": {
          "time": {
            "0": 1.809,
            "10": 1.791,
            "20": 1.854,
            "30": 1.864
          },
          "accuracy": {
            "0": 73.33333333333333,
            "10": 73.33333333333333,
            "20": 80.0,
            "30": 80.0
          }
        },
        "hm": {
          "time": {
            "0": 1.834,
            "10": 1.867,
            "20": 1.893,
            "30": 1.871
          },
          "accuracy": {
            "0": 86.66666666666667,
            "10": 86.66666666666667,
            "20": 86.66666666666667,
            "30": 86.66666666666667
          }
        },
        "rhw": {
          "time": {
            "0": 1.826,
            "10": 1.815,
            "20": 1.864,
            "30": 1.892
          },
          "accuracy": {
            "0": 46.666666666666664,
            "10": 46.666666666666664,
            "20": 46.666666666666664,
            "30": 46.666666666666664
          }
        },
        "zg": {
          "time": {
            "0": 1.799,
            "10": 1.832,
            "20": 1.835,
            "30": 1.815
          },
          "accuracy": {
            "0": 86.66666666666667,
            "10": 86.66666666666667,
            "20": 86.66666666666667,
            "30": 86.66666666666667
          }
        },
        "observations_avg": 4.0
      },
      "70": {
        "exhaust": {
          "time": {
            "0": 1.826,
            "10": 1.846,
            "20": 1.81,
            "30": 1.824
          },
          "accuracy": {
            "0": 80.0,
            "10": 80.0,
            "20": 80.0,
            "30": 80.0
          }
        },
        "hm": {
          "time": {
            "0": 1.868,
            "10": 1.811,
            "20": 1.834,
            "30": 1.795
          },
          "accuracy": {
            "0": 100.0,
            "10": 100.0,
            "20": 100.0,
            "30": 100.0
          }
        },
        "rhw": {
          "time": {
            "0": 1.812,
            "10": 1.82,
            "20": 1.851,
            "30": 1.787
          },
          "accuracy": {
            "0": 46.666666666666664,
            "10": 46.666666666666664,
            "20": 46.666666666666664,
            "30": 46.666666666666664
          }
        },
        "zg": {
          "time": {
            "0": 1.803,
            "10": 1.798,
            "20": 1.82,
            "30": 1.838
          },
          "accuracy": {
            "0": 100.0,
            "10": 100.0,
            "20": 100.0,
            "30": 100.0
          }
        },
        "observations_avg": 5.0
      },
      "100": {
        "exhaust": {
          "time": {
            "0": 1.76,
            "10": 1.745,
            "20": 1.744,
            "30": 1.781
          },
          "accuracy": {
            "0": 60.0,
            "10": 60.0,
            "20": 60.0,
            "30": 60.0
          }
        },
        "hm": {
          "time": {
            "0": 1.74,
            "10": 1.746,
            "20": 1.781,
            "30": 1.796
          },
          "accuracy": {
            "0": 100.0,
            "10": 100.0,
            "20": 100.0,
            "30": 100.0
          }
        },
        "rhw": {
          "time": {
            "0": 1.769,
            "10": 1.755,
            "20": 1.777,
            "30": 1.748
          },
          "accuracy": {
            "0": 53.333333333333336,
            "10": 53.333333333333336,
            "20": 53.333333333333336,
            "30": 53.333333333333336
          }
        },
        "zg": {
          "time": {
            "0": 1.742,
            "10": 1.785,
            "20": 1.773,
            "30": 1.813
          },
          "accuracy": {
            "0": 100.0,
            "10": 100.0,
            "20": 100.0,
            "30": 100.0
          }
        },
        "observations_avg": 7.466666666666667
      }
    },
    "landmarks_avg": {
      "exhaust": 21.33333333333326,
      "hm": 7.666666666666678,
      "rhw": 10.0,
      "zg": 7.666666666666678
    },
    "spread": {
      "10": {
        "exhaust": {
          "0": 1.4,
          "10": 1.4,
          "20": 1.6666666666666667,
          "30": 1.6666666666666667
        },
        "hm": {
          "0": 1.4,
          "10": 1.4,
          "20": 1.4,
          "30": 1.4
        },
        "rhw": {
          "0": 2.066666666666667,
          "10": 2.066666666666667,
          "20": 2.066666666666667,
          "30": 2.066666666666667
        },
        "zg": {
          "0": 1.4,
          "10": 1.4,
          "20": 1.4,
          "30": 1.4
        }
      },
      "30": {
        "exhaust": {
          "0": 1.1333333333333333,
          "10": 1.1333333333333333,
          "20": 1.3333333333333333,
          "30": 1.4666666666666666
        },
        "hm": {
          "0": 1.2,
          "10": 1.3333333333333333,
          "20": 1.3333333333333333,
          "30": 1.3333333333333333
        },
        "rhw": {
          "0": 1.4,
          "10": 1.4,
          "20": 1.4,
          "30": 1.4
        },
        "zg": {
          "0": 1.2,
          "10": 1.3333333333333333,