{
  "kitchen": {
    "problems": 75,
    "goals_avg": 3.0,
    "observations": {
      "10": {
        "exhaust": {
          "time": {
            "0": 2.43,
            "10": 2.571
          },
          "accuracy": {
            "0": 73.33333333333333,
            "10": 73.33333333333333
          },
          "prob_accuracy": {
            "0": 100.0,
            "10": 100.0
          }
        },
        "hm": {
          "time": {
            "0": 2.431,
            "10": 2.56
          },
          "accuracy": {
            "0": 73.33333333333333,
            "10": 73.33333333333333
          },
          "prob_accuracy": {
            "0": 100.0,
            "10": 100.0
          }
        },
        "rhw": {
          "time": {
            "0": 2.463,
            "10": 2.51
          },
          "accuracy": {
            "0": 80.0,
            "10": 80.0
          },
          "prob_accuracy": {
            "0": 100.0,
            "10": 100.0
          }
        },
        "zg": {
          "time": {
            "0": 2.463,
            "10": 2.394
          },
          "accuracy": {
            "0": 73.33333333333333,
            "10": 73.33333333333333
          },
          "prob_accuracy": {
            "0": 100.0,
            "10": 100.0
          }
        },
        "hoffmann": {
          "time": {
            "0": 20.703,
            "10": 20.83
          },
          "accuracy": {
            "0": 80.0,
            "10": 80.0
          },
          "prob_accuracy": {
            "0": 100.0,
            "10": 100.0
          }
        },
        "observations_avg": 1.3333333333333333
      },
      "30": {
        "exhaust": {
          "time": {
            "0": 2.43,
            "10": 2.34
          },
          "accuracy": {
            "0": 100.0,
            "10": 100.0
          },
          "prob_accuracy": {
            "0": 100.0,
            "10": 100.0
          }
        },
        "hm": {
          "time": {
            "0": 2.309,
            "10": 2.334
          },
          "accuracy": {
            "0": 86.66666666666667,
            "10": 100.0
          },
          "prob_accuracy": {
            "0": 100.0,
            "10": 100.0
          }
        },
        "rhw": {
          "time": {
            "0": 2.309,
            "10": 2.376
          },
          "accuracy": {
            "0": 86.66666666666667,
            "10": 86.66666666666667
          },
          "prob_accuracy": {
            "0": 100.0,
            "10": 100.0
          }
        },
        "zg": {
          "time": {
            "0": 2.488,
            "10": 2.282
          },
          "accuracy": {
            "0": 86.66666666666667,
            "10": 100.0
          },
          "prob_accuracy": {
            "0": 100.0,
            "10": 100.0
          }
        },
        "hoffmann": {
          "time": {
            "0": 20.104,
            "10": 20.344
          },
          "accuracy": {
            "0": 86.66666666666667,
            "10": 86.66666666666667
          },
          "prob_accuracy": {
            "0": 100.0,
            "10": 100.0
          }
        },
        "observations_avg": 3.3333333333333335
      },
      "50": {
        "exhaust": {
          "time": {
            "0": 2.268,
            "10": 2.55
          },
          "accuracy": {
            "0": 73.33333333333333,
            "10": 73.33333333333333
          },
          "prob_accuracy": {
            "0": 100.0,
            "10": 100.0
          }
        },
        "hm": {
          "time": {
            "0": 2.314,
            "10": 2.414
          },
          "accuracy": {
            "0": 86.66666666666667,
            "10": 86.66666666666667
          },
          "prob_accuracy": {
            "0": 100.0,
            "10": 100.0
          }
        },
        "rhw": {
          "time": {
            "0": 2.384,
            "10": 2.256
          },
          "accuracy": {
            "0": 46.666666666666664,
            "10": 46.666666666666664
          },
          "prob_accuracy": {
            "0": 100.0,
            "10": 100.0
          }
        },
        "zg": {
          "time": {
            "0": 2.39,
            "10": 2.484
          },
          "accuracy": {
            "0": 86.66666666666667,
            "10": 86.66666666666667
          },
          "prob_accuracy": {
            "0": 100.0,
            "10": 100.0
          }
        },
        "hoffmann": {
          "time": {
            "0": 20.485,
            "10": 20.638
          },
          "accuracy": {
            "0": 46.666666666666664,
            "10": 46.666666666666664
          },
          "prob_accuracy": {
            "0": 100.0,
            "10": 100.0
          }
        },
        "observations_avg": 4.0
      },
      "70": {
        "exhaust": {
          "time": {
            "0": 2.367,
            "10": 2.567
          },
          "accuracy": {
            "0": 80.0,
            "10": 80.0
          },
          "prob_accuracy": {
            "0": 100.0,
            "10": 100.0
          }
        },
        "hm": {
          "time": {
            "0": 2.257,
            "10": 2.383
          },
          "accuracy": {
            "0": 100.0,
            "10": 100.0
          },
          "prob_accuracy": {
            "0": 100.0,
            "10": 100.0
          }
        },
        "rhw": {
          "time": {
            "0": 2.482,
            "10": 2.327
          },
          "accuracy": {
            "0": 46.666666666666664,
            "10": 46.666666666666664
          },
          "prob_accuracy": {
            "0": 100.0,
            "10": 100.0
          }
        },
        "zg": {
          "time": {
            "0": 2.5,
            "10": 2.43
          },
          "accuracy": {
            "0": 100.0,
            "10": 100.0
          },
          "prob_accuracy": {
            "0": 100.0,
            "10": 100.0
          }
        },
        "hoffmann": {
          "time": {
            "0": 20.281,
            "10": 20.573
          },
          "accuracy": {
            "0": 46.666666666666664,
            "10": 46.666666666666664
          },
          "prob_accuracy": {
            "0": 100.0,
            "10": 100.0
          }
        },
        "observations_avg": 5.0
      },
      "100": {
        "exhaust": {
          "time": {
            "0": 2.542,
            "10": 2.534
          },
          "accuracy": {
            "0": 60.0,
            "10": 60.0
          },
          "prob_accuracy": {
            "0": 100.0,
            "10": 100.0
          }
        },
        "hm": {
          "time": {
            "0": 2.458,
            "10": 2.505
          },
          "accuracy": {
            "0": 100.0,
            "10": 100.0
          },
          "prob_accuracy": {
            "0": 100.0,
            "10": 100.0
          }
        },
        "rhw": {
          "time": {
            "0": 2.414,
            "10": 2.428
          },
          "accuracy": {
            "0": 53.333333333333336,
            "10": 53.333333333333336
          },
          "prob_accuracy": {
            "0": 100.0,
            "10": 100.0
          }
        },
        "zg": {
          "time": {
            "0": 2.599,
            "10": 2.536
          },
          "accuracy": {
            "0": 100.0,
            "10": 100.0
          },
          "prob_accuracy": {
            "0": 100.0,
            "10": 100.0
          }
        },
        "hoffmann": {
          "time": {
            "0": 20.839,
            "10": 20.709
          },
          "accuracy": {
            "0": 53.333333333333336,
            "10": 53.333333333333336
          },
          "prob_accuracy": {
            "0": 100.0,
            "10": 100.0
          }
        },
        "observations_avg": 7.466666666666667
      }
    },
    "landmarks_avg": {
      "exhaust": 21.333333333333368,
      "hm": 7.6666666666666625,
      "rhw": 10.0,