{
  "kitchen": {
    "problems": 75,
    "goals_avg": 3.0,
    "observations": {
      "10": {
        "exhaust": {
          "time": {
            "0": 1.774,
            "10": 1.799,
            "20": 1.78,
            "30": 1.794
          },
          "accuracy": {
            "0": 73.33333333333333,
            "10": 73.33333333333333,
            "20": 73.33333333333333,
            "30": 73.33333333333333
          }
        },
        "hm": {
          "time": {
            "0": 1.75,
            "10": 1.769,
            "20": 1.765,
            "30": 1.75
          },
          "accuracy": {
            "0": 73.33333333333333,
            "10": 73.33333333333333,
            "20": 73.33333333333333,
            "30": 73.33333333333333
          }
        },
        "rhw": {
          "time": {
            "0": 1.707,
            "10": 1.706,
            "20": 1.78,
            "30": 1.699
          },
          "accuracy": {
            "0": 80.0,
            "10": 80.0,
            "20": 80.0,
            "30": 80.0
          }
        },
        "zg": {
          "time": {
            "0": 1.73,
            "10": 1.786,
            "20": 1.71,
            "30": 1.774
          },
          "accuracy": {
            "0": 73.33333333333333,
            "10": 73.33333333333333,
            "20": 73.33333333333333,
            "30": 73.33333333333333
          }
        },
        "observations_avg": 1.3333333333333333
      },
      "30": {
        "exhaust": {
          "time": {
            "0": 1.777,
            "10": 1.737,
            "20": 1.694,
            "30": 1.732
          },
          "accuracy": {
            "0": 100.0,
            "10": 100.0,
            "20": 100.0,
            "30": 100.0
          }
        },
        "hm": {
          "time": {
            "0": 1.763,
            "10": 1.774,
            "20": 1.737,
            "30": 1.731
          },
          "accuracy": {
            "0": 86.66666666666667,
            "10": 100.0,
            "20": 100.0,
            "30": 100.0
          }
        },
        "rhw": {
          "time": {
            "0": 1.728,
            "10": 1.753,
            "20": 1.725,
            "30": 1.735
          },
          "accuracy": {
            "0": 86.66666666666667,
            "10": 86.66666666666667,
            "20": 86.66666666666667,
            "30": 86.66666666666667
          }
        },
        "zg": {
          "time": {
            "0": 1.748,
            "10": 1.72,
            "20": 1.739,
            "30": 1.694
          },
          "accuracy": {
            "0": 86.66666666666667,
            "10": 100.0,
            "20": 100.0,
            "30": 100.0
          }
        },
        "observations_avg": 3.3333333333333335
      },
      "50": {
        "exhaust": {
          "time": {
            "0": 1.811,
            "10": 1.853,
            "20": 1.875,
            "30": 1.822
          },
          "accuracy": {
            "0": 73.33333333333333,
            "10": 73.33333333333333,
            "20": 80.0,
            "30": 80.0
          }
        },
        "hm": {
          "time": {
            "0": 1.843,
            "10": 1.839,
            "20": 1.894,
            "30": 1.795
          },
          "accuracy": {
            "0": 86.66666666666667,
            "10": 86.66666666666667,
            "20": 86.66666666666667,
            "30": 86.66666666666667
          }
        },
        "rhw": {
          "time": {
            "0": 1.811,
            "10": 1.823,
            "20": 1.871,
            "30": 1.86
          },
          "accuracy": {
            "0": 46.666666666666664,
            "10": 46.666666666666664,
            "20": 46.666666666666664,
            "30": 46.666666666666664
          }
        },
        "zg": {
          "time": {
            "0": 1.859,
            "10": 1.828,
            "20": 1.866,
            "30": 1.842
          },
          "accuracy": {
            "0": 86.66666666666667,
            "10": 86.66666666666667,
            "20": 86.66666666666667,
            "30": 86.66666666666667
          }
        },
        "observations_avg": 4.0
      },
      "70": {
        "exhaust": {
          "time": {
            "0": 1.808,
            "10": 1.796,
            "20": 1.824,
            "30": 1.775
          },
          "accuracy": {
            "0": 80.0,
            "10": 80.0,
            "20": 80.0,
            "30": 80.0
          }
        },
        "hm": {
          "time": {
            "0": 1.801,
            "10": 1.775,
            "20": 1.81,
            "30": 1.885
          },
          "accuracy": {
            "0": 100.0,
            "10": 100.0,
            "20": 100.0,
            "30": 100.0
          }
        },
        "rhw": {
          "time": {
            "0": 1.813,
            "10": 1.756,
            "20": 1.777,
            "30": 1.809
          },
          "accuracy": {
            "0": 46.666666666666664,
            "10": 46.666666666666664,
            "20": 46.666666666666664,
            "30": 46.666666666666664
          }
        },
        "zg": {
          "time": {
            "0": 1.83,
            "10": 1.809,
            "20": 1.778,
            "30": 1.754
          },
          "accuracy": {
            "0": 100.0,
            "10": 100.0,
            "20": 100.0,
            "30": 100.0
          }
        },
        "observations_avg": 5.0
      },
      "100": {
        "exhaust": {
          "time": {
            "0": 1.693,
            "10": 1.698,
            "20": 1.701,
            "30": 1.758
          },
          "accuracy": {
            "0": 60.0,
            "10": 60.0,
            "20": 60.0,
            "30": 60.0
          }
        },
        "hm": {
          "time": {
            "0": 1.679,
            "10": 1.727,
            "20": 1.681,
            "30": 1.739
          },
          "accuracy": {
            "0": 100.0,
            "10": 100.0,
            "20": 100.0,
            "30": 100.0
          }
        },
        "rhw": {
          "time": {
            "0": 1.7,
            "10": 1.679,
            "20": 1.71,
            "30": 1.692
          },
          "accuracy": {
            "0": 53.333333333333336,
            "10": 53.333333333333336,
            "20": 53.333333333333336,
            "30": 53.333333333333336
          }
        },
        "zg": {
          "time": {
            "0": 1.708,
            "10": 1.7,
            "20": 1.725,
            "30": 1.744
          },
          "accuracy": {
            "0": 100.0,
            "10": 100.0,
            "20": 100.0,
            "30": 100.0
          }
        },
        "observations_avg": 7.466666666666667
      }
    },
    "landmarks_avg": {
      "exhaust": 21.33333333333326,
      "hm": 7.666666666666678,
      "rhw": 10.0,
      "zg": 7.666666666666678
    }
  }
}