{
  "kitchen": {
    "problems": 75,
    "goals_avg": 3.0,
    "observations": {
      "10": {
        "exhaust": {
          "time": {
            "0": 1.863,
            "10": 1.85,
            "20": 1.906,
            "30": 1.907
          },
          "accuracy": {
            "0": 73.33333333333333,
            "10": 73.33333333333333,
            "20": 73.33333333333333,
            "30": 73.33333333333333
          }
        },
        "hm": {
          "time": {
            "0": 1.971,
            "10": 1.85,
            "20": 1.879,
            "30": 1.965
          },
          "accuracy": {
            "0": 73.33333333333333,
            "10": 73.33333333333333,
            "20": 73.33333333333333,
            "30": 73.33333333333333
          }
        },
        "rhw": {
          "time": {
            "0": 1.923,
            "10": 1.913,
            "20": 1.806,
            "30": 1.861
          },
          "accuracy": {
            "0": 80.0,
            "10": 80.0,
            "20": 80.0,
            "30": 80.0
          }
        },
        "zg": {
          "time": {
            "0": 1.862,
            "10": 1.944,
            "20": 1.834,
            "30": 1.826
          },
          "accuracy": {
            "0": 73.33333333333333,
            "10": 73.33333333333333,
            "20": 73.33333333333333,
            "30": 73.33333333333333
          }
        },
        "observations_avg": 1.3333333333333333
      },
      "30": {
        "exhaust": {
          "time": {
            "0": 1.817,
            "10": 1.785,
            "20": 1.825,
            "30": 1.8
          },
          "accuracy": {
            "0": 100.0,
            "10": 100.0,
            "20": 100.0,
            "30": 100.0
          }
        },
        "hm": {
          "time": {
            "0": 1.842,
            "10": 1.815,
            "20": 1.819,
            "30": 1.814
          },
          "accuracy": {
            "0": 86.66666666666667,
            "10": 100.0,
            "20": 100.0,
            "30": 100.0
          }
        },
        "rhw": {
          "time": {
            "0": 1.792,
            "10": 1.801,
            "20": 1.75,
            "30": 1.783
          },
          "accuracy": {
            "0": 86.66666666666667,
            "10": 86.66666666666667,
            "20": 86.66666666666667,
            "30": 86.66666666666667
          }
        },
        "zg": {
          "time": {
            "0": 1.778,
            "10": 1.794,
            "20": 1.804,
            "30": 1.797
          },
          "accuracy": {
            "0": 86.66666666666667,
            "10": 100.0,
            "20": 100.0,
            "30": 100.0
          }
        },
        "observations_avg": 3.3333333333333335
      },
      "50": {
        "exhaust": {
          "time": {
            "0": 1.971,
            "10": 1.834,
            "20": 1.798,
            "30": 1.96
          },
          "accuracy": {
            "0": 73.33333333333333,
            "10": 73.33333333333333,
            "20": 80.0,
            "30": 80.0
          }
        },
        "hm": {
          "time": {
            "0": 1.906,
            "10": 1.879,
            "20": 1.846,
            "30": 1.944
          },
          "accuracy": {
            "0": 86.66666666666667,
            "10": 86.66666666666667,
            "20": 86.66666666666667,
            "30": 86.66666666666667
          }
        },
        "rhw": {
          "time": {
            "0": 1.9,
            "10": 1.939,
            "20": 1.839,
            "30": 1.809
          },
          "accuracy": {
            "0": 46.666666666666664,
            "10": 46.666666666666664,
            "20": 46.666666666666664,
            "30": 46.666666666666664
          }
        },
        "zg": {
          "time": {
            "0": 1.914,
            "10": 1.931,
            "20": 1.859,
            "30": 1.872
          },
          "accuracy": {
            "0": 86.66666666666667,
            "10": 86.66666666666667,
            "20": 86.66666666666667,
            "30": 86.66666666666667
          }
        },
        "observations_avg": 4.0
      },
      "70": {
        "exhaust": {
          "time": {
            "0": 1.964,
            "10": 1.856,
            "20": 1.835,
            "30": 1.949
          },
          "accuracy": {
            "0": 80.0,
            "10": 80.0,
            "20": 80.0,
            "30": 80.0
          }
        },
        "hm": {
          "time": {
            "0": 1.888,
            "10": 1.871,
            "20": 1.859,
            "30": 1.969
          },
          "accuracy": {
            "0": 100.0,
            "10": 100.0,
            "20": 100.0,
            "30": 100.0
          }
        },
        "rhw": {
          "time": {
            "0": 1.877,
            "10": 1.892,
            "20": 1.956,
            "30": 1.863
          },
          "accuracy": {
            "0": 46.666666666666664,
            "10": 46.666666666666664,
            "20": 46.666666666666664,
            "30": 46.666666666666664
          }
        },
        "zg": {
          "time": {
            "0": 1.831,
            "10": 1.909,
            "20": 1.924,
            "30": 1.826
          },
          "accuracy": {
            "0": 100.0,
            "10": 100.0,
            "20": 100.0,
            "30": 100.0
          }
        },
        "observations_avg": 5.0
      },
      "100": {
        "exhaust": {
          "time": {
            "0": 1.758,
            "10": 1.77,
            "20": 1.778,
            "30": 1.753
          },
          "accuracy": {
            "0": 60.0,
            "10": 60.0,
            "20": 60.0,
            "30": 60.0
          }
        },
        "hm": {
          "time": {
            "0": 1.704,
            "10": 1.729,
            "20": 1.709,
            "30": 1.748
          },
          "accuracy": {
            "0": 100.0,
            "10": 100.0,
            "20": 100.0,
            "30": 100.0
          }
        },
        "rhw": {
          "time": {
            "0": 1.727,
            "10": 1.712,
            "20": 1.776,
            "30": 1.739
          },
          "accuracy": {
            "0": 53.333333333333336,
            "10": 53.333333333333336,
            "20": 53.333333333333336,
            "30": 53.333333333333336
          }
        },
        "zg": {
          "time": {
            "0": 1.765,
            "10": 1.794,
            "20": 1.792,
            "30": 1.775
          },
          "accuracy": {
            "0": 100.0,
            "10": 100.0,
            "20": 100.0,
            "30": 100.0
          }
        },
        "observations_avg": 7.466666666666667
      }
    },
    "landmarks_avg": {
      "exhaust": 21.33333333333326,
      "hm": 7.666666666666678,
      "rhw": 10.0,
      "zg": 7.666666666666678
    }
  }
}