{
  "kitchen": {
    "problems": 75,
    "goals_avg": 3.0,
    "observations": {
      "10": {
        "hoffmann": {
          "time": {
            "0": 18.663,
            "10": 18.781,
            "20": 18.618,
            "30": 18.496
          },
          "accuracy": {
            "0": 80.0,
            "10": 80.0,
            "20": 80.0,
            "30": 80.0
          }
        },
        "observations_avg": 1.3333333333333333
      },
      "30": {
        "hoffmann": {
          "time": {
            "0": 18.311,
            "10": 18.211,
            "20": 18.326,
            "30": 18.473
          },
          "accuracy": {
            "0": 86.66666666666667,
            "10": 86.66666666666667,
            "20": 86.66666666666667,
            "30": 86.66666666666667
          }
        },
        "observations_avg": 3.3333333333333335
      },
      "50": {
        "hoffmann": {
          "time": {
            "0": 13.381,
            "10": 13.371,
            "20": 13.502,
            "30": 13.559
          },
          "accuracy": {
            "0": 46.666666666666664,
            "10": 46.666666666666664,
            "20": 46.666666666666664,
            "30": 46.666666666666664
          }
        },
        "observations_avg": 4.0
      },
      "70": {
        "hoffmann": {
          "time": {
            "0": 18.223,
            "10": 18.432,
            "20": 18.141,
            "30": 18.648
          },
          "accuracy": {
            "0": 46.666666666666664,
            "10": 46.666666666666664,
            "20": 46.666666666666664,
            "30": 46.666666666666664
          }
        },
        "observations_avg": 5.0
      },
      "100": {
        "hoffmann": {
          "time": {
            "0": 5.956,
            "10": 5.896,
            "20": 5.966,
            "30": 6.354
          },
          "accuracy": {
            "0": 53.333333333333336,
            "10": 53.333333333333336,
            "20": 53.333333333333336,
            "30": 53.333333333333336
          }
        },
        "observations_avg": 7.466666666666667
      }
    },
    "landmarks_avg": {
      "hoffmann": 5.0
    },
    "spread": {
      "10": {
        "hoffmann": {
          "0": 2.066666666666667,
          "10": 2.066666666666667,
          "20": 2.066666666666667,
          "30": 2.066666666666667
        }
      },
      "30": {
        "hoffmann": {
          "0": 1.4,
          "10": 1.4,
          "20": 1.4,
          "30": 1.4
        }
      },
      "50": {
        "hoffmann": {
          "0": 1.1333333333333333,
          "10": 1.1333333333333333,
          "20": 1.1333333333333333,
          "30": 1.1333333333333333
        }
      },
      "70": {
        "hoffmann": {
          "0": 1.0,
          "10": 1.0,
          "20": 1.0,
          "30": 1.0
        }
      },
      "100": {
        "hoffmann": {
          "0": 1.0,
          "10": 1.0,
          "20": 1.0,
          "30": 1.0
        }
      }
    }
  }
}