{
  "kitchen": {
    "problems": 75,
    "goals_avg": 3.0,
    "observations": {
      "10": {
        "exhaust": {
          "time": {
            "0": 1.964,
            "10": 1.939,
            "20": 1.985,
            "30": 1.952
          },
          "accuracy": {
            "0": 73.33333333333333,
            "10": 73.33333333333333,
            "20": 73.33333333333333,
            "30": 73.33333333333333
          }
        },
        "hm": {
          "time": {
            "0": 1.957,
            "10": 1.951,
            "20": 1.993,
            "30": 1.986
          },
          "accuracy": {
            "0": 73.33333333333333,
            "10": 73.33333333333333,
            "20": 73.33333333333333,
            "30": 73.33333333333333
          }
        },
        "rhw": {
          "time": {
            "0": 2.065,
            "10": 1.942,
            "20": 1.935,
            "30": 2.006
          },
          "accuracy": {
            "0": 80.0,
            "10": 80.0,
            "20": 80.0,
            "30": 80.0
          }
        },
        "zg": {
          "time": {
            "0": 1.951,
            "10": 1.971,
            "20": 1.896,
            "30": 1.979
          },
          "accuracy": {
            "0": 73.33333333333333,
            "10": 73.33333333333333,
            "20": 73.33333333333333,
            "30": 73.33333333333333
          }
        },
        "observations_avg": 1.3333333333333333
      },
      "30": {
        "exhaust": {
          "time": {
            "0": 2.005,
            "10": 1.99,
            "20": 1.987,
            "30": 2.08
          },
          "accuracy": {
            "0": 100.0,
            "10": 100.0,
            "20": 100.0,
            "30": 100.0
          }
        },
        "hm": {
          "time": {
            "0": 2.024,
            "10": 2.033,
            "20": 1.991,
            "30": 1.997
          },
          "accuracy": {
            "0": 86.66666666666667,
            "10": 100.0,
            "20": 100.0,
            "30": 100.0
          }
        },
        "rhw": {
          "time": {
            "0": 2.06,
            "10": 1.984,
            "20": 2.009,
            "30": 2.03
          },
          "accuracy": {
            "0": 86.66666666666667,
            "10": 86.66666666666667,
            "20": 86.66666666666667,
            "30": 86.66666666666667
          }
        },
        "zg": {
          "time": {
            "0": 1.983,
            "10": 2.016,
            "20": 2.004,
            "30": 2.015
          },
          "accuracy": {
            "0": 86.66666666666667,
            "10": 100.0,
            "20": 100.0,
            "30": 100.0
          }
        },
        "observations_avg": 3.3333333333333335
      },
      "50": {
        "exhaust": {
          "time": {
            "0": 1.928,
            "10": 1.936,
            "20": 2.039,
            "30": 1.974
          },
          "accuracy": {
            "0": 73.33333333333333,
            "10": 73.33333333333333,
            "20": 80.0,
            "30": 80.0
          }
        },
        "hm": {
          "time": {
            "0": 1.959,
            "10": 1.966,
            "20": 1.985,
            "30": 2.003
          },
          "accuracy": {
            "0": 86.66666666666667,
            "10": 86.66666666666667,
            "20": 86.66666666666667,
            "30": 86.66666666666667
          }
        },
        "rhw": {
          "time": {
            "0": 1.928,
            "10": 1.952,
            "20": 1.968,
            "30": 1.972
          },
          "accuracy": {
            "0": 46.666666666666664,
            "10": 46.666666666666664,
            "20": 46.666666666666664,
            "30": 46.666666666666664
          }
        },
        "zg": {
          "time": {
            "0": 1.921,
            "10": 1.966,
            "20": 1.95,
            "30": 1.932
          },
          "accuracy": {
            "0": 86.66666666666667,
            "10": 86.66666666666667,
            "20": 86.66666666666667,
            "30": 86.66666666666667
          }
        },
        "observations_avg": 4.0
      },
      "70": {
        "exhaust": {
          "time": {
            "0": 1.926,
            "10": 1.912,
            "20": 1.948,
            "30": 1.868
          },
          "accuracy": {
            "0": 80.0,
            "10": 80.0,
            "20": 80.0,
            "30": 80.0
          }
        },
        "hm": {
          "time": {
            "0": 1.972,
            "10": 1.88,
            "20": 1.905,
            "30": 1.98
          },
          "accuracy": {
            "0": 100.0,
            "10": 100.0,
            "20": 100.0,
            "30": 100.0
          }
        },
        "rhw": {
          "time": {
            "0": 1.929,
            "10": 1.925,
            "20": 1.914,
            "30": 1.946
          },
          "accuracy": {
            "0": 46.666666666666664,
            "10": 46.666666666666664,
            "20": 46.666666666666664,
            "30": 46.666666666666664
          }
        },
        "zg": {
          "time": {
            "0": 1.915,
            "10": 1.868,
            "20": 1.951,
            "30": 1.918
          },
          "accuracy": {
            "0": 100.0,
            "10": 100.0,
            "20": 100.0,
            "30": 100.0
          }
        },
        "observations_avg": 5.0
      },
      "100": {
        "exhaust": {
          "time": {
            "0": 1.787,
            "10": 1.805,
            "20": 1.805,
            "30": 1.815
          },
          "accuracy": {
            "0": 60.0,
            "10": 60.0,
            "20": 60.0,
            "30": 60.0
          }
        },
        "hm": {
          "time": {
            "0": 1.821,
            "10": 1.806,
            "20": 1.834,
            "30": 1.848
          },
          "accuracy": {
            "0": 100.0,
            "10": 100.0,
            "20": 100.0,
            "30": 100.0
          }
        },
        "rhw": {
          "time": {
            "0": 1.848,
            "10": 1.831,
            "20": 1.808,
            "30": 1.818
          },
          "accuracy": {
            "0": 53.333333333333336,
            "10": 53.333333333333336,
            "20": 53.333333333333336,
            "30": 53.333333333333336
          }
        },
        "zg": {
          "time": {
            "0": 1.81,
            "10": 1.833,
            "20": 1.829,
            "30": 1.856
          },
          "accuracy": {
            "0": 100.0,
            "10": 100.0,
            "20": 100.0,
            "30": 100.0
          }
        },
        "observations_avg": 7.466666666666667
      }
    },
    "landmarks_avg": {
      "exhaust": 21.33333333333326,
      "hm": 7.666666666666678,
      "rhw": 10.0,
      "zg": 7.666666666666678
    },
    "spread": {
      "10": {
        "exhaust": {
          "0": 1.4,
          "10": 1.4,
          "20": 1.6666666666666667,
          "30": 1.6666666666666667
        },
        "hm": {
          "0": 1.4,
          "10": 1.4,
          "20": 1.4,
          "30": 1.4
        },
        "rhw": {
          "0": 2.066666666666667,
          "10": 2.066666666666667,
          "20": 2.066666666666667,
          "30": 2.066666666666667
        },
        "zg": {
          "0": 1.4,
          "10": 1.4,
          "20": 1.4,
          "30": 1.4
        }
      },
      "30": {
        "exhaust": {
          "0": 1.1333333333333333,
          "10": 1.1333333333333333,
          "20": 1.3333333333333333,
          "30": 1.4666666666666666
        },
        "hm": {
          "0": 1.2,
          "10": 1.3333333333333333,
          "20": 1.3333333333333333,
          "30": 1.3333333333333333
        },
        "rhw": {
          "0": 1.4,
          "10": 1.4,
          "20": 1.4,
          "30": 1.4
        },
        "zg": {
          "0": 1.2,
          "10": 1.3333333333333333,