{
  "kitchen": {
    "problems": 75,
    "goals_avg": 3.0,
    "observations": {
      "10": {
        "exhaust": {
          "time": {
            "0": 1.803,
            "10": 1.806,
            "20": 1.815,
            "30": 1.809
          },
          "accuracy": {
            "0": 86.66666666666667,
            "10": 86.66666666666667,
            "20": 86.66666666666667,
            "30": 86.66666666666667
          }
        },
        "hm": {
          "time": {
            "0": 1.788,
            "10": 1.828,
            "20": 1.799,
            "30": 1.806
          },
          "accuracy": {
            "0": 73.33333333333333,
            "10": 73.33333333333333,
            "20": 73.33333333333333,
            "30": 86.66666666666667
          }
        },
        "rhw": {
          "time": {
            "0": 1.829,
            "10": 1.756,
            "20": 1.839,
            "30": 1.764
          },
          "accuracy": {
            "0": 80.0,
            "10": 80.0,
            "20": 80.0,
            "30": 80.0
          }
        },
        "zg": {
          "time": {
            "0": 1.783,
            "10": 1.813,
            "20": 1.808,
            "30": 1.817
          },
          "accuracy": {
            "0": 73.33333333333333,
            "10": 73.33333333333333,
            "20": 73.33333333333333,
            "30": 86.66666666666667
          }
        },
        "observations_avg": 1.3333333333333333
      },
      "30": {
        "exhaust": {
          "time": {
            "0": 1.717,
            "10": 1.771,
            "20": 1.716,
            "30": 1.74
          },
          "accuracy": {
            "0": 100.0,
            "10": 100.0,
            "20": 100.0,
            "30": 100.0
          }
        },
        "hm": {
          "time": {
            "0": 1.776,
            "10": 1.792,
            "20": 1.773,
            "30": 1.775
          },
          "accuracy": {
            "0": 100.0,
            "10": 100.0,
            "20": 100.0,
            "30": 100.0
          }
        },
        "rhw": {
          "time": {
            "0": 1.788,
            "10": 1.696,
            "20": 1.721,
            "30": 1.71
          },
          "accuracy": {
            "0": 86.66666666666667,
            "10": 86.66666666666667,
            "20": 86.66666666666667,
            "30": 86.66666666666667
          }
        },
        "zg": {
          "time": {
            "0": 1.733,
            "10": 1.745,
            "20": 1.763,
            "30": 1.783
          },
          "accuracy": {
            "0": 100.0,
            "10": 100.0,
            "20": 100.0,
            "30": 100.0
          }
        },
        "observations_avg": 3.3333333333333335
      },
      "50": {
        "exhaust": {
          "time": {
            "0": 1.856,
            "10": 1.857,
            "20": 1.819,
            "30": 1.785
          },
          "accuracy": {
            "0": 73.33333333333333,
            "10": 73.33333333333333,
            "20": 80.0,
            "30": 80.0
          }
        },
        "hm": {
          "time": {
            "0": 1.819,
            "10": 1.863,
            "20": 1.846,
            "30": 1.811
          },
          "accuracy": {
            "0": 86.66666666666667,
            "10": 86.66666666666667,
            "20": 86.66666666666667,
            "30": 86.66666666666667
          }
        },
        "rhw": {
          "time": {
            "0": 1.819,
            "10": 1.895,
            "20": 1.826,
            "30": 1.807
          },
          "accuracy": {
            "0": 46.666666666666664,
            "10": 46.666666666666664,
            "20": 46.666666666666664,
            "30": 46.666666666666664
          }
        },
        "zg": {
          "time": {
            "0": 1.839,
            "10": 1.834,
            "20": 1.788,
            "30": 1.803
          },
          "accuracy": {
            "0": 86.66666666666667,
            "10": 86.66666666666667,
            "20": 86.66666666666667,
            "30": 86.66666666666667
          }
        },
        "observations_avg": 4.0
      },
      "70": {
        "exhaust": {
          "time": {
            "0": 1.798,
            "10": 1.83,
            "20": 1.864,
            "30": 1.818
          },
          "accuracy": {
            "0": 80.0,
            "10": 80.0,
            "20": 80.0,
            "30": 80.0
          }
        },
        "hm": {
          "time": {
            "0": 1.849,
            "10": 1.845,
            "20": 1.814,
            "30": 1.85
          },
          "accuracy": {
            "0": 100.0,
            "10": 100.0,
            "20": 100.0,
            "30": 100.0
          }
        },
        "rhw": {
          "time": {
            "0": 1.827,
            "10": 1.856,
            "20": 1.804,
            "30": 1.802
          },
          "accuracy": {
            "0": 46.666666666666664,
            "10": 46.666666666666664,
            "20": 46.666666666666664,
            "30": 46.666666666666664
          }
        },
        "zg": {
          "time": {
            "0": 1.781,
            "10": 1.864,
            "20": 1.864,
            "30": 1.811
          },
          "accuracy": {
            "0": 100.0,
            "10": 100.0,
            "20": 100.0,
            "30": 100.0
          }
        },
        "observations_avg": 5.0
      },
      "100": {
        "exhaust": {
          "time": {
            "0": 1.674,
            "10": 1.657,
            "20": 1.693,
            "30": 1.704
          },
          "accuracy": {
            "0": 60.0,
            "10": 60.0,
            "20": 60.0,
            "30": 60.0
          }
        },
        "hm": {
          "time": {
            "0": 1.671,
            "10": 1.687,
            "20": 1.675,
            "30": 1.706
          },
          "accuracy": {
            "0": 100.0,
            "10": 100.0,
            "20": 100.0,
            "30": 100.0
          }
        },
        "rhw": {
          "time": {
            "0": 1.679,
            "10": 1.673,
            "20": 1.679,
            "30": 1.669
          },
          "accuracy": {
            "0": 53.333333333333336,
            "10": 53.333333333333336,
            "20": 53.333333333333336,
            "30": 53.333333333333336
          }
        },
        "zg": {
          "time": {
            "0": 1.671,
            "10": 1.684,
            "20": 1.672,
            "30": 1.644
          },
          "accuracy": {
            "0": 100.0,
            "10": 100.0,
            "20": 100.0,
            "30": 100.0
          }
        },
        "observations_avg": 7.466666666666667
      }
    },
    "landmarks_avg": {
      "exhaust": 21.33333333333326,
      "hm": 7.666666666666678,
      "rhw": 10.0,
      "zg": 7.666666666666678
    },
    "spread": {
      "10": {
        "exhaust": {
          "0": 1.4,
          "10": 1.5333333333333334,
          "20": 1.8,
          "30": 1.8
        },
        "hm": {
          "0": 1.4,
          "10": 1.4,
          "20": 1.4,
          "30": 1.5333333333333334
        },
        "rhw": {
          "0": 2.066666666666667,
          "10": 2.066666666666667,
          "20": 2.066666666666667,
          "30": 2.066666666666667
        },
        "zg": {
          "0": 1.4,
          "10": 1.4,
          "20": 1.4,
          "30": 1.5333333333333334
        }
      },
      "30": {
        "exhaust": {
          "0": 1.1333333333333333,
          "10": 1.1333333333333333,
          "20": 1.3333333333333333,
          "30": 1.3333333333333333
        },
        "hm": {
          "0": 1.2,
          "10": 1.2,
          "20": 1.2,
          "30": 1.2
        },
        "rhw": {
          "0": 1.4,
          "10": 1.4,
          "20": 1.4,
          "30": 1.4
        },
        "zg": {
          "0": 1.2,
          "10": 1.2,
          "20": 1.2,
          "30": 1.2
        }
      },