{
  "kitchen": {
    "problems": 75,
    "goals_avg": 3.0,
    "landmarks_avg": 21.333333333333314,
    "observations": {
      "10": {
        "exhaust": {
          "time": {
            "0": 8.153,
            "10": 8.238,
            "20": 8.149,
            "30": 8.201
          },
          "accuracy": {
            "0": 0.0,
            "10": 0.0,
            "20": 0.0,
            "30": 0.0
          }
        },
        "hm": {
          "time": {
            "0": 0.0,
            "10": 0.0,
            "20": 0.0,
            "30": 0.0
          },
          "accuracy": {
            "0": 0.0,
            "10": 0.0,
            "20": 0.0,
            "30": 0.0
          }
        },
        "rhw": {
          "time": {
            "0": 0.0,
            "10": 0.0,
            "20": 0.0,
            "30": 0.0
          },
          "accuracy": {
            "0": 0.0,
            "10": 0.0,
            "20": 0.0,
            "30": 0.0
          }
        },
        "zg": {
          "time": {
            "0": 0.0,
            "10": 0.0,
            "20": 0.0,
            "30": 0.0
          },
          "accuracy": {
            "0": 0.0,
            "10": 0.0,
            "20": 0.0,
            "30": 0.0
          }
        },
        "observations_avg": 1.3333333333333333
      },
      "30": {
        "exhaust": {
          "time": {
            "0": 7.865,
            "10": 8.005,
            "20": 7.809,
            "30": 7.72
          },
          "accuracy": {
            "0": 0.0,
            "10": 0.0,
            "20": 0.0,
            "30": 0.0
          }
        },
        "hm": {
          "time": {
            "0": 0.0,
            "10": 0.0,
            "20": 0.0,
            "30": 0.0
          },
          "accuracy": {
            "0": 0.0,
            "10": 0.0,
            "20": 0.0,
            "30": 0.0
          }
        },
        "rhw": {
          "time": {
            "0": 0.0,
            "10": 0.0,
            "20": 0.0,
            "30": 0.0
          },
          "accuracy": {
            "0": 0.0,
            "10": 0.0,
            "20": 0.0,
            "30": 0.0
          }
        },
        "zg": {
          "time": {
            "0": 0.0,
            "10": 0.0,
            "20": 0.0,
            "30": 0.0
          },
          "accuracy": {
            "0": 0.0,
            "10": 0.0,
            "20": 0.0,
            "30": 0.0
          }
        },
        "observations_avg": 3.3333333333333335
      },
      "50": {
        "exhaust": {
          "time": {
            "0": 8.369,
            "10": 8.458,
            "20": 8.387,
            "30": 8.317
          },
          "accuracy": {
            "0": 0.0,
            "10": 0.0,
            "20": 0.0,
            "30": 0.0
          }
        },
        "hm": {
          "time": {
            "0": 0.0,
            "10": 0.0,
            "20": 0.0,
            "30": 0.0
          },
          "accuracy": {
            "0": 0.0,
            "10": 0.0,
            "20": 0.0,
            "30": 0.0
          }
        },
        "rhw": {
          "time": {
            "0": 0.0,
            "10": 0.0,
            "20": 0.0,
            "30": 0.0
          },
          "accuracy": {
            "0": 0.0,
            "10": 0.0,
            "20": 0.0,
            "30": 0.0
          }
        },
        "zg": {
          "time": {
            "0": 0.0,
            "10": 0.0,
            "20": 0.0,
            "30": 0.0
          },
          "accuracy": {
            "0": 0.0,
            "10": 0.0,
            "20": 0.0,
            "30": 0.0
          }
        },
        "observations_avg": 4.0
      },
      "70": {
        "exhaust": {
          "time": {
            "0": 8.418,
            "10": 8.192,
            "20": 8.091,
            "30": 8.26
          },
          "accuracy": {
            "0": 0.0,
            "10": 0.0,
            "20": 0.0,
            "30": 0.0
          }
        },
        "hm": {
          "time": {
            "0": 0.0,
            "10": 0.0,
            "20": 0.0,
            "30": 0.0
          },
          "accuracy": {
            "0": 0.0,
            "10": 0.0,
            "20": 0.0,
            "30": 0.0
          }
        },
        "rhw": {
          "time": {
            "0": 0.0,
            "10": 0.0,
            "20": 0.0,
            "30": 0.0
          },
          "accuracy": {
            "0": 0.0,
            "10": 0.0,
            "20": 0.0,
            "30": 0.0
          }
        },
        "zg": {
          "time": {
            "0": 0.0,
            "10": 0.0,
            "20": 0.0,
            "30": 0.0
          },
          "accuracy": {
            "0": 0.0,
            "10": 0.0,
            "20": 0.0,
            "30": 0.0
          }
        },
        "observations_avg": 5.0
      },
      "100": {
        "exhaust": {
          "time": {
            "0": 7.598,
            "10": 7.676,
            "20": 7.748,
            "30": 7.662
          },
          "accuracy": {
            "0": 0.0,
            "10": 0.0,
            "20": 0.0,
            "30": 0.0
          }
        },
        "hm": {
          "time": {
            "0": 0.0,
            "10": 0.0,
            "20": 0.0,
            "30": 0.0
          },
          "accuracy": {
            "0": 0.0,
            "10": 0.0,
            "20": 0.0,
            "30": 0.0
          }
        },
        "rhw": {
          "time": {
            "0": 0.0,
            "10": 0.0,
            "20": 0.0,
            "30": 0.0
          },
          "accuracy": {
            "0": 0.0,
            "10": 0.0,
            "20": 0.0,
            "30": 0.0
          }
        },
        "zg": {
          "time": {
            "0": 0.0,
            "10": 0.0,
            "20": 0.0,
            "30": 0.0
          },
          "accuracy": {
            "0": 0.0,
            "10": 0.0,
            "20": 0.0,
            "30": 0.0
          }
        },
        "observations_avg": 7.466666666666667
      }
    }
  }
}