{
  "kitchen_noisy": {
    "problems": 150,
    "goals_avg": 3.0,
    "observations": {
      "25": {
        "exhaust": {
          "time": {
            "0": 2.534,
            "10": 2.703
          },
          "accuracy": {
            "0": 40.0,
            "10": 44.44444444444444
          },
          "prob_accuracy": {
            "0": 100.0,
            "10": 100.0
          }
        },
        "hm": {
          "time": {
            "0": 2.62,
            "10": 2.553
          },
          "accuracy": {
            "0": 44.44444444444444,
            "10": 44.44444444444444
          },
          "prob_accuracy": {
            "0": 100.0,
            "10": 100.0
          }
        },
        "rhw": {
          "time": {
            "0": 2.602,
            "10": 2.623
          },
          "accuracy": {
            "0": 53.333333333333336,
            "10": 53.333333333333336
          },
          "prob_accuracy": {
            "0": 100.0,
            "10": 100.0
          }
        },
        "zg": {
          "time": {
            "0": 2.576,
            "10": 2.612
          },
          "accuracy": {
            "0": 44.44444444444444,
            "10": 44.44444444444444
          },
          "prob_accuracy": {
            "0": 100.0,
            "10": 100.0
          }
        },
        "hoffmann": {
          "time": {
            "0": 21.363,
            "10": 21.08
          },
          "accuracy": {
            "0": 53.333333333333336,
            "10": 53.333333333333336
          },
          "prob_accuracy": {
            "0": 100.0,
            "10": 100.0
          }
        },
        "observations_avg": 2.533333333333333
      },
      "50": {
        "exhaust": {
          "time": {
            "0": 2.799,
            "10": 2.917
          },
          "accuracy": {
            "0": 51.11111111111111,
            "10": 55.55555555555556
          },
          "prob_accuracy": {
            "0": 100.0,
            "10": 100.0
          }
        },
        "hm": {
          "time": {
            "0": 2.884,
            "10": 2.801
          },
          "accuracy": {
            "0": 46.666666666666664,
            "10": 46.666666666666664
          },
          "prob_accuracy": {
            "0": 100.0,
            "10": 100.0
          }
        },
        "rhw": {
          "time": {
            "0": 2.745,
            "10": 2.834
          },
          "accuracy": {
            "0": 44.44444444444444,
            "10": 44.44444444444444
          },
          "prob_accuracy": {
            "0": 100.0,
            "10": 100.0
          }
        },
        "zg": {
          "time": {
            "0": 2.827,
            "10": 2.86
          },
          "accuracy": {
            "0": 46.666666666666664,
            "10": 46.666666666666664
          },
          "prob_accuracy": {
            "0": 100.0,
            "10": 100.0
          }
        },
        "hoffmann": {
          "time": {
            "0": 22.136,
            "10": 21.964
          },
          "accuracy": {
            "0": 44.44444444444444,
            "10": 44.44444444444444
          },
          "prob_accuracy": {
            "0": 100.0,
            "10": 100.0
          }
        },
        "observations_avg": 4.8
      },
      "75": {
        "exhaust": {
          "time": {
            "0": 2.638,
            "10": 2.71
          },
          "accuracy": {
            "0": 48.888888888888886,
            "10": 48.888888888888886
          },
          "prob_accuracy": {
            "0": 100.0,
            "10": 100.0
          }
        },
        "hm": {
          "time": {
            "0": 2.707,
            "10": 2.651
          },
          "accuracy": {
            "0": 68.88888888888889,
            "10": 71.11111111111111
          },
          "prob_accuracy": {
            "0": 100.0,
            "10": 100.0
          }
        },
        "rhw": {
          "time": {
            "0": 2.639,
            "10": 2.72
          },
          "accuracy": {
            "0": 33.33333333333333,
            "10": 33.33333333333333
          },
          "prob_accuracy": {
            "0": 100.0,
            "10": 100.0
          }
        },
        "zg": {
          "time": {
            "0": 2.627,
            "10": 2.68
          },
          "accuracy": {
            "0": 68.88888888888889,
            "10": 71.11111111111111
          },
          "prob_accuracy": {
            "0": 100.0,
            "10": 100.0
          }
        },
        "hoffmann": {
          "time": {
            "0": 21.575,
            "10": 21.357
          },
          "accuracy": {
            "0": 33.33333333333333,
            "10": 33.33333333333333
          },
          "prob_accuracy": {
            "0": 100.0,
            "10": 100.0
          }
        },
        "observations_avg": 7.333333333333333
      },
      "100": {
        "exhaust": {
          "time": {
            "0": 2.556,
            "10": 2.528
          },
          "accuracy": {
            "0": 66.66666666666666,
            "10": 66.66666666666666
          },
          "prob_accuracy": {
            "0": 100.0,
            "10": 100.0
          }
        },
        "hm": {
          "time": {
            "0": 2.733,
            "10": 2.745
          },
          "accuracy": {
            "0": 93.33333333333333,
            "10": 93.33333333333333
          },
          "prob_accuracy": {
            "0": 100.0,
            "10": 100.0
          }
        },
        "rhw": {
          "time": {
            "0": 2.638,
            "10": 2.431
          },
          "accuracy": {
            "0": 60.0,
            "10": 60.0
          },
          "prob_accuracy": {
            "0": 100.0,
            "10": 100.0
          }
        },
        "zg": {
          "time": {
            "0": 2.439,
            "10": 2.492
          },
          "accuracy": {
            "0": 93.33333333333333,
            "10": 93.33333333333333
          },
          "prob_accuracy": {
            "0": 100.0,
            "10": 100.0
          }
        },
        "hoffmann": {
          "time": {
            "0": 21.54,
            "10": 21.63
          },
          "accuracy": {
            "0": 60.0,
            "10": 60.0
          },
          "prob_accuracy": {
            "0": 100.0,
            "10": 100.0
          }
        },
        "observations_avg": 11.0
      }
    },
    "landmarks_avg": {
      "exhaust": 21.33333333333326,
      "hm": 7.666666666666678,
      "rhw": 10.0,
      "zg": 7.666666666666678,
      "hoffmann": 5.0
    },
    "spread": {
      "25": {
        "exhaust": {
          "0": 1.1777777777777778,
          "10": 1.2222222222222223
        },
        "hm": {
          "0": 1.2222222222222223,
          "10": 1.2444444444444445
        },
        "rhw": {
          "0": 1.6222222222222222,
          "10": 1.6222222222222222
        },
        "zg": {
          "0": 1.2222222222222223,
          "10": 1.2444444444444445
        },
        "hoffmann": {
          "0": 1.6222222222222222,
          "10": 1.6222222222222222
        }
      },
      "50": {
        "exhaust": {
          "0": 1.0444444444444445,
          "10": 1.1777777777777778
        },
        "hm": {
          "0": 1.1333333333333333,
          "10": 1.1333333333333333
        },
        "rhw": {
          "0": 1.2,
          "10": 1.2
        },
        "zg": {
          "0": 1.1333333333333333,
          "10": 1.1333333333333333
        },
        "hoffmann": {
          "0": 1.2,
          "10": 1.2
        }
      },
      "75": {
        "exhaust": {
          "0": 1.0,
          "10": 1.0222222222222221
        },
        "hm": {
          "0": 1.3111111111111111,
          "10": 1.3555555555555556
        },
        "rhw": {
          "0": 1.0444444444444445,
          "10": 1.0444444444444445
        },
        "zg": {
          "0": 1.3111111111111111,