{
  "kitchen_noisy": {
    "problems": 150,
    "goals_avg": 3.0,
    "observations": {
      "25": {
        "hoffmann": {
          "time": {
            "0": 17.094,
            "10": 16.89,
            "20": 16.848,
            "30": 16.885
          },
          "accuracy": {
            "0": 53.333333333333336,
            "10": 53.333333333333336,
            "20": 53.333333333333336,
            "30": 53.333333333333336
          }
        },
        "observations_avg": 2.533333333333333
      },
      "50": {
        "hoffmann": {
          "time": {
            "0": 18.268,
            "10": 18.255,
            "20": 18.249,
            "30": 18.586
          },
          "accuracy": {
            "0": 44.44444444444444,
            "10": 44.44444444444444,
            "20": 44.44444444444444,
            "30": 44.44444444444444
          }
        },
        "observations_avg": 4.8
      },
      "75": {
        "hoffmann": {
          "time": {
            "0": 17.145,
            "10": 17.292,
            "20": 17.503,
            "30": 17.121
          },
          "accuracy": {
            "0": 33.33333333333333,
            "10": 33.33333333333333,
            "20": 33.33333333333333,
            "30": 33.33333333333333
          }
        },
        "observations_avg": 7.333333333333333
      },
      "100": {
        "hoffmann": {
          "time": {
            "0": 10.723,
            "10": 10.666,
            "20": 11.023,
            "30": 11.041
          },
          "accuracy": {
            "0": 60.0,
            "10": 60.0,
            "20": 60.0,
            "30": 60.0
          }
        },
        "observations_avg": 11.0
      }
    },
    "landmarks_avg": {
      "hoffmann": 5.0
    },
    "spread": {
      "25": {
        "hoffmann": {
          "0": 1.6222222222222222,
          "10": 1.6222222222222222,
          "20": 1.6222222222222222,
          "30": 1.6222222222222222
        }
      },
      "50": {
        "hoffmann": {
          "0": 1.2,
          "10": 1.2,
          "20": 1.2,
          "30": 1.2
        }
      },
      "75": {
        "hoffmann": {
          "0": 1.0444444444444445,
          "10": 1.0444444444444445,
          "20": 1.0444444444444445,
          "30": 1.0444444444444445
        }
      },
      "100": {
        "hoffmann": {
          "0": 1.0,
          "10": 1.0,
          "20": 1.0,
          "30": 1.0
        }
      }
    }
  }
}