{
  "kitchen_noisy": {
    "problems": 150,
    "goals_avg": 3.0,
    "observations": {
      "25": {
        "exhaust": {
          "time": {
            "0": 5.761,
            "10": 5.757,
            "20": 5.838,
            "30": 5.842
          },
          "accuracy": {
            "0": 40.0,
            "10": 44.44444444444444,
            "20": 57.77777777777777,
            "30": 60.0
          }
        },
        "hm": {
          "time": {
            "0": 5.904,
            "10": 5.89,
            "20": 5.89,
            "30": 5.876
          },
          "accuracy": {
            "0": 44.44444444444444,
            "10": 44.44444444444444,
            "20": 46.666666666666664,
            "30": 51.11111111111111
          }
        },
        "rhw": {
          "time": {
            "0": 5.833,
            "10": 5.751,
            "20": 5.871,
            "30": 5.82
          },
          "accuracy": {
            "0": 53.333333333333336,
            "10": 53.333333333333336,
            "20": 53.333333333333336,
            "30": 53.333333333333336
          }
        },
        "zg": {
          "time": {
            "0": 5.784,
            "10": 5.883,
            "20": 5.802,
            "30": 5.73
          },
          "accuracy": {
            "0": 44.44444444444444,
            "10": 44.44444444444444,
            "20": 46.666666666666664,
            "30": 51.11111111111111
          }
        },
        "observations_avg": 2.533333333333333
      },
      "50": {
        "exhaust": {
          "time": {
            "0": 3.189,
            "10": 3.177,
            "20": 3.207,
            "30": 3.223
          },
          "accuracy": {
            "0": 51.11111111111111,
            "10": 55.55555555555556,
            "20": 64.44444444444444,
            "30": 64.44444444444444
          }
        },
        "hm": {
          "time": {
            "0": 3.223,
            "10": 3.211,
            "20": 3.161,
            "30": 3.259
          },
          "accuracy": {
            "0": 46.666666666666664,
            "10": 46.666666666666664,
            "20": 48.888888888888886,
            "30": 53.333333333333336
          }
        },
        "rhw": {
          "time": {
            "0": 3.211,
            "10": 3.18,
            "20": 3.25,
            "30": 3.215
          },
          "accuracy": {
            "0": 44.44444444444444,
            "10": 44.44444444444444,
            "20": 44.44444444444444,
            "30": 44.44444444444444
          }
        },
        "zg": {
          "time": {
            "0": 3.192,
            "10": 3.208,
            "20": 3.183,
            "30": 3.232
          },
          "accuracy": {
            "0": 46.666666666666664,
            "10": 46.666666666666664,
            "20": 48.888888888888886,
            "30": 53.333333333333336
          }
        },
        "observations_avg": 4.8
      },
      "75": {
        "exhaust": {
          "time": {
            "0": 3.1,
            "10": 3.211,
            "20": 3.149,
            "30": 3.137
          },
          "accuracy": {
            "0": 48.888888888888886,
            "10": 48.888888888888886,
            "20": 53.333333333333336,
            "30": 55.55555555555556
          }
        },
        "hm": {
          "time": {
            "0": 3.26,
            "10": 3.189,
            "20": 3.166,
            "30": 3.16
          },
          "accuracy": {
            "0": 68.88888888888889,
            "10": 71.11111111111111,
            "20": 80.0,
            "30": 80.0
          }
        },
        "rhw": {
          "time": {
            "0": 3.176,
            "10": 3.183,
            "20": 3.15,
            "30": 3.126
          },
          "accuracy": {
            "0": 33.33333333333333,
            "10": 33.33333333333333,
            "20": 33.33333333333333,
            "30": 33.33333333333333
          }
        },
        "zg": {
          "time": {
            "0": 3.169,
            "10": 3.211,
            "20": 3.238,
            "30": 3.191
          },
          "accuracy": {
            "0": 68.88888888888889,
            "10": 71.11111111111111,
            "20": 80.0,
            "30": 80.0
          }
        },
        "observations_avg": 7.333333333333333
      },
      "100": {
        "exhaust": {
          "time": {
            "0": 2.362,
            "10": 2.35,
            "20": 2.361,
            "30": 2.385
          },
          "accuracy": {
            "0": 66.66666666666666,
            "10": 66.66666666666666,
            "20": 66.66666666666666,
            "30": 66.66666666666666
          }
        },
        "hm": {
          "time": {
            "0": 2.371,
            "10": 2.428,
            "20": 2.396,
            "30": 2.379
          },
          "accuracy": {
            "0": 93.33333333333333,
            "10": 93.33333333333333,
            "20": 93.33333333333333,
            "30": 93.33333333333333
          }
        },
        "rhw": {
          "time": {
            "0": 2.434,
            "10": 2.408,
            "20": 2.399,
            "30": 2.441
          },
          "accuracy": {
            "0": 60.0,
            "10": 60.0,
            "20": 60.0,
            "30": 60.0
          }
        },
        "zg": {
          "time": {
            "0": 2.366,
            "10": 2.374,
            "20": 2.405,
            "30": 2.384
          },
          "accuracy": {
            "0": 93.33333333333333,
            "10": 93.33333333333333,
            "20": 93.33333333333333,
            "30": 93.33333333333333
          }
        },
        "observations_avg": 11.0
      }
    },
    "landmarks_avg": {
      "exhaust": 21.333333333333474,
      "hm": 7.666666666666646,
      "rhw": 10.0,
      "zg": 7.666666666666646
    },
    "spread": {
      "25": {
        "exhaust": {
          "0": 1.1777777777777778,
          "10": 1.2222222222222223,
          "20": 1.488888888888889,
          "30": 1.511111111111111
        },
        "hm": {
          "0": 1.2222222222222223,
          "10": 1.2444444444444445,
          "20": 1.288888888888889,
          "30": 1.3333333333333333
        },
        "rhw": {
          "0": 1.6222222222222222,
          "10": 1.6222222222222222,
          "20": 1.6222222222222222,
          "30": 1.6222222222222222
        },
        "zg": {
          "0": 1.2222222222222223,
          "10": 1.2444444444444445,
          "20": 1.288888888888889,
          "30": 1.3333333333333333
        }
      },
      "50": {
        "exhaust": {
          "0": 1.0444444444444445,
          "10": 1.1777777777777778,
          "20": 1.4444444444444444,
          "30": 1.488888888888889
        },
        "hm": {
          "0": 1.1333333333333333,
          "10": 1.1333333333333333,
          "20": 1.1555555555555554,
          "30": 1.2444444444444445
        },
        "rhw": {
          "0": 1.2,
          "10": 1.2,
          "20": 1.2,
          "30": 1.2
        },
        "zg": {
          "0": 1.1333333333333333,
          "10": 1.1333333333333333,
          "20": 1.1555555555555554,
          "30": 1.2444444444444445
        }
      },
      "75": {
        "exhaust": {
          "0": 1.0,
          "10": 1.0222222222222221,
          "20": 1.2666666666666666,
          "30": 1.288888888888889
        },
        "hm": {
          "0": 1.3111111111111111,
          "10": 1.3555555555555556,
          "20": 1.488888888888889,
          "30": 1.5333333333333334
        },
        "rhw": {
          "0": 1.0444444444444445,
          "10": 1.0444444444444445,
          "20": 1.0444444444444445,
          "30": 1.0444444444444445
        },
        "zg": {
          "0": 1.3111111111111111,
          "10": 1.3555555555555556,
          "20": 1.488888888888889,
          "30": 1.5333333333333334
        }
      },
      "100": {
        "exhaust": {
          "0": 1.0,
          "10": 1.0,
          "20": 1.2,