{
  "kitchen_noisy": {
    "problems": 150,
    "goals_avg": 3.0,
    "observations": {
      "25": {
        "exhaust": {
          "time": {
            "0": 1.77,
            "10": 1.779,
            "20": 1.769,
            "30": 1.753
          },
          "accuracy": {
            "0": 46.666666666666664,
            "10": 51.11111111111111,
            "20": 62.22222222222222,
            "30": 62.22222222222222
          }
        },
        "hm": {
          "time": {
            "0": 1.782,
            "10": 1.796,
            "20": 1.786,
            "30": 1.765
          },
          "accuracy": {
            "0": 46.666666666666664,
            "10": 48.888888888888886,
            "20": 48.888888888888886,
            "30": 53.333333333333336
          }
        },
        "rhw": {
          "time": {
            "0": 1.776,
            "10": 1.743,
            "20": 1.772,
            "30": 1.76
          },
          "accuracy": {
            "0": 55.55555555555556,
            "10": 55.55555555555556,
            "20": 55.55555555555556,
            "30": 55.55555555555556
          }
        },
        "zg": {
          "time": {
            "0": 1.758,
            "10": 1.77,
            "20": 1.756,
            "30": 1.756
          },
          "accuracy": {
            "0": 46.666666666666664,
            "10": 48.888888888888886,
            "20": 48.888888888888886,
            "30": 53.333333333333336
          }
        },
        "observations_avg": 2.533333333333333
      },
      "50": {
        "exhaust": {
          "time": {
            "0": 1.771,
            "10": 1.762,
            "20": 1.756,
            "30": 1.788
          },
          "accuracy": {
            "0": 53.333333333333336,
            "10": 55.55555555555556,
            "20": 62.22222222222222,
            "30": 62.22222222222222
          }
        },
        "hm": {
          "time": {
            "0": 1.781,
            "10": 1.778,
            "20": 1.779,
            "30": 1.788
          },
          "accuracy": {
            "0": 53.333333333333336,
            "10": 57.77777777777777,
            "20": 57.77777777777777,
            "30": 60.0
          }
        },
        "rhw": {
          "time": {
            "0": 1.761,
            "10": 1.753,
            "20": 1.774,
            "30": 1.764
          },
          "accuracy": {
            "0": 44.44444444444444,
            "10": 44.44444444444444,
            "20": 44.44444444444444,
            "30": 44.44444444444444
          }
        },
        "zg": {
          "time": {
            "0": 1.755,
            "10": 1.778,
            "20": 1.762,
            "30": 1.776
          },
          "accuracy": {
            "0": 53.333333333333336,
            "10": 57.77777777777777,
            "20": 57.77777777777777,
            "30": 60.0
          }
        },
        "observations_avg": 4.8
      },
      "75": {
        "exhaust": {
          "time": {
            "0": 1.763,
            "10": 1.754,
            "20": 1.765,
            "30": 1.77
          },
          "accuracy": {
            "0": 51.11111111111111,
            "10": 53.333333333333336,
            "20": 57.77777777777777,
            "30": 60.0
          }
        },
        "hm": {
          "time": {
            "0": 1.779,
            "10": 1.788,
            "20": 1.77,
            "30": 1.773
          },
          "accuracy": {
            "0": 77.77777777777779,
            "10": 77.77777777777779,
            "20": 80.0,
            "30": 80.0
          }
        },
        "rhw": {
          "time": {
            "0": 1.752,
            "10": 1.766,
            "20": 1.763,
            "30": 1.765
          },
          "accuracy": {
            "0": 40.0,
            "10": 40.0,
            "20": 40.0,
            "30": 40.0
          }
        },
        "zg": {
          "time": {
            "0": 1.762,
            "10": 1.759,
            "20": 1.776,
            "30": 1.751
          },
          "accuracy": {
            "0": 77.77777777777779,
            "10": 77.77777777777779,
            "20": 80.0,
            "30": 80.0
          }
        },
        "observations_avg": 7.333333333333333
      },
      "100": {
        "exhaust": {
          "time": {
            "0": 1.664,
            "10": 1.638,
            "20": 1.65,
            "30": 1.654
          },
          "accuracy": {
            "0": 53.333333333333336,
            "10": 53.333333333333336,
            "20": 53.333333333333336,
            "30": 53.333333333333336
          }
        },
        "hm": {
          "time": {
            "0": 1.664,
            "10": 1.648,
            "20": 1.674,
            "30": 1.688
          },
          "accuracy": {
            "0": 93.33333333333333,
            "10": 93.33333333333333,
            "20": 93.33333333333333,
            "30": 93.33333333333333
          }
        },
        "rhw": {
          "time": {
            "0": 1.651,
            "10": 1.653,
            "20": 1.698,
            "30": 1.668
          },
          "accuracy": {
            "0": 53.333333333333336,
            "10": 53.333333333333336,
            "20": 53.333333333333336,
            "30": 53.333333333333336
          }
        },
        "zg": {
          "time": {
            "0": 1.643,
            "10": 1.637,
            "20": 1.666,
            "30": 1.677
          },
          "accuracy": {
            "0": 93.33333333333333,
            "10": 93.33333333333333,
            "20": 93.33333333333333,
            "30": 93.33333333333333
          }
        },
        "observations_avg": 11.0
      }
    },
    "landmarks_avg": {
      "exhaust": 21.333333333333474,
      "hm": 7.666666666666646,
      "rhw": 10.0,
      "zg": 7.666666666666646
    },
    "spread": {
      "25": {
        "exhaust": {
          "0": 1.1777777777777778,
          "10": 1.2444444444444445,
          "20": 1.4444444444444444,
          "30": 1.4666666666666666
        },
        "hm": {
          "0": 1.2222222222222223,
          "10": 1.2444444444444445,
          "20": 1.2444444444444445,
          "30": 1.3111111111111111
        },
        "rhw": {
          "0": 1.6222222222222222,
          "10": 1.6222222222222222,
          "20": 1.6222222222222222,
          "30": 1.6222222222222222
        },
        "zg": {
          "0": 1.2222222222222223,
          "10": 1.2444444444444445,
          "20": 1.2444444444444445,
          "30": 1.3111111111111111
        }
      },
      "50": {
        "exhaust": {
          "0": 1.0444444444444445,
          "10": 1.0888888888888888,
          "20": 1.288888888888889,
          "30": 1.3333333333333333
        },
        "hm": {
          "0": 1.1333333333333333,
          "10": 1.1777777777777778,
          "20": 1.2222222222222223,
          "30": 1.288888888888889
        },
        "rhw": {
          "0": 1.2222222222222223,
          "10": 1.2222222222222223,
          "20": 1.2222222222222223,
          "30": 1.2222222222222223
        },
        "zg": {
          "0": 1.1333333333333333,
          "10": 1.1777777777777778,
          "20": 1.2222222222222223,
          "30": 1.288888888888889
        }
      },
      "75": {
        "exhaust": {
          "0": 1.0,
          "10": 1.0888888888888888,
          "20": 1.2444444444444445,
          "30": 1.288888888888889
        },
        "hm": {
          "0": 1.3111111111111111,
          "10": 1.3333333333333333,
          "20": 1.3777777777777778,
          "30": 1.4444444444444444
        },
        "rhw": {
          "0": 1.0,
          "10": 1.0,
          "20": 1.0,
          "30": 1.0
        },
        "zg": {
          "0": 1.3111111111111111,
          "10": 1.3333333333333333,
          "20": 1.3777777777777778,
          "30": 1.4444444444444444
        }
      },
      "100": {
        "exhaust": {
          "0": 1.0,
          "10": 1.0,
          "20": 1.2,