{
  "kitchen_noisy": {
    "problems": 150,
    "goals_avg": 3.0,
    "observations": {
      "25": {
        "exhaust": {
          "time": {
            "0": 1.688,
            "10": 1.698,
            "20": 1.692,
            "30": 1.702
          },
          "accuracy": {
            "0": 48.888888888888886,
            "10": 51.11111111111111,
            "20": 57.77777777777777,
            "30": 57.77777777777777
          }
        },
        "hm": {
          "time": {
            "0": 1.701,
            "10": 1.707,
            "20": 1.697,
            "30": 1.697
          },
          "accuracy": {
            "0": 48.888888888888886,
            "10": 48.888888888888886,
            "20": 48.888888888888886,
            "30": 53.333333333333336
          }
        },
        "rhw": {
          "time": {
            "0": 1.693,
            "10": 1.673,
            "20": 1.694,
            "30": 1.693
          },
          "accuracy": {
            "0": 55.55555555555556,
            "10": 55.55555555555556,
            "20": 55.55555555555556,
            "30": 55.55555555555556
          }
        },
        "zg": {
          "time": {
            "0": 1.688,
            "10": 1.681,
            "20": 1.691,
            "30": 1.696
          },
          "accuracy": {
            "0": 48.888888888888886,
            "10": 48.888888888888886,
            "20": 48.888888888888886,
            "30": 53.333333333333336
          }
        },
        "observations_avg": 2.533333333333333
      },
      "50": {
        "exhaust": {
          "time": {
            "0": 1.696,
            "10": 1.689,
            "20": 1.688,
            "30": 1.69
          },
          "accuracy": {
            "0": 42.22222222222222,
            "10": 44.44444444444444,
            "20": 46.666666666666664,
            "30": 53.333333333333336
          }
        },
        "hm": {
          "time": {
            "0": 1.719,
            "10": 1.693,
            "20": 1.698,
            "30": 1.717
          },
          "accuracy": {
            "0": 53.333333333333336,
            "10": 53.333333333333336,
            "20": 55.55555555555556,
            "30": 55.55555555555556
          }
        },
        "rhw": {
          "time": {
            "0": 1.694,
            "10": 1.719,
            "20": 1.706,
            "30": 1.699
          },
          "accuracy": {
            "0": 44.44444444444444,
            "10": 44.44444444444444,
            "20": 44.44444444444444,
            "30": 44.44444444444444
          }
        },
        "zg": {
          "time": {
            "0": 1.697,
            "10": 1.699,
            "20": 1.699,
            "30": 1.71
          },
          "accuracy": {
            "0": 53.333333333333336,
            "10": 53.333333333333336,
            "20": 55.55555555555556,
            "30": 55.55555555555556
          }
        },
        "observations_avg": 4.8
      },
      "75": {
        "exhaust": {
          "time": {
            "0": 1.694,
            "10": 1.706,
            "20": 1.694,
            "30": 1.688
          },
          "accuracy": {
            "0": 42.22222222222222,
            "10": 44.44444444444444,
            "20": 44.44444444444444,
            "30": 51.11111111111111
          }
        },
        "hm": {
          "time": {
            "0": 1.7,
            "10": 1.699,
            "20": 1.705,
            "30": 1.712
          },
          "accuracy": {
            "0": 73.33333333333333,
            "10": 73.33333333333333,
            "20": 75.55555555555556,
            "30": 75.55555555555556
          }
        },
        "rhw": {
          "time": {
            "0": 1.688,
            "10": 1.701,
            "20": 1.688,
            "30": 1.69
          },
          "accuracy": {
            "0": 40.0,
            "10": 40.0,
            "20": 40.0,
            "30": 40.0
          }
        },
        "zg": {
          "time": {
            "0": 1.694,
            "10": 1.691,
            "20": 1.675,
            "30": 1.693
          },
          "accuracy": {
            "0": 73.33333333333333,
            "10": 73.33333333333333,
            "20": 75.55555555555556,
            "30": 75.55555555555556
          }
        },
        "observations_avg": 7.333333333333333
      },
      "100": {
        "exhaust": {
          "time": {
            "0": 1.594,
            "10": 1.611,
            "20": 1.62,
            "30": 1.604
          },
          "accuracy": {
            "0": 53.333333333333336,
            "10": 53.333333333333336,
            "20": 53.333333333333336,
            "30": 53.333333333333336
          }
        },
        "hm": {
          "time": {
            "0": 1.609,
            "10": 1.611,
            "20": 1.595,
            "30": 1.636
          },
          "accuracy": {
            "0": 73.33333333333333,
            "10": 73.33333333333333,
            "20": 73.33333333333333,
            "30": 93.33333333333333
          }
        },
        "rhw": {
          "time": {
            "0": 1.594,
            "10": 1.619,
            "20": 1.625,
            "30": 1.63
          },
          "accuracy": {
            "0": 53.333333333333336,
            "10": 53.333333333333336,
            "20": 53.333333333333336,
            "30": 53.333333333333336
          }
        },
        "zg": {
          "time": {
            "0": 1.594,
            "10": 1.609,
            "20": 1.625,
            "30": 1.635
          },
          "accuracy": {
            "0": 73.33333333333333,
            "10": 73.33333333333333,
            "20": 73.33333333333333,
            "30": 93.33333333333333
          }
        },
        "observations_avg": 11.0
      }
    },
    "landmarks_avg": {
      "exhaust": 21.333333333333474,
      "hm": 7.666666666666646,
      "rhw": 10.0,
      "zg": 7.666666666666646
    },
    "spread": {
      "25": {
        "exhaust": {
          "0": 1.1777777777777778,
          "10": 1.2222222222222223,
          "20": 1.3777777777777778,
          "30": 1.4222222222222223
        },
        "hm": {
          "0": 1.2,
          "10": 1.2,
          "20": 1.2,
          "30": 1.3111111111111111
        },
        "rhw": {
          "0": 1.6222222222222222,
          "10": 1.6222222222222222,
          "20": 1.6222222222222222,
          "30": 1.6222222222222222
        },
        "zg": {
          "0": 1.2,
          "10": 1.2,
          "20": 1.2,
          "30": 1.3111111111111111
        }
      },
      "50": {
        "exhaust": {
          "0": 1.0444444444444445,
          "10": 1.1333333333333333,
          "20": 1.2,
          "30": 1.3333333333333333
        },
        "hm": {
          "0": 1.0888888888888888,
          "10": 1.1111111111111112,
          "20": 1.1333333333333333,
          "30": 1.2
        },
        "rhw": {
          "0": 1.2222222222222223,
          "10": 1.2222222222222223,
          "20": 1.2222222222222223,
          "30": 1.2222222222222223
        },
        "zg": {
          "0": 1.0888888888888888,
          "10": 1.1111111111111112,
          "20": 1.1333333333333333,
          "30": 1.2
        }
      },
      "75": {
        "exhaust": {
          "0": 1.0,
          "10": 1.1555555555555554,
          "20": 1.1777777777777778,
          "30": 1.3555555555555556
        },
        "hm": {
          "0": 1.3555555555555556,
          "10": 1.3777777777777778,
          "20": 1.4,
          "30": 1.488888888888889
        },
        "rhw": {
          "0": 1.0,
          "10": 1.0,
          "20": 1.0,
          "30": 1.0
        },
        "zg": {
          "0": 1.3555555555555556,
          "10": 1.3777777777777778,
          "20": 1.4,
          "30": 1.488888888888889
        }
      },
      "100": {
        "exhaust": {
          "0": 1.0,
          "10": 1.1333333333333333,
          "20": 1.2,
          "30": 1.2666666666666666
        },