{
  "sokoban_noisy": {
    "problems": 144,
    "goals_avg": 8.666666666666666,
    "observations": {
      "25": {
        "exhaust": {
          "time": {
            "0": 5.862,
            "10": 5.835,
            "20": 5.841,
            "30": 5.818
          },
          "accuracy": {
            "0": 27.77777777777778,
            "10": 58.333333333333336,
            "20": 94.44444444444444,
            "30": 100.0
          }
        },
        "hm": {
          "time": {
            "0": 32.719,
            "10": 32.669,
            "20": 32.727,
            "30": 32.684
          },
          "accuracy": {
            "0": 36.11111111111111,
            "10": 38.88888888888889,
            "20": 58.333333333333336,
            "30": 66.66666666666666
          }
        },
        "rhw": {
          "time": {
            "0": 5.471,
            "10": 5.488,
            "20": 5.497,
            "30": 5.504
          },
          "accuracy": {
            "0": 30.555555555555557,
            "10": 30.555555555555557,
            "20": 38.88888888888889,
            "30": 44.44444444444444
          }
        },
        "zg": {
          "time": {
            "0": 5.552,
            "10": 5.586,
            "20": 5.584,
            "30": 5.581
          },
          "accuracy": {
            "0": 30.555555555555557,
            "10": 33.33333333333333,
            "20": 38.88888888888889,
            "30": 38.88888888888889
          }
        },
        "observations_avg": 5.333333333333333
      },
      "50": {
        "exhaust": {
          "time": {
            "0": 4.898,
            "10": 4.897,
            "20": 4.915,
            "30": 4.913
          },
          "accuracy": {
            "0": 58.333333333333336,
            "10": 83.33333333333334,
            "20": 97.22222222222221,
            "30": 100.0
          }
        },
        "hm": {
          "time": {
            "0": 37.347,
            "10": 37.263,
            "20": 37.327,
            "30": 37.266
          },
          "accuracy": {
            "0": 61.111111111111114,
            "10": 61.111111111111114,
            "20": 75.0,
            "30": 88.88888888888889
          }
        },
        "rhw": {
          "time": {
            "0": 4.701,
            "10": 4.695,
            "20": 4.699,
            "30": 4.685
          },
          "accuracy": {
            "0": 55.55555555555556,
            "10": 58.333333333333336,
            "20": 63.888888888888886,
            "30": 69.44444444444444
          }
        },
        "zg": {
          "time": {
            "0": 4.73,
            "10": 4.747,
            "20": 4.709,
            "30": 4.724
          },
          "accuracy": {
            "0": 55.55555555555556,
            "10": 55.55555555555556,
            "20": 63.888888888888886,
            "30": 77.77777777777779
          }
        },
        "observations_avg": 10.333333333333334
      },
      "75": {
        "exhaust": {
          "time": {
            "0": 4.892,
            "10": 4.866,
            "20": 4.907,
            "30": 4.849
          },
          "accuracy": {
            "0": 75.0,
            "10": 97.22222222222221,
            "20": 100.0,
            "30": 100.0
          }
        },
        "hm": {
          "time": {
            "0": 34.487,
            "10": 34.332,
            "20": 34.32,
            "30": 34.32
          },
          "accuracy": {
            "0": 75.0,
            "10": 91.66666666666666,
            "20": 94.44444444444444,
            "30": 100.0
          }
        },
        "rhw": {
          "time": {
            "0": 4.669,
            "10": 4.657,
            "20": 4.643,
            "30": 4.651
          },
          "accuracy": {
            "0": 72.22222222222221,
            "10": 86.11111111111111,
            "20": 91.66666666666666,
            "30": 94.44444444444444
          }
        },
        "zg": {
          "time": {
            "0": 4.699,
            "10": 4.696,
            "20": 4.692,
            "30": 4.702
          },
          "accuracy": {
            "0": 75.0,
            "10": 83.33333333333334,
            "20": 94.44444444444444,
            "30": 94.44444444444444
          }
        },
        "observations_avg": 15.666666666666666
      },
      "100": {
        "exhaust": {
          "time": {
            "0": 6.247,
            "10": 6.172,
            "20": 6.18,
            "30": 6.166
          },
          "accuracy": {
            "0": 86.11111111111111,
            "10": 100.0,
            "20": 100.0,
            "30": 100.0
          }
        },
        "hm": {
          "time": {
            "0": 44.053,
            "10": 44.228,
            "20": 44.065,
            "30": 43.895
          },
          "accuracy": {
            "0": 86.11111111111111,
            "10": 91.66666666666666,
            "20": 100.0,
            "30": 100.0
          }
        },
        "rhw": {
          "time": {
            "0": 5.939,
            "10": 5.965,
            "20": 5.965,
            "30": 5.875
          },
          "accuracy": {
            "0": 86.11111111111111,
            "10": 91.66666666666666,
            "20": 91.66666666666666,
            "30": 100.0
          }
        },
        "zg": {
          "time": {
            "0": 6.043,
            "10": 6.005,
            "20": 5.97,
            "30": 5.979
          },
          "accuracy": {
            "0": 83.33333333333334,
            "10": 86.11111111111111,
            "20": 97.22222222222221,
            "30": 100.0
          }
        },
        "observations_avg": 20.166666666666668
      }
    },
    "landmarks_avg": {
      "exhaust": 59.191666666666805,
      "hm": 14.350000000000042,
      "rhw": 9.024999999999968,
      "zg": 9.649999999999968
    },
    "spread": {
      "25": {
        "exhaust": {
          "0": 1.3055555555555556,
          "10": 3.361111111111111,
          "20": 6.75,
          "30": 7.722222222222222
        },
        "hm": {
          "0": 1.6111111111111112,
          "10": 1.8611111111111112,
          "20": 3.0833333333333335,
          "30": 3.6944444444444446
        },
        "rhw": {
          "0": 1.5,
          "10": 1.5833333333333333,
          "20": 2.0277777777777777,
          "30": 2.388888888888889
        },
        "zg": {
          "0": 1.6388888888888888,
          "10": 1.8055555555555556,
          "20": 2.0555555555555554,
          "30": 2.361111111111111
        }
      },
      "50": {
        "exhaust": {
          "0": 1.0833333333333333,
          "10": 3.1944444444444446,
          "20": 6.722222222222222,
          "30": 7.944444444444445
        },
        "hm": {
          "0": 1.4722222222222223,
          "10": 1.7222222222222223,
          "20": 2.888888888888889,
          "30": 3.888888888888889
        },
        "rhw": {
          "0": 1.3333333333333333,
          "10": 1.5,
          "20": 2.111111111111111,
          "30": 2.5555555555555554
        },
        "zg": {
          "0": 1.4444444444444444,
          "10": 1.5555555555555556,
          "20": 2.1666666666666665,
          "30": 2.8055555555555554
        }
      },
      "75": {
        "exhaust": {
          "0": 1.0555555555555556,
          "10": 3.25,
          "20": 7.027777777777778,
          "30": 7.944444444444445
        },
        "hm": {
          "0": 1.1388888888888888,
          "10": 1.6944444444444444,
          "20": 3.0,
          "30": 4.583333333333333
        },
        "rhw": {
          "0": 1.1111111111111112,
          "10": 1.3611111111111112,
          "20": 1.7222222222222223,
          "30": 2.25
        },
        "zg": {
          "0": 1.1111111111111112,
          "10": 1.4166666666666667,
          "20": 2.1666666666666665,
          "30": 2.75
        }
      },
      "100": {
        "exhaust": {
          "0": 1.1388888888888888,
          "10": 3.3333333333333335,
          "20": 6.972222222222222,