{
  "sokoban_noisy": {
    "problems": 144,
    "goals_avg": 8.666666666666666,
    "observations": {
      "25": {
        "exhaust": {
          "time": {
            "0": 4.99,
            "10": 4.99
          },
          "accuracy": {
            "0": 27.77777777777778,
            "10": 61.111111111111114
          }
        },
        "hm": {
          "time": {
            "0": 37.07,
            "10": 36.835
          },
          "accuracy": {
            "0": 33.33333333333333,
            "10": 38.88888888888889
          }
        },
        "rhw": {
          "time": {
            "0": 4.725,
            "10": 4.755
          },
          "accuracy": {
            "0": 27.77777777777778,
            "10": 27.77777777777778
          }
        },
        "zg": {
          "time": {
            "0": 4.808,
            "10": 4.778
          },
          "accuracy": {
            "0": 27.77777777777778,
            "10": 27.77777777777778
          }
        },
        "hoffmann": {
          "time": {
            "0": 7.926,
            "10": 7.84
          },
          "accuracy": {
            "0": 16.666666666666664,
            "10": 19.444444444444446
          }
        },
        "observations_avg": 5.333333333333333
      },
      "50": {
        "exhaust": {
          "time": {
            "0": 6.229,
            "10": 6.15
          },
          "accuracy": {
            "0": 58.333333333333336,
            "10": 83.33333333333334
          }
        },
        "hm": {
          "time": {
            "0": 44.41,
            "10": 44.273
          },
          "accuracy": {
            "0": 61.111111111111114,
            "10": 61.111111111111114
          }
        },
        "rhw": {
          "time": {
            "0": 5.852,
            "10": 5.753
          },
          "accuracy": {
            "0": 55.55555555555556,
            "10": 58.333333333333336
          }
        },
        "zg": {
          "time": {
            "0": 5.863,
            "10": 5.799
          },
          "accuracy": {
            "0": 55.55555555555556,
            "10": 55.55555555555556
          }
        },
        "hoffmann": {
          "time": {
            "0": 10.861,
            "10": 10.629
          },
          "accuracy": {
            "0": 44.44444444444444,
            "10": 52.77777777777778
          }
        },
        "observations_avg": 10.333333333333334
      },
      "75": {
        "exhaust": {
          "time": {
            "0": 5.272,
            "10": 5.281
          },
          "accuracy": {
            "0": 75.0,
            "10": 97.22222222222221
          }
        },
        "hm": {
          "time": {
            "0": 39.855,
            "10": 40.002
          },
          "accuracy": {
            "0": 75.0,
            "10": 91.66666666666666
          }
        },
        "rhw": {
          "time": {
            "0": 5.037,
            "10": 5.021
          },
          "accuracy": {
            "0": 69.44444444444444,
            "10": 86.11111111111111
          }
        },
        "zg": {
          "time": {
            "0": 5.04,
            "10": 5.066
          },
          "accuracy": {
            "0": 72.22222222222221,
            "10": 83.33333333333334
          }
        },
        "hoffmann": {
          "time": {
            "0": 8.708,
            "10": 8.697
          },
          "accuracy": {
            "0": 66.66666666666666,
            "10": 72.22222222222221
          }
        },
        "observations_avg": 15.666666666666666
      },
      "100": {
        "exhaust": {
          "time": {
            "0": 8.514,
            "10": 9.059
          },
          "accuracy": {
            "0": 86.11111111111111,
            "10": 100.0
          }
        },
        "hm": {
          "time": {
            "0": 60.66,
            "10": 60.764
          },
          "accuracy": {
            "0": 86.11111111111111,
            "10": 91.66666666666666
          }
        },
        "rhw": {
          "time": {
            "0": 8.209,
            "10": 8.182
          },
          "accuracy": {
            "0": 86.11111111111111,
            "10": 91.66666666666666
          }
        },
        "zg": {
          "time": {
            "0": 8.503,
            "10": 8.41
          },
          "accuracy": {
            "0": 83.33333333333334,
            "10": 86.11111111111111
          }
        },
        "hoffmann": {
          "time": {
            "0": 16.435,
            "10": 16.339
          },
          "accuracy": {
            "0": 75.0,
            "10": 77.77777777777779
          }
        },
        "observations_avg": 20.166666666666668
      }
    },
    "landmarks_avg": {
      "exhaust": 59.19166666666677,
      "hm": 14.350000000000026,
      "rhw": 9.024999999999999,
      "zg": 9.64999999999999,
      "hoffmann": 9.291666666666666
    },
    "spread": {
      "25": {
        "exhaust": {
          "0": 1.3055555555555556,
          "10": 3.611111111111111
        },
        "hm": {
          "0": 1.6111111111111112,
          "10": 1.9166666666666667
        },
        "rhw": {
          "0": 1.3055555555555556,
          "10": 1.4722222222222223
        },
        "zg": {
          "0": 1.4722222222222223,
          "10": 1.6111111111111112
        },
        "hoffmann": {
          "0": 1.1944444444444444,
          "10": 1.4166666666666667
        }
      },
      "50": {
        "exhaust": {
          "0": 1.0833333333333333,
          "10": 3.361111111111111
        },
        "hm": {
          "0": 1.4722222222222223,
          "10": 1.7777777777777777
        },
        "rhw": {
          "0": 1.3333333333333333,
          "10": 1.5277777777777777
        },
        "zg": {
          "0": 1.4722222222222223,
          "10": 1.6111111111111112
        },
        "hoffmann": {
          "0": 1.2222222222222223,
          "10": 1.5
        }
      },
      "75": {
        "exhaust": {
          "0": 1.0555555555555556,
          "10": 3.5
        },
        "hm": {
          "0": 1.1388888888888888,
          "10": 1.7222222222222223
        },
        "rhw": {
          "0": 1.1388888888888888,
          "10": 1.3888888888888888
        },
        "zg": {
          "0": 1.1388888888888888,
          "10": 1.3888888888888888
        },
        "hoffmann": {
          "0": 1.1666666666666667,
          "10": 1.5
        }
      },
      "100": {
        "exhaust": {
          "0": 1.1388888888888888,
          "10": 3.5555555555555554
        },
        "hm": {
          "0": 1.1111111111111112,
          "10": 1.5833333333333333
        },
        "rhw": {
          "0": 1.0833333333333333,
          "10": 1.25
        },
        "zg": {
          "0": 1.1111111111111112,
          "10": 1.1666666666666667
        },
        "hoffmann": {
          "0": 1.0,
          "10": 1.2222222222222223
        }
      }
    }
  }
}