{
  "sokoban_noisy": {
    "problems": 144,
    "goals_avg": 8.666666666666666,
    "observations": {
      "25": {
        "exhaust": {
          "time": {
            "0": 10.986,
            "10": 11.036,
            "20": 11.217,
            "30": 11.211
          },
          "accuracy": {
            "0": 27.77777777777778,
            "10": 61.111111111111114,
            "20": 97.22222222222221,
            "30": 100.0
          }
        },
        "hm": {
          "time": {
            "0": 71.69,
            "10": 71.5,
            "20": 71.373,
            "30": 71.133
          },
          "accuracy": {
            "0": 33.33333333333333,
            "10": 38.88888888888889,
            "20": 58.333333333333336,
            "30": 63.888888888888886
          }
        },
        "rhw": {
          "time": {
            "0": 10.735,
            "10": 10.65,
            "20": 10.814,
            "30": 10.695
          },
          "accuracy": {
            "0": 27.77777777777778,
            "10": 27.77777777777778,
            "20": 33.33333333333333,
            "30": 41.66666666666667
          }
        },
        "zg": {
          "time": {
            "0": 11.004,
            "10": 10.855,
            "20": 10.822,
            "30": 10.784
          },
          "accuracy": {
            "0": 27.77777777777778,
            "10": 27.77777777777778,
            "20": 33.33333333333333,
            "30": 36.11111111111111
          }
        },
        "observations_avg": 5.333333333333333
      },
      "50": {
        "exhaust": {
          "time": {
            "0": 17.851,
            "10": 17.715,
            "20": 17.874,
            "30": 17.502
          },
          "accuracy": {
            "0": 58.333333333333336,
            "10": 83.33333333333334,
            "20": 97.22222222222221,
            "30": 100.0
          }
        },
        "hm": {
          "time": {
            "0": 116.112,
            "10": 116.981,
            "20": 116.009,
            "30": 113.927
          },
          "accuracy": {
            "0": 61.111111111111114,
            "10": 61.111111111111114,
            "20": 75.0,
            "30": 88.88888888888889
          }
        },
        "rhw": {
          "time": {
            "0": 17.096,
            "10": 17.148,
            "20": 16.972,
            "30": 16.972
          },
          "accuracy": {
            "0": 55.55555555555556,
            "10": 58.333333333333336,
            "20": 63.888888888888886,
            "30": 69.44444444444444
          }
        },
        "zg": {
          "time": {
            "0": 17.469,
            "10": 17.211,
            "20": 17.136,
            "30": 16.956
          },
          "accuracy": {
            "0": 55.55555555555556,
            "10": 55.55555555555556,
            "20": 63.888888888888886,
            "30": 77.77777777777779
          }
        },
        "observations_avg": 10.333333333333334
      },
      "75": {
        "exhaust": {
          "time": {
            "0": 14.809,
            "10": 14.784,
            "20": 14.651,
            "30": 14.716
          },
          "accuracy": {
            "0": 75.0,
            "10": 97.22222222222221,
            "20": 100.0,
            "30": 100.0
          }
        },
        "hm": {
          "time": {
            "0": 92.771,
            "10": 91.93,
            "20": 92.103,
            "30": 91.434
          },
          "accuracy": {
            "0": 75.0,
            "10": 91.66666666666666,
            "20": 94.44444444444444,
            "30": 100.0
          }
        },
        "rhw": {
          "time": {
            "0": 14.209,
            "10": 14.248,
            "20": 14.273,
            "30": 14.406
          },
          "accuracy": {
            "0": 69.44444444444444,
            "10": 86.11111111111111,
            "20": 91.66666666666666,
            "30": 94.44444444444444
          }
        },
        "zg": {
          "time": {
            "0": 14.466,
            "10": 14.308,
            "20": 14.392,
            "30": 14.448
          },
          "accuracy": {
            "0": 72.22222222222221,
            "10": 83.33333333333334,
            "20": 94.44444444444444,
            "30": 94.44444444444444
          }
        },
        "observations_avg": 15.666666666666666
      },
      "100": {
        "exhaust": {
          "time": {
            "0": 18.565,
            "10": 18.553,
            "20": 18.901,
            "30": 18.663
          },
          "accuracy": {
            "0": 86.11111111111111,
            "10": 100.0,
            "20": 100.0,
            "30": 100.0
          }
        },
        "hm": {
          "time": {
            "0": 123.595,
            "10": 124.567,
            "20": 126.184,
            "30": 126.225
          },
          "accuracy": {
            "0": 86.11111111111111,
            "10": 91.66666666666666,
            "20": 100.0,
            "30": 100.0
          }
        },
        "rhw": {
          "time": {
            "0": 17.969,
            "10": 18.266,
            "20": 18.128,
            "30": 18.432
          },
          "accuracy": {
            "0": 86.11111111111111,
            "10": 91.66666666666666,
            "20": 91.66666666666666,
            "30": 100.0
          }
        },
        "zg": {
          "time": {
            "0": 18.072,
            "10": 18.165,
            "20": 18.336,
            "30": 18.446
          },
          "accuracy": {
            "0": 83.33333333333334,
            "10": 86.11111111111111,
            "20": 97.22222222222221,
            "30": 100.0
          }
        },
        "observations_avg": 20.166666666666668
      }
    },
    "landmarks_avg": {
      "exhaust": 59.191666666666805,
      "hm": 14.350000000000042,
      "rhw": 9.024999999999968,
      "zg": 9.649999999999968
    },
    "spread": {
      "25": {
        "exhaust": {
          "0": 1.3055555555555556,
          "10": 3.611111111111111,
          "20": 7.194444444444445,
          "30": 7.888888888888889
        },
        "hm": {
          "0": 1.6111111111111112,
          "10": 1.9166666666666667,
          "20": 3.2777777777777777,
          "30": 3.9166666666666665
        },
        "rhw": {
          "0": 1.3055555555555556,
          "10": 1.4722222222222223,
          "20": 2.0,
          "30": 2.5
        },
        "zg": {
          "0": 1.4722222222222223,
          "10": 1.6111111111111112,
          "20": 1.8333333333333333,
          "30": 2.3333333333333335
        }
      },
      "50": {
        "exhaust": {
          "0": 1.0833333333333333,
          "10": 3.361111111111111,
          "20": 6.805555555555555,
          "30": 7.944444444444445
        },
        "hm": {
          "0": 1.4722222222222223,
          "10": 1.7777777777777777,
          "20": 2.9444444444444446,
          "30": 4.138888888888889
        },
        "rhw": {
          "0": 1.3333333333333333,
          "10": 1.5277777777777777,
          "20": 2.1944444444444446,
          "30": 2.6944444444444446
        },
        "zg": {
          "0": 1.4722222222222223,
          "10": 1.6111111111111112,
          "20": 2.1944444444444446,
          "30": 2.888888888888889
        }
      },
      "75": {
        "exhaust": {
          "0": 1.0555555555555556,
          "10": 3.5,
          "20": 7.083333333333333,
          "30": 7.944444444444445
        },
        "hm": {
          "0": 1.1388888888888888,
          "10": 1.7222222222222223,
          "20": 3.0277777777777777,
          "30": 4.722222222222222
        },
        "rhw": {
          "0": 1.1388888888888888,
          "10": 1.3888888888888888,
          "20": 1.75,
          "30": 2.3055555555555554
        },
        "zg": {
          "0": 1.1388888888888888,
          "10": 1.3888888888888888,
          "20": 2.2222222222222223,
          "30": 2.75
        }
      },