{
  "sokoban_noisy": {
    "problems": 144,
    "goals_avg": 8.666666666666666,
    "observations": {
      "25": {
        "hoffmann": {
          "time": {
            "0": 46.493,
            "10": 46.312,
            "20": 46.5,
            "30": 45.802
          },
          "accuracy": {
            "0": 16.666666666666664,
            "10": 19.444444444444446,
            "20": 22.22222222222222,
            "30": 27.77777777777778
          }
        },
        "observations_avg": 5.333333333333333
      },
      "50": {
        "hoffmann": {
          "time": {
            "0": 61.842,
            "10": 61.131,
            "20": 61.121,
            "30": 61.084
          },
          "accuracy": {
            "0": 44.44444444444444,
            "10": 52.77777777777778,
            "20": 61.111111111111114,
            "30": 63.888888888888886
          }
        },
        "observations_avg": 10.333333333333334
      },
      "75": {
        "hoffmann": {
          "time": {
            "0": 53.703,
            "10": 54.04,
            "20": 53.626,
            "30": 53.943
          },
          "accuracy": {
            "0": 66.66666666666666,
            "10": 72.22222222222221,
            "20": 86.11111111111111,
            "30": 91.66666666666666
          }
        },
        "observations_avg": 15.666666666666666
      },
      "100": {
        "hoffmann": {
          "time": {
            "0": 62.571,
            "10": 62.224,
            "20": 62.105,
            "30": 62.05
          },
          "accuracy": {
            "0": 75.0,
            "10": 77.77777777777779,
            "20": 88.88888888888889,
            "30": 88.88888888888889
          }
        },
        "observations_avg": 20.166666666666668
      }
    },
    "landmarks_avg": {
      "hoffmann": 9.291666666666666
    },
    "spread": {
      "25": {
        "hoffmann": {
          "0": 1.1944444444444444,
          "10": 1.4166666666666667,
          "20": 1.8611111111111112,
          "30": 2.1666666666666665
        }
      },
      "50": {
        "hoffmann": {
          "0": 1.2222222222222223,
          "10": 1.5,
          "20": 2.111111111111111,
          "30": 2.5833333333333335
        }
      },
      "75": {
        "hoffmann": {
          "0": 1.1666666666666667,
          "10": 1.5,
          "20": 2.138888888888889,
          "30": 2.9166666666666665
        }
      },
      "100": {
        "hoffmann": {
          "0": 1.0,
          "10": 1.2222222222222223,
          "20": 2.0,
          "30": 3.111111111111111
        }
      }
    }
  }
}