{
  "sokoban_noisy": {
    "problems": 144,
    "goals_avg": 8.666666666666666,
    "observations": {
      "25": {
        "exhaust": {
          "time": {
            "0": 5.833,
            "10": 5.824,
            "20": 5.842,
            "30": 5.849
          },
          "accuracy": {
            "0": 22.22222222222222,
            "10": 25.0,
            "20": 25.0,
            "30": 25.0
          }
        },
        "hm": {
          "time": {
            "0": 32.542,
            "10": 32.632,
            "20": 32.545,
            "30": 32.544
          },
          "accuracy": {
            "0": 25.0,
            "10": 27.77777777777778,
            "20": 30.555555555555557,
            "30": 30.555555555555557
          }
        },
        "rhw": {
          "time": {
            "0": 5.486,
            "10": 5.482,
            "20": 5.483,
            "30": 5.482
          },
          "accuracy": {
            "0": 30.555555555555557,
            "10": 30.555555555555557,
            "20": 30.555555555555557,
            "30": 30.555555555555557
          }
        },
        "zg": {
          "time": {
            "0": 5.57,
            "10": 5.598,
            "20": 5.553,
            "30": 5.561
          },
          "accuracy": {
            "0": 27.77777777777778,
            "10": 30.555555555555557,
            "20": 30.555555555555557,
            "30": 30.555555555555557
          }
        },
        "observations_avg": 5.333333333333333
      },
      "50": {
        "exhaust": {
          "time": {
            "0": 4.788,
            "10": 4.79,
            "20": 4.779,
            "30": 4.813
          },
          "accuracy": {
            "0": 50.0,
            "10": 52.77777777777778,
            "20": 55.55555555555556,
            "30": 58.333333333333336
          }
        },
        "hm": {
          "time": {
            "0": 36.071,
            "10": 36.278,
            "20": 36.308,
            "30": 36.098
          },
          "accuracy": {
            "0": 38.88888888888889,
            "10": 41.66666666666667,
            "20": 47.22222222222222,
            "30": 50.0
          }
        },
        "rhw": {
          "time": {
            "0": 4.566,
            "10": 4.562,
            "20": 4.557,
            "30": 4.57
          },
          "accuracy": {
            "0": 38.88888888888889,
            "10": 44.44444444444444,
            "20": 50.0,
            "30": 50.0
          }
        },
        "zg": {
          "time": {
            "0": 4.601,
            "10": 4.611,
            "20": 4.604,
            "30": 4.595
          },
          "accuracy": {
            "0": 41.66666666666667,
            "10": 44.44444444444444,
            "20": 47.22222222222222,
            "30": 50.0
          }
        },
        "observations_avg": 10.333333333333334
      },
      "75": {
        "exhaust": {
          "time": {
            "0": 4.824,
            "10": 4.837,
            "20": 4.862,
            "30": 4.875
          },
          "accuracy": {
            "0": 63.888888888888886,
            "10": 69.44444444444444,
            "20": 77.77777777777779,
            "30": 80.55555555555556
          }
        },
        "hm": {
          "time": {
            "0": 33.896,
            "10": 33.738,
            "20": 33.739,
            "30": 33.767
          },
          "accuracy": {
            "0": 66.66666666666666,
            "10": 66.66666666666666,
            "20": 69.44444444444444,
            "30": 75.0
          }
        },
        "rhw": {
          "time": {
            "0": 4.604,
            "10": 4.57,
            "20": 4.592,
            "30": 4.617
          },
          "accuracy": {
            "0": 66.66666666666666,
            "10": 69.44444444444444,
            "20": 77.77777777777779,
            "30": 77.77777777777779
          }
        },
        "zg": {
          "time": {
            "0": 4.657,
            "10": 4.628,
            "20": 4.662,
            "30": 4.667
          },
          "accuracy": {
            "0": 66.66666666666666,
            "10": 66.66666666666666,
            "20": 72.22222222222221,
            "30": 75.0
          }
        },
        "observations_avg": 15.666666666666666
      },
      "100": {
        "exhaust": {
          "time": {
            "0": 5.914,
            "10": 5.886,
            "20": 5.842,
            "30": 5.869
          },
          "accuracy": {
            "0": 86.11111111111111,
            "10": 86.11111111111111,
            "20": 86.11111111111111,
            "30": 86.11111111111111
          }
        },
        "hm": {
          "time": {
            "0": 42.367,
            "10": 42.266,
            "20": 42.376,
            "30": 42.314
          },
          "accuracy": {
            "0": 86.11111111111111,
            "10": 86.11111111111111,
            "20": 86.11111111111111,
            "30": 86.11111111111111
          }
        },
        "rhw": {
          "time": {
            "0": 5.679,
            "10": 5.636,
            "20": 5.594,
            "30": 5.61
          },
          "accuracy": {
            "0": 86.11111111111111,
            "10": 86.11111111111111,
            "20": 86.11111111111111,
            "30": 86.11111111111111
          }
        },
        "zg": {
          "time": {
            "0": 5.698,
            "10": 5.659,
            "20": 5.673,
            "30": 5.641
          },
          "accuracy": {
            "0": 86.11111111111111,
            "10": 86.11111111111111,
            "20": 86.11111111111111,
            "30": 86.11111111111111
          }
        },
        "observations_avg": 20.166666666666668
      }
    },
    "landmarks_avg": {
      "exhaust": 59.191666666666805,
      "hm": 14.350000000000042,
      "rhw": 9.024999999999968,
      "zg": 9.649999999999968
    },
    "spread": {
      "25": {
        "exhaust": {
          "0": 1.1944444444444444,
          "10": 1.2777777777777777,
          "20": 1.3055555555555556,
          "30": 1.4166666666666667
        },
        "hm": {
          "0": 1.1944444444444444,
          "10": 1.25,
          "20": 1.4166666666666667,
          "30": 1.5
        },
        "rhw": {
          "0": 1.3611111111111112,
          "10": 1.3611111111111112,
          "20": 1.5277777777777777,
          "30": 1.6944444444444444
        },
        "zg": {
          "0": 1.3611111111111112,
          "10": 1.4166666666666667,
          "20": 1.5555555555555556,
          "30": 1.6111111111111112
        }
      },
      "50": {
        "exhaust": {
          "0": 1.0277777777777777,
          "10": 1.0833333333333333,
          "20": 1.2222222222222223,
          "30": 1.4444444444444444
        },
        "hm": {
          "0": 1.0277777777777777,
          "10": 1.2222222222222223,
          "20": 1.4166666666666667,
          "30": 1.7777777777777777
        },
        "rhw": {
          "0": 1.0277777777777777,
          "10": 1.1388888888888888,
          "20": 1.2777777777777777,
          "30": 1.5277777777777777
        },
        "zg": {
          "0": 1.0277777777777777,
          "10": 1.25,
          "20": 1.3333333333333333,
          "30": 1.6944444444444444
        }
      },
      "75": {
        "exhaust": {
          "0": 1.0,
          "10": 1.1388888888888888,
          "20": 1.3611111111111112,
          "30": 1.6666666666666667
        },
        "hm": {
          "0": 1.0277777777777777,
          "10": 1.1944444444444444,
          "20": 1.4444444444444444,
          "30": 1.75
        },
        "rhw": {
          "0": 1.0277777777777777,
          "10": 1.1666666666666667,
          "20": 1.4166666666666667,
          "30": 1.6388888888888888
        },
        "zg": {
          "0": 1.0277777777777777,
          "10": 1.1944444444444444,
          "20": 1.4722222222222223,
          "30": 1.7777777777777777
        }
      },