{
  "sokoban_noisy": {
    "problems": 144,
    "goals_avg": 8.666666666666666,
    "observations": {
      "25": {
        "exhaust": {
          "time": {
            "0": 8.76,
            "10": 8.757
          },
          "accuracy": {
            "0": 27.77777777777778,
            "10": 61.111111111111114
          },
          "prob_accuracy": {
            "0": 100.0,
            "10": 100.0
          }
        },
        "hm": {
          "time": {
            "0": 56.149,
            "10": 56.637
          },
          "accuracy": {
            "0": 33.33333333333333,
            "10": 38.88888888888889
          },
          "prob_accuracy": {
            "0": 100.0,
            "10": 100.0
          }
        },
        "rhw": {
          "time": {
            "0": 8.379,
            "10": 8.41
          },
          "accuracy": {
            "0": 27.77777777777778,
            "10": 27.77777777777778
          },
          "prob_accuracy": {
            "0": 100.0,
            "10": 100.0
          }
        },
        "zg": {
          "time": {
            "0": 8.456,
            "10": 8.471
          },
          "accuracy": {
            "0": 27.77777777777778,
            "10": 27.77777777777778
          },
          "prob_accuracy": {
            "0": 100.0,
            "10": 100.0
          }
        },
        "hoffmann": {
          "time": {
            "0": 65.956,
            "10": 66.564
          },
          "accuracy": {
            "0": 16.666666666666664,
            "10": 19.444444444444446
          },
          "prob_accuracy": {
            "0": 100.0,
            "10": 100.0
          }
        },
        "observations_avg": 5.333333333333333
      },
      "50": {
        "exhaust": {
          "time": {
            "0": 5.388,
            "10": 5.353
          },
          "accuracy": {
            "0": 58.333333333333336,
            "10": 83.33333333333334
          },
          "prob_accuracy": {
            "0": 100.0,
            "10": 100.0
          }
        },
        "hm": {
          "time": {
            "0": 39.232,
            "10": 39.411
          },
          "accuracy": {
            "0": 61.111111111111114,
            "10": 61.111111111111114
          },
          "prob_accuracy": {
            "0": 100.0,
            "10": 100.0
          }
        },
        "rhw": {
          "time": {
            "0": 5.149,
            "10": 5.135
          },
          "accuracy": {
            "0": 55.55555555555556,
            "10": 58.333333333333336
          },
          "prob_accuracy": {
            "0": 100.0,
            "10": 100.0
          }
        },
        "zg": {
          "time": {
            "0": 5.156,
            "10": 5.173
          },
          "accuracy": {
            "0": 55.55555555555556,
            "10": 55.55555555555556
          },
          "prob_accuracy": {
            "0": 100.0,
            "10": 100.0
          }
        },
        "hoffmann": {
          "time": {
            "0": 54.279,
            "10": 54.24
          },
          "accuracy": {
            "0": 44.44444444444444,
            "10": 52.77777777777778
          },
          "prob_accuracy": {
            "0": 100.0,
            "10": 100.0
          }
        },
        "observations_avg": 10.333333333333334
      },
      "75": {
        "exhaust": {
          "time": {
            "0": 6.16,
            "10": 6.138
          },
          "accuracy": {
            "0": 75.0,
            "10": 97.22222222222221
          },
          "prob_accuracy": {
            "0": 100.0,
            "10": 100.0
          }
        },
        "hm": {
          "time": {
            "0": 43.879,
            "10": 43.678
          },
          "accuracy": {
            "0": 75.0,
            "10": 91.66666666666666
          },
          "prob_accuracy": {
            "0": 100.0,
            "10": 100.0
          }
        },
        "rhw": {
          "time": {
            "0": 5.898,
            "10": 5.836
          },
          "accuracy": {
            "0": 69.44444444444444,
            "10": 86.11111111111111
          },
          "prob_accuracy": {
            "0": 100.0,
            "10": 100.0
          }
        },
        "zg": {
          "time": {
            "0": 5.88,
            "10": 5.938
          },
          "accuracy": {
            "0": 72.22222222222221,
            "10": 83.33333333333334
          },
          "prob_accuracy": {
            "0": 100.0,
            "10": 100.0
          }
        },
        "hoffmann": {
          "time": {
            "0": 56.007,
            "10": 55.792
          },
          "accuracy": {
            "0": 66.66666666666666,
            "10": 72.22222222222221
          },
          "prob_accuracy": {
            "0": 100.0,
            "10": 100.0
          }
        },
        "observations_avg": 15.666666666666666
      },
      "100": {
        "exhaust": {
          "time": {
            "0": 7.862,
            "10": 7.804
          },
          "accuracy": {
            "0": 86.11111111111111,
            "10": 100.0
          },
          "prob_accuracy": {
            "0": 100.0,
            "10": 100.0
          }
        },
        "hm": {
          "time": {
            "0": 53.312,
            "10": 53.048
          },
          "accuracy": {
            "0": 86.11111111111111,
            "10": 91.66666666666666
          },
          "prob_accuracy": {
            "0": 100.0,
            "10": 100.0
          }
        },
        "rhw": {
          "time": {
            "0": 7.614,
            "10": 7.546
          },
          "accuracy": {
            "0": 86.11111111111111,
            "10": 91.66666666666666
          },
          "prob_accuracy": {
            "0": 100.0,
            "10": 100.0
          }
        },
        "zg": {
          "time": {
            "0": 7.517,
            "10": 7.517
          },
          "accuracy": {
            "0": 83.33333333333334,
            "10": 86.11111111111111
          },
          "prob_accuracy": {
            "0": 100.0,
            "10": 100.0
          }
        },
        "hoffmann": {
          "time": {
            "0": 61.601,
            "10": 61.56
          },
          "accuracy": {
            "0": 75.0,
            "10": 77.77777777777779
          },
          "prob_accuracy": {
            "0": 100.0,
            "10": 100.0
          }
        },
        "observations_avg": 20.166666666666668
      }
    },
    "landmarks_avg": {
      "exhaust": 59.19166666666677,
      "hm": 14.350000000000026,
      "rhw": 9.024999999999995,
      "zg": 9.649999999999991,
      "hoffmann": 9.291666666666666
    },
    "spread": {
      "25": {
        "exhaust": {
          "0": 1.3055555555555556,
          "10": 3.611111111111111
        },
        "hm": {
          "0": 1.6111111111111112,
          "10": 1.9166666666666667
        },
        "rhw": {
          "0": 1.3055555555555556,
          "10": 1.4722222222222223
        },
        "zg": {
          "0": 1.4722222222222223,
          "10": 1.6111111111111112
        },
        "hoffmann": {
          "0": 1.1944444444444444,
          "10": 1.4166666666666667
        }
      },
      "50": {
        "exhaust": {
          "0": 1.0833333333333333,
          "10": 3.361111111111111
        },
        "hm": {
          "0": 1.4722222222222223,
          "10": 1.7777777777777777
        },
        "rhw": {
          "0": 1.3333333333333333,
          "10": 1.5277777777777777
        },
        "zg": {
          "0": 1.4722222222222223,
          "10": 1.6111111111111112
        },
        "hoffmann": {
          "0": 1.2222222222222223,
          "10": 1.5
        }
      },
      "75": {
        "exhaust": {
          "0": 1.0555555555555556,
          "10": 3.5
        },
        "hm": {
          "0": 1.1388888888888888,
          "10": 1.7222222222222223
        },