{
  "campus_noisy": {
    "problems": 516,
    "goals_avg": 2.0,
    "observations": {
      "25": {
        "exhaust": {
          "time": {
            "0": 4.588,
            "10": 4.564,
            "20": 4.554,
            "30": 4.588
          },
          "accuracy": {
            "0": 80.62015503875969,
            "10": 80.62015503875969,
            "20": 96.89922480620154,
            "30": 98.44961240310077
          }
        },
        "hm": {
          "time": {
            "0": 4.646,
            "10": 4.534,
            "20": 4.551,
            "30": 4.568
          },
          "accuracy": {
            "0": 80.62015503875969,
            "10": 80.62015503875969,
            "20": 96.89922480620154,
            "30": 98.44961240310077
          }
        },
        "rhw": {
          "time": {
            "0": 4.577,
            "10": 4.527,
            "20": 4.552,
            "30": 4.541
          },
          "accuracy": {
            "0": 80.62015503875969,
            "10": 80.62015503875969,
            "20": 96.89922480620154,
            "30": 98.44961240310077
          }
        },
        "zg": {
          "time": {
            "0": 4.55,
            "10": 4.548,
            "20": 4.528,
            "30": 4.585
          },
          "accuracy": {
            "0": 80.62015503875969,
            "10": 80.62015503875969,
            "20": 96.89922480620154,
            "30": 98.44961240310077
          }
        },
        "observations_avg": 3.0697674418604652
      },
      "50": {
        "exhaust": {
          "time": {
            "0": 4.289,
            "10": 4.195,
            "20": 4.329,
            "30": 4.226
          },
          "accuracy": {
            "0": 91.47286821705426,
            "10": 91.47286821705426,
            "20": 100.0,
            "30": 100.0
          }
        },
        "hm": {
          "time": {
            "0": 4.283,
            "10": 4.279,
            "20": 4.309,
            "30": 4.313
          },
          "accuracy": {
            "0": 91.47286821705426,
            "10": 91.47286821705426,
            "20": 100.0,
            "30": 100.0
          }
        },
        "rhw": {
          "time": {
            "0": 4.286,
            "10": 4.225,
            "20": 4.287,
            "30": 4.264
          },
          "accuracy": {
            "0": 91.47286821705426,
            "10": 91.47286821705426,
            "20": 100.0,
            "30": 100.0
          }
        },
        "zg": {
          "time": {
            "0": 4.266,
            "10": 4.215,
            "20": 4.265,
            "30": 4.308
          },
          "accuracy": {
            "0": 91.47286821705426,
            "10": 91.47286821705426,
            "20": 100.0,
            "30": 100.0
          }
        },
        "observations_avg": 4.558139534883721
      },
      "75": {
        "exhaust": {
          "time": {
            "0": 5.026,
            "10": 5.021,
            "20": 5.037,
            "30": 4.996
          },
          "accuracy": {
            "0": 95.34883720930233,
            "10": 95.34883720930233,
            "20": 100.0,
            "30": 100.0
          }
        },
        "hm": {
          "time": {
            "0": 5.044,
            "10": 5.037,
            "20": 5.105,
            "30": 5.03
          },
          "accuracy": {
            "0": 95.34883720930233,
            "10": 95.34883720930233,
            "20": 100.0,
            "30": 100.0
          }
        },
        "rhw": {
          "time": {
            "0": 5.059,
            "10": 5.067,
            "20": 5.067,
            "30": 5.02
          },
          "accuracy": {
            "0": 95.34883720930233,
            "10": 95.34883720930233,
            "20": 100.0,
            "30": 100.0
          }
        },
        "zg": {
          "time": {
            "0": 5.077,
            "10": 5.051,
            "20": 5.017,
            "30": 5.049
          },
          "accuracy": {
            "0": 95.34883720930233,
            "10": 95.34883720930233,
            "20": 100.0,
            "30": 100.0
          }
        },
        "observations_avg": 6.395348837209302
      },
      "100": {
        "exhaust": {
          "time": {
            "0": 2.251,
            "10": 2.256,
            "20": 2.233,
            "30": 2.21
          },
          "accuracy": {
            "0": 95.34883720930233,
            "10": 95.34883720930233,
            "20": 100.0,
            "30": 100.0
          }
        },
        "hm": {
          "time": {
            "0": 2.257,
            "10": 2.224,
            "20": 2.232,
            "30": 2.236
          },
          "accuracy": {
            "0": 95.34883720930233,
            "10": 95.34883720930233,
            "20": 100.0,
            "30": 100.0
          }
        },
        "rhw": {
          "time": {
            "0": 2.235,
            "10": 2.209,
            "20": 2.246,
            "30": 2.23
          },
          "accuracy": {
            "0": 95.34883720930233,
            "10": 95.34883720930233,
            "20": 100.0,
            "30": 100.0
          }
        },
        "zg": {
          "time": {
            "0": 2.205,
            "10": 2.221,
            "20": 2.22,
            "30": 2.237
          },
          "accuracy": {
            "0": 95.34883720930233,
            "10": 95.34883720930233,
            "20": 100.0,
            "30": 100.0
          }
        },
        "observations_avg": 7.511627906976744
      }
    },
    "landmarks_avg": {
      "exhaust": 14.0,
      "hm": 8.5,
      "rhw": 14.0,
      "zg": 8.5
    },
    "spread": {
      "25": {
        "exhaust": {
          "0": 1.0,
          "10": 1.0,
          "20": 1.2868217054263567,
          "30": 1.3333333333333333
        },
        "hm": {
          "0": 1.0,
          "10": 1.0,
          "20": 1.2868217054263567,
          "30": 1.3333333333333333
        },
        "rhw": {
          "0": 1.0,
          "10": 1.0,
          "20": 1.2868217054263567,
          "30": 1.3333333333333333
        },
        "zg": {
          "0": 1.0,
          "10": 1.0,
          "20": 1.2868217054263567,
          "30": 1.3333333333333333
        }
      },
      "50": {
        "exhaust": {
          "0": 1.0,
          "10": 1.0,
          "20": 1.1472868217054264,
          "30": 1.2790697674418605
        },
        "hm": {
          "0": 1.0,
          "10": 1.0,
          "20": 1.1472868217054264,
          "30": 1.2790697674418605
        },
        "rhw": {
          "0": 1.0,
          "10": 1.0,
          "20": 1.1472868217054264,
          "30": 1.2790697674418605
        },
        "zg": {
          "0": 1.0,
          "10": 1.0,
          "20": 1.1472868217054264,
          "30": 1.2790697674418605
        }
      },
      "75": {
        "exhaust": {
          "0": 1.0,
          "10": 1.0,
          "20": 1.0852713178294573,
          "30": 1.302325581395349
        },
        "hm": {
          "0": 1.0,
          "10": 1.0,
          "20": 1.0852713178294573,
          "30": 1.302325581395349
        },
        "rhw": {
          "0": 1.0,
          "10": 1.0,
          "20": 1.0852713178294573,
          "30": 1.302325581395349
        },
        "zg": {
          "0": 1.0,
          "10": 1.0,
          "20": 1.0852713178294573,
          "30": 1.302325581395349
        }
      },
      "100": {
        "exhaust": {
          "0": 1.0,
          "10": 1.0,
          "20": 1.0930232558139534,
          "30": 1.3255813953488371
        },
        "hm": {
          "0": 1.0,
          "10": 1.0,
          "20": 1.0930232558139534,
          "30": 1.3255813953488371
        },
        "rhw": {
          "0": 1.0,
          "10": 1.0,
          "20": 1.0930232558139534,
          "30": 1.3255813953488371
        },
        "zg": {
          "0": 1.0,
          "10": 1.0,
          "20": 1.0930232558139534,