{
  "campus_noisy": {
    "problems": 516,
    "goals_avg": 2.0,
    "observations": {
      "25": {
        "exhaust": {
          "time": {
            "0": 1.105,
            "10": 1.109,
            "20": 1.116,
            "30": 1.1
          },
          "accuracy": {
            "0": 80.62015503875969,
            "10": 80.62015503875969,
            "20": 96.89922480620154,
            "30": 96.89922480620154
          }
        },
        "hm": {
          "time": {
            "0": 1.112,
            "10": 1.112,
            "20": 1.12,
            "30": 1.115
          },
          "accuracy": {
            "0": 80.62015503875969,
            "10": 80.62015503875969,
            "20": 96.89922480620154,
            "30": 96.89922480620154
          }
        },
        "rhw": {
          "time": {
            "0": 1.115,
            "10": 1.105,
            "20": 1.108,
            "30": 1.118
          },
          "accuracy": {
            "0": 80.62015503875969,
            "10": 80.62015503875969,
            "20": 96.89922480620154,
            "30": 96.89922480620154
          }
        },
        "zg": {
          "time": {
            "0": 1.11,
            "10": 1.105,
            "20": 1.117,
            "30": 1.113
          },
          "accuracy": {
            "0": 80.62015503875969,
            "10": 80.62015503875969,
            "20": 96.89922480620154,
            "30": 96.89922480620154
          }
        },
        "observations_avg": 3.0697674418604652
      },
      "50": {
        "exhaust": {
          "time": {
            "0": 1.419,
            "10": 1.413,
            "20": 1.419,
            "30": 1.412
          },
          "accuracy": {
            "0": 91.47286821705426,
            "10": 91.47286821705426,
            "20": 100.0,
            "30": 100.0
          }
        },
        "hm": {
          "time": {
            "0": 1.426,
            "10": 1.425,
            "20": 1.42,
            "30": 1.425
          },
          "accuracy": {
            "0": 91.47286821705426,
            "10": 91.47286821705426,
            "20": 100.0,
            "30": 100.0
          }
        },
        "rhw": {
          "time": {
            "0": 1.412,
            "10": 1.401,
            "20": 1.419,
            "30": 1.413
          },
          "accuracy": {
            "0": 91.47286821705426,
            "10": 91.47286821705426,
            "20": 100.0,
            "30": 100.0
          }
        },
        "zg": {
          "time": {
            "0": 1.414,
            "10": 1.418,
            "20": 1.413,
            "30": 1.417
          },
          "accuracy": {
            "0": 91.47286821705426,
            "10": 91.47286821705426,
            "20": 100.0,
            "30": 100.0
          }
        },
        "observations_avg": 4.558139534883721
      },
      "75": {
        "exhaust": {
          "time": {
            "0": 1.294,
            "10": 1.289,
            "20": 1.297,
            "30": 1.295
          },
          "accuracy": {
            "0": 95.34883720930233,
            "10": 95.34883720930233,
            "20": 100.0,
            "30": 100.0
          }
        },
        "hm": {
          "time": {
            "0": 1.301,
            "10": 1.286,
            "20": 1.297,
            "30": 1.296
          },
          "accuracy": {
            "0": 95.34883720930233,
            "10": 95.34883720930233,
            "20": 100.0,
            "30": 100.0
          }
        },
        "rhw": {
          "time": {
            "0": 1.286,
            "10": 1.288,
            "20": 1.287,
            "30": 1.288
          },
          "accuracy": {
            "0": 95.34883720930233,
            "10": 95.34883720930233,
            "20": 100.0,
            "30": 100.0
          }
        },
        "zg": {
          "time": {
            "0": 1.299,
            "10": 1.289,
            "20": 1.299,
            "30": 1.286
          },
          "accuracy": {
            "0": 95.34883720930233,
            "10": 95.34883720930233,
            "20": 100.0,
            "30": 100.0
          }
        },
        "observations_avg": 6.395348837209302
      },
      "100": {
        "exhaust": {
          "time": {
            "0": 1.392,
            "10": 1.387,
            "20": 1.394,
            "30": 1.385
          },
          "accuracy": {
            "0": 95.34883720930233,
            "10": 95.34883720930233,
            "20": 100.0,
            "30": 100.0
          }
        },
        "hm": {
          "time": {
            "0": 1.393,
            "10": 1.399,
            "20": 1.405,
            "30": 1.396
          },
          "accuracy": {
            "0": 95.34883720930233,
            "10": 95.34883720930233,
            "20": 100.0,
            "30": 100.0
          }
        },
        "rhw": {
          "time": {
            "0": 1.394,
            "10": 1.383,
            "20": 1.39,
            "30": 1.396
          },
          "accuracy": {
            "0": 95.34883720930233,
            "10": 95.34883720930233,
            "20": 100.0,
            "30": 100.0
          }
        },
        "zg": {
          "time": {
            "0": 1.398,
            "10": 1.4,
            "20": 1.388,
            "30": 1.39
          },
          "accuracy": {
            "0": 95.34883720930233,
            "10": 95.34883720930233,
            "20": 100.0,
            "30": 100.0
          }
        },
        "observations_avg": 7.511627906976744
      }
    },
    "landmarks_avg": {
      "exhaust": 14.0,
      "hm": 8.5,
      "rhw": 14.0,
      "zg": 8.5
    },
    "spread": {
      "25": {
        "exhaust": {
          "0": 1.0,
          "10": 1.0,
          "20": 1.2868217054263567,
          "30": 1.317829457364341
        },
        "hm": {
          "0": 1.0,
          "10": 1.0,
          "20": 1.2868217054263567,
          "30": 1.317829457364341
        },
        "rhw": {
          "0": 1.0,
          "10": 1.0,
          "20": 1.2868217054263567,
          "30": 1.317829457364341
        },
        "zg": {
          "0": 1.0,
          "10": 1.0,
          "20": 1.2868217054263567,
          "30": 1.317829457364341
        }
      },
      "50": {
        "exhaust": {
          "0": 1.0,
          "10": 1.0,
          "20": 1.1472868217054264,
          "30": 1.2713178294573644
        },
        "hm": {
          "0": 1.0,
          "10": 1.0,
          "20": 1.1472868217054264,
          "30": 1.2713178294573644
        },
        "rhw": {
          "0": 1.0,
          "10": 1.0,
          "20": 1.1472868217054264,
          "30": 1.2713178294573644
        },
        "zg": {
          "0": 1.0,
          "10": 1.0,
          "20": 1.1472868217054264,
          "30": 1.2713178294573644
        }
      },
      "75": {
        "exhaust": {
          "0": 1.0,
          "10": 1.0,
          "20": 1.0852713178294573,
          "30": 1.302325581395349
        },
        "hm": {
          "0": 1.0,
          "10": 1.0,
          "20": 1.0852713178294573,
          "30": 1.302325581395349
        },
        "rhw": {
          "0": 1.0,
          "10": 1.0,
          "20": 1.0852713178294573,
          "30": 1.302325581395349
        },
        "zg": {
          "0": 1.0,
          "10": 1.0,
          "20": 1.0852713178294573,
          "30": 1.302325581395349
        }
      },
      "100": {
        "exhaust": {
          "0": 1.0,
          "10": 1.0,
          "20": 1.0930232558139534,
          "30": 1.3255813953488371
        },
        "hm": {
          "0": 1.0,
          "10": 1.0,
          "20": 1.0930232558139534,
          "30": 1.3255813953488371
        },
        "rhw": {
          "0": 1.0,
          "10": 1.0,
          "20": 1.0930232558139534,
          "30": 1.3255813953488371
        },
        "zg": {
          "0": 1.0,
          "10": 1.0,
          "20": 1.0930232558139534,
          "30": 1.3255813953488371
        }
      }
    }
  }
}