{
  "campus_noisy": {
    "problems": 516,
    "goals_avg": 2.0,
    "observations": {
      "25": {
        "exhaust": {
          "time": {
            "0": 1.335,
            "10": 1.323,
            "20": 1.331,
            "30": 1.328
          },
          "accuracy": {
            "0": 80.62015503875969,
            "10": 80.62015503875969,
            "20": 96.89922480620154,
            "30": 96.89922480620154
          }
        },
        "hm": {
          "time": {
            "0": 1.336,
            "10": 1.331,
            "20": 1.342,
            "30": 1.33
          },
          "accuracy": {
            "0": 80.62015503875969,
            "10": 80.62015503875969,
            "20": 96.89922480620154,
            "30": 96.89922480620154
          }
        },
        "rhw": {
          "time": {
            "0": 1.325,
            "10": 1.34,
            "20": 1.338,
            "30": 1.335
          },
          "accuracy": {
            "0": 80.62015503875969,
            "10": 80.62015503875969,
            "20": 96.89922480620154,
            "30": 96.89922480620154
          }
        },
        "zg": {
          "time": {
            "0": 1.334,
            "10": 1.326,
            "20": 1.334,
            "30": 1.329
          },
          "accuracy": {
            "0": 80.62015503875969,
            "10": 80.62015503875969,
            "20": 96.89922480620154,
            "30": 96.89922480620154
          }
        },
        "observations_avg": 3.0697674418604652
      },
      "50": {
        "exhaust": {
          "time": {
            "0": 1.365,
            "10": 1.354,
            "20": 1.354,
            "30": 1.351
          },
          "accuracy": {
            "0": 91.47286821705426,
            "10": 91.47286821705426,
            "20": 100.0,
            "30": 100.0
          }
        },
        "hm": {
          "time": {
            "0": 1.361,
            "10": 1.369,
            "20": 1.371,
            "30": 1.369
          },
          "accuracy": {
            "0": 91.47286821705426,
            "10": 91.47286821705426,
            "20": 100.0,
            "30": 100.0
          }
        },
        "rhw": {
          "time": {
            "0": 1.351,
            "10": 1.359,
            "20": 1.356,
            "30": 1.352
          },
          "accuracy": {
            "0": 91.47286821705426,
            "10": 91.47286821705426,
            "20": 100.0,
            "30": 100.0
          }
        },
        "zg": {
          "time": {
            "0": 1.35,
            "10": 1.358,
            "20": 1.366,
            "30": 1.352
          },
          "accuracy": {
            "0": 91.47286821705426,
            "10": 91.47286821705426,
            "20": 100.0,
            "30": 100.0
          }
        },
        "observations_avg": 4.558139534883721
      },
      "75": {
        "exhaust": {
          "time": {
            "0": 1.39,
            "10": 1.378,
            "20": 1.378,
            "30": 1.386
          },
          "accuracy": {
            "0": 95.34883720930233,
            "10": 95.34883720930233,
            "20": 100.0,
            "30": 100.0
          }
        },
        "hm": {
          "time": {
            "0": 1.389,
            "10": 1.389,
            "20": 1.388,
            "30": 1.387
          },
          "accuracy": {
            "0": 95.34883720930233,
            "10": 95.34883720930233,
            "20": 100.0,
            "30": 100.0
          }
        },
        "rhw": {
          "time": {
            "0": 1.381,
            "10": 1.387,
            "20": 1.38,
            "30": 1.383
          },
          "accuracy": {
            "0": 95.34883720930233,
            "10": 95.34883720930233,
            "20": 100.0,
            "30": 100.0
          }
        },
        "zg": {
          "time": {
            "0": 1.378,
            "10": 1.377,
            "20": 1.383,
            "30": 1.378
          },
          "accuracy": {
            "0": 95.34883720930233,
            "10": 95.34883720930233,
            "20": 100.0,
            "30": 100.0
          }
        },
        "observations_avg": 6.395348837209302
      },
      "100": {
        "exhaust": {
          "time": {
            "0": 1.314,
            "10": 1.305,
            "20": 1.308,
            "30": 1.308
          },
          "accuracy": {
            "0": 95.34883720930233,
            "10": 95.34883720930233,
            "20": 100.0,
            "30": 100.0
          }
        },
        "hm": {
          "time": {
            "0": 1.322,
            "10": 1.31,
            "20": 1.319,
            "30": 1.317
          },
          "accuracy": {
            "0": 95.34883720930233,
            "10": 95.34883720930233,
            "20": 100.0,
            "30": 100.0
          }
        },
        "rhw": {
          "time": {
            "0": 1.302,
            "10": 1.312,
            "20": 1.293,
            "30": 1.305
          },
          "accuracy": {
            "0": 95.34883720930233,
            "10": 95.34883720930233,
            "20": 100.0,
            "30": 100.0
          }
        },
        "zg": {
          "time": {
            "0": 1.307,
            "10": 1.313,
            "20": 1.31,
            "30": 1.3
          },
          "accuracy": {
            "0": 95.34883720930233,
            "10": 95.34883720930233,
            "20": 100.0,
            "30": 100.0
          }
        },
        "observations_avg": 7.511627906976744
      }
    },
    "landmarks_avg": {
      "exhaust": 14.0,
      "hm": 8.5,
      "rhw": 14.0,
      "zg": 8.5
    },
    "spread": {
      "25": {
        "exhaust": {
          "0": 1.0,
          "10": 1.0,
          "20": 1.2868217054263567,
          "30": 1.2868217054263567
        },
        "hm": {
          "0": 1.0,
          "10": 1.0,
          "20": 1.2868217054263567,
          "30": 1.2868217054263567
        },
        "rhw": {
          "0": 1.0,
          "10": 1.0,
          "20": 1.2868217054263567,
          "30": 1.2868217054263567
        },
        "zg": {
          "0": 1.0,
          "10": 1.0,
          "20": 1.2868217054263567,
          "30": 1.2868217054263567
        }
      },
      "50": {
        "exhaust": {
          "0": 1.0,
          "10": 1.0,
          "20": 1.1472868217054264,
          "30": 1.1472868217054264
        },
        "hm": {
          "0": 1.0,
          "10": 1.0,
          "20": 1.1472868217054264,
          "30": 1.1472868217054264
        },
        "rhw": {
          "0": 1.0,
          "10": 1.0,
          "20": 1.1472868217054264,
          "30": 1.1472868217054264
        },
        "zg": {
          "0": 1.0,
          "10": 1.0,
          "20": 1.1472868217054264,
          "30": 1.1472868217054264
        }
      },
      "75": {
        "exhaust": {
          "0": 1.0,
          "10": 1.0,
          "20": 1.0852713178294573,
          "30": 1.0852713178294573
        },
        "hm": {
          "0": 1.0,
          "10": 1.0,
          "20": 1.0852713178294573,
          "30": 1.0852713178294573
        },
        "rhw": {
          "0": 1.0,
          "10": 1.0,
          "20": 1.0852713178294573,
          "30": 1.0852713178294573
        },
        "zg": {
          "0": 1.0,
          "10": 1.0,
          "20": 1.0852713178294573,
          "30": 1.0852713178294573
        }
      },
      "100": {
        "exhaust": {
          "0": 1.0,
          "10": 1.0,
          "20": 1.0930232558139534,
          "30": 1.0930232558139534
        },
        "hm": {
          "0": 1.0,
          "10": 1.0,
          "20": 1.0930232558139534,
          "30": 1.0930232558139534
        },
        "rhw": {
          "0": 1.0,
          "10": 1.0,
          "20": 1.0930232558139534,
          "30": 1.0930232558139534
        },
        "zg": {
          "0": 1.0,
          "10": 1.0,
          "20": 1.0930232558139534,