{
  "campus_noisy": {
    "problems": 516,
    "goals_avg": 2.0,
    "observations": {
      "25": {
        "hoffmann": {
          "time": {
            "0": 11.401,
            "10": 11.31,
            "20": 11.258,
            "30": 11.356
          },
          "accuracy": {
            "0": 80.62015503875969,
            "10": 80.62015503875969,
            "20": 96.89922480620154,
            "30": 98.44961240310077
          }
        },
        "observations_avg": 3.0697674418604652
      },
      "50": {
        "hoffmann": {
          "time": {
            "0": 13.693,
            "10": 13.677,
            "20": 13.509,
            "30": 13.643
          },
          "accuracy": {
            "0": 91.47286821705426,
            "10": 91.47286821705426,
            "20": 100.0,
            "30": 100.0
          }
        },
        "observations_avg": 4.558139534883721
      },
      "75": {
        "hoffmann": {
          "time": {
            "0": 13.234,
            "10": 13.355,
            "20": 13.219,
            "30": 13.269
          },
          "accuracy": {
            "0": 95.34883720930233,
            "10": 95.34883720930233,
            "20": 100.0,
            "30": 100.0
          }
        },
        "observations_avg": 6.395348837209302
      },
      "100": {
        "hoffmann": {
          "time": {
            "0": 13.232,
            "10": 13.189,
            "20": 13.13,
            "30": 13.269
          },
          "accuracy": {
            "0": 95.34883720930233,
            "10": 95.34883720930233,
            "20": 100.0,
            "30": 100.0
          }
        },
        "observations_avg": 7.511627906976744
      }
    },
    "landmarks_avg": {
      "hoffmann": 8.5
    },
    "spread": {
      "25": {
        "hoffmann": {
          "0": 1.0,
          "10": 1.0,
          "20": 1.2868217054263567,
          "30": 1.3333333333333333
        }
      },
      "50": {
        "hoffmann": {
          "0": 1.0,
          "10": 1.0,
          "20": 1.1472868217054264,
          "30": 1.2790697674418605
        }
      },
      "75": {
        "hoffmann": {
          "0": 1.0,
          "10": 1.0,
          "20": 1.0852713178294573,
          "30": 1.302325581395349
        }
      },
      "100": {
        "hoffmann": {
          "0": 1.0,
          "10": 1.0,
          "20": 1.0930232558139534,
          "30": 1.3255813953488371
        }
      }
    }
  }
}