{
  "campus_noisy": {
    "problems": 516,
    "goals_avg": 2.0,
    "observations": {
      "25": {
        "exhaust": {
          "time": {
            "0": 2.159,
            "10": 2.209
          },
          "accuracy": {
            "0": 80.62015503875969,
            "10": 80.62015503875969
          },
          "prob_accuracy": {
            "0": 100.0,
            "10": 100.0
          }
        },
        "hm": {
          "time": {
            "0": 2.219,
            "10": 2.191
          },
          "accuracy": {
            "0": 80.62015503875969,
            "10": 80.62015503875969
          },
          "prob_accuracy": {
            "0": 100.0,
            "10": 100.0
          }
        },
        "rhw": {
          "time": {
            "0": 2.268,
            "10": 2.232
          },
          "accuracy": {
            "0": 80.62015503875969,
            "10": 80.62015503875969
          },
          "prob_accuracy": {
            "0": 100.0,
            "10": 100.0
          }
        },
        "zg": {
          "time": {
            "0": 2.192,
            "10": 2.289
          },
          "accuracy": {
            "0": 80.62015503875969,
            "10": 80.62015503875969
          },
          "prob_accuracy": {
            "0": 100.0,
            "10": 100.0
          }
        },
        "hoffmann": {
          "time": {
            "0": 14.907,
            "10": 14.908
          },
          "accuracy": {
            "0": 80.62015503875969,
            "10": 80.62015503875969
          },
          "prob_accuracy": {
            "0": 100.0,
            "10": 100.0
          }
        },
        "observations_avg": 3.0697674418604652
      },
      "50": {
        "exhaust": {
          "time": {
            "0": 1.571,
            "10": 1.582
          },
          "accuracy": {
            "0": 91.47286821705426,
            "10": 91.47286821705426
          },
          "prob_accuracy": {
            "0": 100.0,
            "10": 100.0
          }
        },
        "hm": {
          "time": {
            "0": 1.583,
            "10": 1.591
          },
          "accuracy": {
            "0": 91.47286821705426,
            "10": 91.47286821705426
          },
          "prob_accuracy": {
            "0": 100.0,
            "10": 100.0
          }
        },
        "rhw": {
          "time": {
            "0": 1.62,
            "10": 1.583
          },
          "accuracy": {
            "0": 91.47286821705426,
            "10": 91.47286821705426
          },
          "prob_accuracy": {
            "0": 100.0,
            "10": 100.0
          }
        },
        "zg": {
          "time": {
            "0": 1.564,
            "10": 1.598
          },
          "accuracy": {
            "0": 91.47286821705426,
            "10": 91.47286821705426
          },
          "prob_accuracy": {
            "0": 100.0,
            "10": 100.0
          }
        },
        "hoffmann": {
          "time": {
            "0": 13.084,
            "10": 13.094
          },
          "accuracy": {
            "0": 91.47286821705426,
            "10": 91.47286821705426
          },
          "prob_accuracy": {
            "0": 100.0,
            "10": 100.0
          }
        },
        "observations_avg": 4.558139534883721
      },
      "75": {
        "exhaust": {
          "time": {
            "0": 2.008,
            "10": 2.032
          },
          "accuracy": {
            "0": 95.34883720930233,
            "10": 95.34883720930233
          },
          "prob_accuracy": {
            "0": 100.0,
            "10": 100.0
          }
        },
        "hm": {
          "time": {
            "0": 1.991,
            "10": 1.952
          },
          "accuracy": {
            "0": 95.34883720930233,
            "10": 95.34883720930233
          },
          "prob_accuracy": {
            "0": 100.0,
            "10": 100.0
          }
        },
        "rhw": {
          "time": {
            "0": 2.041,
            "10": 2.01
          },
          "accuracy": {
            "0": 95.34883720930233,
            "10": 95.34883720930233
          },
          "prob_accuracy": {
            "0": 100.0,
            "10": 100.0
          }
        },
        "zg": {
          "time": {
            "0": 1.98,
            "10": 2.058
          },
          "accuracy": {
            "0": 95.34883720930233,
            "10": 95.34883720930233
          },
          "prob_accuracy": {
            "0": 100.0,
            "10": 100.0
          }
        },
        "hoffmann": {
          "time": {
            "0": 14.317,
            "10": 14.254
          },
          "accuracy": {
            "0": 95.34883720930233,
            "10": 95.34883720930233
          },
          "prob_accuracy": {
            "0": 100.0,
            "10": 100.0
          }
        },
        "observations_avg": 6.395348837209302
      },
      "100": {
        "exhaust": {
          "time": {
            "0": 2.275,
            "10": 2.274
          },
          "accuracy": {
            "0": 95.34883720930233,
            "10": 95.34883720930233
          },
          "prob_accuracy": {
            "0": 100.0,
            "10": 100.0
          }
        },
        "hm": {
          "time": {
            "0": 2.258,
            "10": 2.289
          },
          "accuracy": {
            "0": 95.34883720930233,
            "10": 95.34883720930233
          },
          "prob_accuracy": {
            "0": 100.0,
            "10": 100.0
          }
        },
        "rhw": {
          "time": {
            "0": 2.306,
            "10": 2.298
          },
          "accuracy": {
            "0": 95.34883720930233,
            "10": 95.34883720930233
          },
          "prob_accuracy": {
            "0": 100.0,
            "10": 100.0
          }
        },
        "zg": {
          "time": {
            "0": 2.25,
            "10": 2.272
          },
          "accuracy": {
            "0": 95.34883720930233,
            "10": 95.34883720930233
          },
          "prob_accuracy": {
            "0": 100.0,
            "10": 100.0
          }
        },
        "hoffmann": {
          "time": {
            "0": 15.143,
            "10": 15.113
          },
          "accuracy": {
            "0": 95.34883720930233,
            "10": 95.34883720930233
          },
          "prob_accuracy": {
            "0": 100.0,
            "10": 100.0
          }
        },
        "observations_avg": 7.511627906976744
      }
    },
    "landmarks_avg": {
      "exhaust": 14.0,
      "hm": 8.5,
      "rhw": 14.0,
      "zg": 8.5,
      "hoffmann": 8.5
    },
    "spread": {
      "25": {
        "exhaust": {
          "0": 1.0,
          "10": 1.0
        },
        "hm": {
          "0": 1.0,
          "10": 1.0
        },
        "rhw": {
          "0": 1.0,
          "10": 1.0
        },
        "zg": {
          "0": 1.0,
          "10": 1.0
        },
        "hoffmann": {
          "0": 1.0,
          "10": 1.0
        }
      },
      "50": {
        "exhaust": {
          "0": 1.0,
          "10": 1.0
        },
        "hm": {
          "0": 1.0,
          "10": 1.0
        },
        "rhw": {
          "0": 1.0,
          "10": 1.0
        },
        "zg": {
          "0": 1.0,
          "10": 1.0
        },
        "hoffmann": {
          "0": 1.0,
          "10": 1.0
        }
      },
      "75": {
        "exhaust": {
          "0": 1.0,
          "10": 1.0
        },
        "hm": {
          "0": 1.0,
          "10": 1.0
        },
        "rhw": {
          "0": 1.0,
          "10": 1.0
        },
        "zg": {
          "0": 1.0,
          "10": 1.0
        },
        "hoffmann": {
          "0": 1.0,
          "10": 1.0
        }
      },
      "100": {
        "exhaust": {
          "0": 1.0,
          "10": 1.0
        },
        "hm": {
          "0": 1.0,
          "10": 1.0
        },
        "rhw": {
          "0": 1.0,