{
  "campus_noisy": {
    "problems": 516,
    "goals_avg": 2.0,
    "observations": {
      "25": {
        "exhaust": {
          "time": {
            "0": 1.703,
            "10": 1.685
          },
          "accuracy": {
            "0": 80.62015503875969,
            "10": 80.62015503875969
          }
        },
        "hm": {
          "time": {
            "0": 1.71,
            "10": 1.69
          },
          "accuracy": {
            "0": 80.62015503875969,
            "10": 80.62015503875969
          }
        },
        "rhw": {
          "time": {
            "0": 1.696,
            "10": 1.676
          },
          "accuracy": {
            "0": 80.62015503875969,
            "10": 80.62015503875969
          }
        },
        "zg": {
          "time": {
            "0": 1.697,
            "10": 1.672
          },
          "accuracy": {
            "0": 80.62015503875969,
            "10": 80.62015503875969
          }
        },
        "hoffmann": {
          "time": {
            "0": 3.078,
            "10": 3.084
          },
          "accuracy": {
            "0": 80.62015503875969,
            "10": 80.62015503875969
          }
        },
        "observations_avg": 3.0697674418604652
      },
      "50": {
        "exhaust": {
          "time": {
            "0": 1.763,
            "10": 1.752
          },
          "accuracy": {
            "0": 91.47286821705426,
            "10": 91.47286821705426
          }
        },
        "hm": {
          "time": {
            "0": 1.774,
            "10": 1.755
          },
          "accuracy": {
            "0": 91.47286821705426,
            "10": 91.47286821705426
          }
        },
        "rhw": {
          "time": {
            "0": 1.784,
            "10": 1.767
          },
          "accuracy": {
            "0": 91.47286821705426,
            "10": 91.47286821705426
          }
        },
        "zg": {
          "time": {
            "0": 1.769,
            "10": 1.754
          },
          "accuracy": {
            "0": 91.47286821705426,
            "10": 91.47286821705426
          }
        },
        "hoffmann": {
          "time": {
            "0": 3.32,
            "10": 3.258
          },
          "accuracy": {
            "0": 91.47286821705426,
            "10": 91.47286821705426
          }
        },
        "observations_avg": 4.558139534883721
      },
      "75": {
        "exhaust": {
          "time": {
            "0": 1.74,
            "10": 1.753
          },
          "accuracy": {
            "0": 95.34883720930233,
            "10": 95.34883720930233
          }
        },
        "hm": {
          "time": {
            "0": 1.75,
            "10": 1.756
          },
          "accuracy": {
            "0": 95.34883720930233,
            "10": 95.34883720930233
          }
        },
        "rhw": {
          "time": {
            "0": 1.735,
            "10": 1.741
          },
          "accuracy": {
            "0": 95.34883720930233,
            "10": 95.34883720930233
          }
        },
        "zg": {
          "time": {
            "0": 1.746,
            "10": 1.75
          },
          "accuracy": {
            "0": 95.34883720930233,
            "10": 95.34883720930233
          }
        },
        "hoffmann": {
          "time": {
            "0": 3.318,
            "10": 3.259
          },
          "accuracy": {
            "0": 95.34883720930233,
            "10": 95.34883720930233
          }
        },
        "observations_avg": 6.395348837209302
      },
      "100": {
        "exhaust": {
          "time": {
            "0": 1.711,
            "10": 1.715
          },
          "accuracy": {
            "0": 95.34883720930233,
            "10": 95.34883720930233
          }
        },
        "hm": {
          "time": {
            "0": 1.726,
            "10": 1.723
          },
          "accuracy": {
            "0": 95.34883720930233,
            "10": 95.34883720930233
          }
        },
        "rhw": {
          "time": {
            "0": 1.727,
            "10": 1.702
          },
          "accuracy": {
            "0": 95.34883720930233,
            "10": 95.34883720930233
          }
        },
        "zg": {
          "time": {
            "0": 1.711,
            "10": 1.71
          },
          "accuracy": {
            "0": 95.34883720930233,
            "10": 95.34883720930233
          }
        },
        "hoffmann": {
          "time": {
            "0": 3.167,
            "10": 3.176
          },
          "accuracy": {
            "0": 95.34883720930233,
            "10": 95.34883720930233
          }
        },
        "observations_avg": 7.511627906976744
      }
    },
    "landmarks_avg": {
      "exhaust": 14.0,
      "hm": 8.5,
      "rhw": 14.0,
      "zg": 8.5,
      "hoffmann": 8.5
    },
    "spread": {
      "25": {
        "exhaust": {
          "0": 1.0,
          "10": 1.0
        },
        "hm": {
          "0": 1.0,
          "10": 1.0
        },
        "rhw": {
          "0": 1.0,
          "10": 1.0
        },
        "zg": {
          "0": 1.0,
          "10": 1.0
        },
        "hoffmann": {
          "0": 1.0,
          "10": 1.0
        }
      },
      "50": {
        "exhaust": {
          "0": 1.0,
          "10": 1.0
        },
        "hm": {
          "0": 1.0,
          "10": 1.0
        },
        "rhw": {
          "0": 1.0,
          "10": 1.0
        },
        "zg": {
          "0": 1.0,
          "10": 1.0
        },
        "hoffmann": {
          "0": 1.0,
          "10": 1.0
        }
      },
      "75": {
        "exhaust": {
          "0": 1.0,
          "10": 1.0
        },
        "hm": {
          "0": 1.0,
          "10": 1.0
        },
        "rhw": {
          "0": 1.0,
          "10": 1.0
        },
        "zg": {
          "0": 1.0,
          "10": 1.0
        },
        "hoffmann": {
          "0": 1.0,
          "10": 1.0
        }
      },
      "100": {
        "exhaust": {
          "0": 1.0,
          "10": 1.0
        },
        "hm": {
          "0": 1.0,
          "10": 1.0
        },
        "rhw": {
          "0": 1.0,
          "10": 1.0
        },
        "zg": {
          "0": 1.0,
          "10": 1.0
        },
        "hoffmann": {
          "0": 1.0,
          "10": 1.0
        }
      }
    }
  }
}