{
  "depots_noisy": {
    "problems": 144,
    "goals_avg": 9.333333333333334,
    "observations": {
      "25": {
        "exhaust": {
          "time": {
            "0": 4.889,
            "10": 4.886,
            "20": 4.879,
            "30": 4.894
          },
          "accuracy": {
            "0": 27.77777777777778,
            "10": 27.77777777777778,
            "20": 30.555555555555557,
            "30": 38.88888888888889
          }
        },
        "hm": {
          "time": {
            "0": 11.975,
            "10": 11.953,
            "20": 11.954,
            "30": 11.954
          },
          "accuracy": {
            "0": 36.11111111111111,
            "10": 36.11111111111111,
            "20": 36.11111111111111,
            "30": 36.11111111111111
          }
        },
        "rhw": {
          "time": {
            "0": 4.823,
            "10": 4.815,
            "20": 4.826,
            "30": 4.819
          },
          "accuracy": {
            "0": 36.11111111111111,
            "10": 36.11111111111111,
            "20": 36.11111111111111,
            "30": 38.88888888888889
          }
        },
        "zg": {
          "time": {
            "0": 4.858,
            "10": 4.819,
            "20": 4.842,
            "30": 4.847
          },
          "accuracy": {
            "0": 36.11111111111111,
            "10": 36.11111111111111,
            "20": 36.11111111111111,
            "30": 38.88888888888889
          }
        },
        "observations_avg": 4.416666666666667
      },
      "50": {
        "exhaust": {
          "time": {
            "0": 5.687,
            "10": 5.686,
            "20": 5.657,
            "30": 5.655
          },
          "accuracy": {
            "0": 36.11111111111111,
            "10": 47.22222222222222,
            "20": 50.0,
            "30": 61.111111111111114
          }
        },
        "hm": {
          "time": {
            "0": 13.777,
            "10": 13.751,
            "20": 13.793,
            "30": 13.747
          },
          "accuracy": {
            "0": 47.22222222222222,
            "10": 47.22222222222222,
            "20": 52.77777777777778,
            "30": 63.888888888888886
          }
        },
        "rhw": {
          "time": {
            "0": 5.632,
            "10": 5.612,
            "20": 5.618,
            "30": 5.609
          },
          "accuracy": {
            "0": 44.44444444444444,
            "10": 47.22222222222222,
            "20": 50.0,
            "30": 58.333333333333336
          }
        },
        "zg": {
          "time": {
            "0": 5.634,
            "10": 5.639,
            "20": 5.608,
            "30": 5.651
          },
          "accuracy": {
            "0": 41.66666666666667,
            "10": 44.44444444444444,
            "20": 50.0,
            "30": 58.333333333333336
          }
        },
        "observations_avg": 8.416666666666666
      },
      "75": {
        "exhaust": {
          "time": {
            "0": 4.961,
            "10": 4.971,
            "20": 4.963,
            "30": 4.966
          },
          "accuracy": {
            "0": 86.11111111111111,
            "10": 86.11111111111111,
            "20": 86.11111111111111,
            "30": 94.44444444444444
          }
        },
        "hm": {
          "time": {
            "0": 12.199,
            "10": 12.215,
            "20": 12.173,
            "30": 12.227
          },
          "accuracy": {
            "0": 83.33333333333334,
            "10": 94.44444444444444,
            "20": 100.0,
            "30": 100.0
          }
        },
        "rhw": {
          "time": {
            "0": 4.895,
            "10": 4.897,
            "20": 4.898,
            "30": 4.899
          },
          "accuracy": {
            "0": 83.33333333333334,
            "10": 91.66666666666666,
            "20": 94.44444444444444,
            "30": 94.44444444444444
          }
        },
        "zg": {
          "time": {
            "0": 4.92,
            "10": 4.911,
            "20": 4.925,
            "30": 4.924
          },
          "accuracy": {
            "0": 83.33333333333334,
            "10": 91.66666666666666,
            "20": 94.44444444444444,
            "30": 94.44444444444444
          }
        },
        "observations_avg": 12.75
      },
      "100": {
        "exhaust": {
          "time": {
            "0": 6.307,
            "10": 6.323,
            "20": 6.304,
            "30": 6.341
          },
          "accuracy": {
            "0": 75.0,
            "10": 83.33333333333334,
            "20": 91.66666666666666,
            "30": 97.22222222222221
          }
        },
        "hm": {
          "time": {
            "0": 14.976,
            "10": 15.073,
            "20": 15.074,
            "30": 15.089
          },
          "accuracy": {
            "0": 88.88888888888889,
            "10": 94.44444444444444,
            "20": 97.22222222222221,
            "30": 100.0
          }
        },
        "rhw": {
          "time": {
            "0": 6.216,
            "10": 6.235,
            "20": 6.231,
            "30": 6.267
          },
          "accuracy": {
            "0": 83.33333333333334,
            "10": 88.88888888888889,
            "20": 91.66666666666666,
            "30": 94.44444444444444
          }
        },
        "zg": {
          "time": {
            "0": 6.262,
            "10": 6.271,
            "20": 6.279,
            "30": 6.294
          },
          "accuracy": {
            "0": 83.33333333333334,
            "10": 86.11111111111111,
            "20": 94.44444444444444,
            "30": 94.44444444444444
          }
        },
        "observations_avg": 16.25
      }
    },
    "landmarks_avg": {
      "exhaust": 41.64999999999995,
      "hm": 25.40000000000009,
      "rhw": 24.950000000000003,
      "zg": 24.133333333333482
    },
    "spread": {
      "25": {
        "exhaust": {
          "0": 1.0,
          "10": 1.2222222222222223,
          "20": 1.6944444444444444,
          "30": 2.138888888888889
        },
        "hm": {
          "0": 1.0,
          "10": 1.2777777777777777,
          "20": 1.5,
          "30": 1.7777777777777777
        },
        "rhw": {
          "0": 1.0833333333333333,
          "10": 1.3888888888888888,
          "20": 1.7777777777777777,
          "30": 2.1944444444444446
        },
        "zg": {
          "0": 1.1388888888888888,
          "10": 1.3888888888888888,
          "20": 1.75,
          "30": 2.2222222222222223
        }
      },
      "50": {
        "exhaust": {
          "0": 1.0,
          "10": 1.4166666666666667,
          "20": 1.8611111111111112,
          "30": 2.5555555555555554
        },
        "hm": {
          "0": 1.0,
          "10": 1.1666666666666667,
          "20": 1.5555555555555556,
          "30": 2.0555555555555554
        },
        "rhw": {
          "0": 1.0277777777777777,
          "10": 1.25,
          "20": 1.6666666666666667,
          "30": 2.3055555555555554
        },
        "zg": {
          "0": 1.0,
          "10": 1.1944444444444444,
          "20": 1.6388888888888888,
          "30": 2.388888888888889
        }
      },
      "75": {
        "exhaust": {
          "0": 1.0277777777777777,
          "10": 1.2222222222222223,
          "20": 1.5,
          "30": 2.0555555555555554
        },
        "hm": {
          "0": 1.0277777777777777,
          "10": 1.3333333333333333,
          "20": 1.75,
          "30": 2.0
        },
        "rhw": {
          "0": 1.0833333333333333,
          "10": 1.3611111111111112,
          "20": 1.6388888888888888,
          "30": 1.9722222222222223
        },
        "zg": {
          "0": 1.1111111111111112,
          "10": 1.4444444444444444,
          "20": 1.6666666666666667,
          "30": 2.0277777777777777
        }
      },
      "100": {
        "exhaust": {
          "0": 1.0277777777777777,
          "10": 1.2222222222222223,