{
  "depots_noisy": {
    "problems": 144,
    "goals_avg": 9.333333333333334,
    "observations": {
      "25": {
        "exhaust": {
          "time": {
            "0": 4.977,
            "10": 4.994,
            "20": 4.98,
            "30": 4.978
          },
          "accuracy": {
            "0": 30.555555555555557,
            "10": 61.111111111111114,
            "20": 88.88888888888889,
            "30": 100.0
          }
        },
        "hm": {
          "time": {
            "0": 12.283,
            "10": 12.266,
            "20": 12.284,
            "30": 12.273
          },
          "accuracy": {
            "0": 36.11111111111111,
            "10": 52.77777777777778,
            "20": 63.888888888888886,
            "30": 77.77777777777779
          }
        },
        "rhw": {
          "time": {
            "0": 4.924,
            "10": 4.924,
            "20": 4.924,
            "30": 4.921
          },
          "accuracy": {
            "0": 30.555555555555557,
            "10": 52.77777777777778,
            "20": 61.111111111111114,
            "30": 69.44444444444444
          }
        },
        "zg": {
          "time": {
            "0": 4.941,
            "10": 4.945,
            "20": 4.931,
            "30": 4.951
          },
          "accuracy": {
            "0": 36.11111111111111,
            "10": 58.333333333333336,
            "20": 63.888888888888886,
            "30": 75.0
          }
        },
        "observations_avg": 4.416666666666667
      },
      "50": {
        "exhaust": {
          "time": {
            "0": 6.029,
            "10": 6.053,
            "20": 6.022,
            "30": 6.015
          },
          "accuracy": {
            "0": 47.22222222222222,
            "10": 77.77777777777779,
            "20": 91.66666666666666,
            "30": 100.0
          }
        },
        "hm": {
          "time": {
            "0": 14.433,
            "10": 14.458,
            "20": 14.522,
            "30": 14.459
          },
          "accuracy": {
            "0": 50.0,
            "10": 75.0,
            "20": 83.33333333333334,
            "30": 88.88888888888889
          }
        },
        "rhw": {
          "time": {
            "0": 5.976,
            "10": 5.962,
            "20": 5.967,
            "30": 5.927
          },
          "accuracy": {
            "0": 47.22222222222222,
            "10": 66.66666666666666,
            "20": 77.77777777777779,
            "30": 80.55555555555556
          }
        },
        "zg": {
          "time": {
            "0": 6.005,
            "10": 5.994,
            "20": 5.949,
            "30": 5.967
          },
          "accuracy": {
            "0": 52.77777777777778,
            "10": 72.22222222222221,
            "20": 80.55555555555556,
            "30": 88.88888888888889
          }
        },
        "observations_avg": 8.416666666666666
      },
      "75": {
        "exhaust": {
          "time": {
            "0": 5.152,
            "10": 5.138,
            "20": 5.128,
            "30": 5.133
          },
          "accuracy": {
            "0": 91.66666666666666,
            "10": 100.0,
            "20": 100.0,
            "30": 100.0
          }
        },
        "hm": {
          "time": {
            "0": 12.663,
            "10": 12.647,
            "20": 12.63,
            "30": 12.638
          },
          "accuracy": {
            "0": 80.55555555555556,
            "10": 97.22222222222221,
            "20": 100.0,
            "30": 100.0
          }
        },
        "rhw": {
          "time": {
            "0": 5.071,
            "10": 5.072,
            "20": 5.059,
            "30": 5.064
          },
          "accuracy": {
            "0": 80.55555555555556,
            "10": 94.44444444444444,
            "20": 97.22222222222221,
            "30": 97.22222222222221
          }
        },
        "zg": {
          "time": {
            "0": 5.085,
            "10": 5.074,
            "20": 5.086,
            "30": 5.095
          },
          "accuracy": {
            "0": 86.11111111111111,
            "10": 94.44444444444444,
            "20": 97.22222222222221,
            "30": 100.0
          }
        },
        "observations_avg": 12.75
      },
      "100": {
        "exhaust": {
          "time": {
            "0": 6.618,
            "10": 6.592,
            "20": 6.586,
            "30": 6.635
          },
          "accuracy": {
            "0": 91.66666666666666,
            "10": 100.0,
            "20": 100.0,
            "30": 100.0
          }
        },
        "hm": {
          "time": {
            "0": 15.627,
            "10": 15.709,
            "20": 15.752,
            "30": 15.76
          },
          "accuracy": {
            "0": 91.66666666666666,
            "10": 100.0,
            "20": 100.0,
            "30": 100.0
          }
        },
        "rhw": {
          "time": {
            "0": 6.521,
            "10": 6.53,
            "20": 6.523,
            "30": 6.58
          },
          "accuracy": {
            "0": 88.88888888888889,
            "10": 91.66666666666666,
            "20": 100.0,
            "30": 100.0
          }
        },
        "zg": {
          "time": {
            "0": 6.542,
            "10": 6.569,
            "20": 6.565,
            "30": 6.591
          },
          "accuracy": {
            "0": 88.88888888888889,
            "10": 97.22222222222221,
            "20": 100.0,
            "30": 100.0
          }
        },
        "observations_avg": 16.25
      }
    },
    "landmarks_avg": {
      "exhaust": 41.64999999999995,
      "hm": 25.40000000000009,
      "rhw": 24.950000000000003,
      "zg": 24.133333333333482
    },
    "spread": {
      "25": {
        "exhaust": {
          "0": 1.1666666666666667,
          "10": 4.472222222222222,
          "20": 7.527777777777778,
          "30": 8.86111111111111
        },
        "hm": {
          "0": 1.1666666666666667,
          "10": 2.6666666666666665,
          "20": 4.861111111111111,
          "30": 6.333333333333333
        },
        "rhw": {
          "0": 1.3055555555555556,
          "10": 3.388888888888889,
          "20": 5.083333333333333,
          "30": 6.361111111111111
        },
        "zg": {
          "0": 1.4166666666666667,
          "10": 3.6666666666666665,
          "20": 5.527777777777778,
          "30": 6.805555555555555
        }
      },
      "50": {
        "exhaust": {
          "0": 1.0833333333333333,
          "10": 3.7777777777777777,
          "20": 7.055555555555555,
          "30": 8.555555555555555
        },
        "hm": {
          "0": 1.0555555555555556,
          "10": 2.5,
          "20": 4.972222222222222,
          "30": 6.805555555555555
        },
        "rhw": {
          "0": 1.3611111111111112,
          "10": 3.138888888888889,
          "20": 5.222222222222222,
          "30": 6.333333333333333
        },
        "zg": {
          "0": 1.1111111111111112,
          "10": 3.388888888888889,
          "20": 5.305555555555555,
          "30": 6.944444444444445
        }
      },
      "75": {
        "exhaust": {
          "0": 1.0555555555555556,
          "10": 3.25,
          "20": 6.972222222222222,
          "30": 8.805555555555555
        },
        "hm": {
          "0": 1.0277777777777777,
          "10": 2.0833333333333335,
          "20": 4.611111111111111,
          "30": 7.0
        },
        "rhw": {
          "0": 1.1388888888888888,
          "10": 2.4166666666666665,
          "20": 5.361111111111111,
          "30": 6.805555555555555
        },
        "zg": {
          "0": 1.1388888888888888,
          "10": 2.611111111111111,
          "20": 5.5,
          "30": 7.277777777777778
        }
      },
      "100": {
        "exhaust": {
          "0": 1.0277777777777777,
          "10": 3.4166666666666665,
          "20": 7.25,
          "30": 8.722222222222221
        },