{
  "depots_noisy": {
    "problems": 144,
    "goals_avg": 9.333333333333334,
    "observations": {
      "25": {
        "exhaust": {
          "time": {
            "0": 7.763,
            "10": 7.654
          },
          "accuracy": {
            "0": 30.555555555555557,
            "10": 61.111111111111114
          }
        },
        "hm": {
          "time": {
            "0": 18.336,
            "10": 18.465
          },
          "accuracy": {
            "0": 36.11111111111111,
            "10": 52.77777777777778
          }
        },
        "rhw": {
          "time": {
            "0": 7.504,
            "10": 7.567
          },
          "accuracy": {
            "0": 30.555555555555557,
            "10": 52.77777777777778
          }
        },
        "zg": {
          "time": {
            "0": 7.62,
            "10": 7.7
          },
          "accuracy": {
            "0": 36.11111111111111,
            "10": 58.333333333333336
          }
        },
        "hoffmann": {
          "time": {
            "0": 14.852,
            "10": 14.896
          },
          "accuracy": {
            "0": 36.11111111111111,
            "10": 50.0
          }
        },
        "observations_avg": 4.416666666666667
      },
      "50": {
        "exhaust": {
          "time": {
            "0": 8.505,
            "10": 8.592
          },
          "accuracy": {
            "0": 47.22222222222222,
            "10": 77.77777777777779
          }
        },
        "hm": {
          "time": {
            "0": 20.373,
            "10": 20.171
          },
          "accuracy": {
            "0": 50.0,
            "10": 75.0
          }
        },
        "rhw": {
          "time": {
            "0": 8.614,
            "10": 8.529
          },
          "accuracy": {
            "0": 47.22222222222222,
            "10": 66.66666666666666
          }
        },
        "zg": {
          "time": {
            "0": 8.492,
            "10": 8.766
          },
          "accuracy": {
            "0": 52.77777777777778,
            "10": 72.22222222222221
          }
        },
        "hoffmann": {
          "time": {
            "0": 17.606,
            "10": 17.447
          },
          "accuracy": {
            "0": 44.44444444444444,
            "10": 61.111111111111114
          }
        },
        "observations_avg": 8.416666666666666
      },
      "75": {
        "exhaust": {
          "time": {
            "0": 7.909,
            "10": 7.958
          },
          "accuracy": {
            "0": 91.66666666666666,
            "10": 100.0
          }
        },
        "hm": {
          "time": {
            "0": 18.807,
            "10": 18.759
          },
          "accuracy": {
            "0": 80.55555555555556,
            "10": 97.22222222222221
          }
        },
        "rhw": {
          "time": {
            "0": 7.837,
            "10": 7.782
          },
          "accuracy": {
            "0": 80.55555555555556,
            "10": 94.44444444444444
          }
        },
        "zg": {
          "time": {
            "0": 7.819,
            "10": 7.861
          },
          "accuracy": {
            "0": 86.11111111111111,
            "10": 94.44444444444444
          }
        },
        "hoffmann": {
          "time": {
            "0": 15.62,
            "10": 15.492
          },
          "accuracy": {
            "0": 75.0,
            "10": 88.88888888888889
          }
        },
        "observations_avg": 12.75
      },
      "100": {
        "exhaust": {
          "time": {
            "0": 8.479,
            "10": 8.395
          },
          "accuracy": {
            "0": 91.66666666666666,
            "10": 100.0
          }
        },
        "hm": {
          "time": {
            "0": 20.005,
            "10": 20.066
          },
          "accuracy": {
            "0": 91.66666666666666,
            "10": 100.0
          }
        },
        "rhw": {
          "time": {
            "0": 8.495,
            "10": 8.343
          },
          "accuracy": {
            "0": 88.88888888888889,
            "10": 91.66666666666666
          }
        },
        "zg": {
          "time": {
            "0": 8.636,
            "10": 8.528
          },
          "accuracy": {
            "0": 88.88888888888889,
            "10": 97.22222222222221
          }
        },
        "hoffmann": {
          "time": {
            "0": 17.268,
            "10": 17.444
          },
          "accuracy": {
            "0": 75.0,
            "10": 91.66666666666666
          }
        },
        "observations_avg": 16.25
      }
    },
    "landmarks_avg": {
      "exhaust": 41.649999999999885,
      "hm": 25.399999999999963,
      "rhw": 24.949999999999918,
      "zg": 24.133333333333255,
      "hoffmann": 23.366666666666593
    },
    "spread": {
      "25": {
        "exhaust": {
          "0": 1.1666666666666667,
          "10": 4.472222222222222
        },
        "hm": {
          "0": 1.1666666666666667,
          "10": 2.6666666666666665
        },
        "rhw": {
          "0": 1.3055555555555556,
          "10": 3.388888888888889
        },
        "zg": {
          "0": 1.4166666666666667,
          "10": 3.6666666666666665
        },
        "hoffmann": {
          "0": 1.1111111111111112,
          "10": 2.4166666666666665
        }
      },
      "50": {
        "exhaust": {
          "0": 1.0833333333333333,
          "10": 3.7777777777777777
        },
        "hm": {
          "0": 1.0555555555555556,
          "10": 2.5
        },
        "rhw": {
          "0": 1.3611111111111112,
          "10": 3.138888888888889
        },
        "zg": {
          "0": 1.1111111111111112,
          "10": 3.388888888888889
        },
        "hoffmann": {
          "0": 1.0555555555555556,
          "10": 2.6666666666666665
        }
      },
      "75": {
        "exhaust": {
          "0": 1.0555555555555556,
          "10": 3.25
        },
        "hm": {
          "0": 1.0277777777777777,
          "10": 2.0833333333333335
        },
        "rhw": {
          "0": 1.1388888888888888,
          "10": 2.4166666666666665
        },
        "zg": {
          "0": 1.1388888888888888,
          "10": 2.611111111111111
        },
        "hoffmann": {
          "0": 1.0555555555555556,
          "10": 2.388888888888889
        }
      },
      "100": {
        "exhaust": {
          "0": 1.0277777777777777,
          "10": 3.4166666666666665
        },
        "hm": {
          "0": 1.1111111111111112,
          "10": 2.3333333333333335
        },
        "rhw": {
          "0": 1.1944444444444444,
          "10": 2.5277777777777777
        },
        "zg": {
          "0": 1.1944444444444444,
          "10": 2.5277777777777777
        },
        "hoffmann": {
          "0": 1.0555555555555556,
          "10": 2.4166666666666665
        }
      }
    }
  }
}