{
  "depots_noisy": {
    "problems": 144,
    "goals_avg": 9.333333333333334,
    "observations": {
      "25": {
        "exhaust": {
          "time": {
            "0": 8.801,
            "10": 8.946
          },
          "accuracy": {
            "0": 30.555555555555557,
            "10": 61.111111111111114
          },
          "prob_accuracy": {
            "0": 100.0,
            "10": 100.0
          }
        },
        "hm": {
          "time": {
            "0": 19.883,
            "10": 19.801
          },
          "accuracy": {
            "0": 36.11111111111111,
            "10": 52.77777777777778
          },
          "prob_accuracy": {
            "0": 100.0,
            "10": 100.0
          }
        },
        "rhw": {
          "time": {
            "0": 8.658,
            "10": 8.809
          },
          "accuracy": {
            "0": 30.555555555555557,
            "10": 52.77777777777778
          },
          "prob_accuracy": {
            "0": 100.0,
            "10": 100.0
          }
        },
        "zg": {
          "time": {
            "0": 8.737,
            "10": 8.825
          },
          "accuracy": {
            "0": 36.11111111111111,
            "10": 58.333333333333336
          },
          "prob_accuracy": {
            "0": 100.0,
            "10": 100.0
          }
        },
        "hoffmann": {
          "time": {
            "0": 72.207,
            "10": 70.913
          },
          "accuracy": {
            "0": 36.11111111111111,
            "10": 50.0
          },
          "prob_accuracy": {
            "0": 100.0,
            "10": 100.0
          }
        },
        "observations_avg": 4.416666666666667
      },
      "50": {
        "exhaust": {
          "time": {
            "0": 5.895,
            "10": 5.856
          },
          "accuracy": {
            "0": 47.22222222222222,
            "10": 77.77777777777779
          },
          "prob_accuracy": {
            "0": 100.0,
            "10": 100.0
          }
        },
        "hm": {
          "time": {
            "0": 13.983,
            "10": 13.852
          },
          "accuracy": {
            "0": 50.0,
            "10": 75.0
          },
          "prob_accuracy": {
            "0": 100.0,
            "10": 100.0
          }
        },
        "rhw": {
          "time": {
            "0": 5.794,
            "10": 5.742
          },
          "accuracy": {
            "0": 47.22222222222222,
            "10": 66.66666666666666
          },
          "prob_accuracy": {
            "0": 100.0,
            "10": 100.0
          }
        },
        "zg": {
          "time": {
            "0": 5.872,
            "10": 5.736
          },
          "accuracy": {
            "0": 52.77777777777778,
            "10": 72.22222222222221
          },
          "prob_accuracy": {
            "0": 100.0,
            "10": 100.0
          }
        },
        "hoffmann": {
          "time": {
            "0": 59.781,
            "10": 59.802
          },
          "accuracy": {
            "0": 44.44444444444444,
            "10": 61.111111111111114
          },
          "prob_accuracy": {
            "0": 100.0,
            "10": 100.0
          }
        },
        "observations_avg": 8.416666666666666
      },
      "75": {
        "exhaust": {
          "time": {
            "0": 6.886,
            "10": 6.971
          },
          "accuracy": {
            "0": 91.66666666666666,
            "10": 100.0
          },
          "prob_accuracy": {
            "0": 100.0,
            "10": 100.0
          }
        },
        "hm": {
          "time": {
            "0": 16.296,
            "10": 16.317
          },
          "accuracy": {
            "0": 80.55555555555556,
            "10": 97.22222222222221
          },
          "prob_accuracy": {
            "0": 100.0,
            "10": 100.0
          }
        },
        "rhw": {
          "time": {
            "0": 6.86,
            "10": 6.859
          },
          "accuracy": {
            "0": 80.55555555555556,
            "10": 94.44444444444444
          },
          "prob_accuracy": {
            "0": 100.0,
            "10": 100.0
          }
        },
        "zg": {
          "time": {
            "0": 6.898,
            "10": 6.914
          },
          "accuracy": {
            "0": 86.11111111111111,
            "10": 94.44444444444444
          },
          "prob_accuracy": {
            "0": 100.0,
            "10": 100.0
          }
        },
        "hoffmann": {
          "time": {
            "0": 63.0,
            "10": 62.63
          },
          "accuracy": {
            "0": 75.0,
            "10": 88.88888888888889
          },
          "prob_accuracy": {
            "0": 100.0,
            "10": 100.0
          }
        },
        "observations_avg": 12.75
      },
      "100": {
        "exhaust": {
          "time": {
            "0": 8.426,
            "10": 8.559
          },
          "accuracy": {
            "0": 91.66666666666666,
            "10": 100.0
          },
          "prob_accuracy": {
            "0": 100.0,
            "10": 100.0
          }
        },
        "hm": {
          "time": {
            "0": 19.345,
            "10": 19.206
          },
          "accuracy": {
            "0": 91.66666666666666,
            "10": 100.0
          },
          "prob_accuracy": {
            "0": 100.0,
            "10": 100.0
          }
        },
        "rhw": {
          "time": {
            "0": 8.389,
            "10": 8.31
          },
          "accuracy": {
            "0": 88.88888888888889,
            "10": 91.66666666666666
          },
          "prob_accuracy": {
            "0": 100.0,
            "10": 100.0
          }
        },
        "zg": {
          "time": {
            "0": 8.41,
            "10": 8.344
          },
          "accuracy": {
            "0": 88.88888888888889,
            "10": 97.22222222222221
          },
          "prob_accuracy": {
            "0": 100.0,
            "10": 100.0
          }
        },
        "hoffmann": {
          "time": {
            "0": 70.188,
            "10": 69.826
          },
          "accuracy": {
            "0": 75.0,
            "10": 91.66666666666666
          },
          "prob_accuracy": {
            "0": 100.0,
            "10": 100.0
          }
        },
        "observations_avg": 16.25
      }
    },
    "landmarks_avg": {
      "exhaust": 41.64999999999989,
      "hm": 25.39999999999996,
      "rhw": 24.949999999999918,
      "zg": 24.133333333333255,
      "hoffmann": 23.366666666666593
    },
    "spread": {
      "25": {
        "exhaust": {
          "0": 1.1666666666666667,
          "10": 4.472222222222222
        },
        "hm": {
          "0": 1.1666666666666667,
          "10": 2.6666666666666665
        },
        "rhw": {
          "0": 1.3055555555555556,
          "10": 3.388888888888889
        },
        "zg": {
          "0": 1.4166666666666667,
          "10": 3.6666666666666665
        },
        "hoffmann": {
          "0": 1.1111111111111112,
          "10": 2.4166666666666665
        }
      },
      "50": {
        "exhaust": {
          "0": 1.0833333333333333,
          "10": 3.7777777777777777
        },
        "hm": {
          "0": 1.0555555555555556,
          "10": 2.5
        },
        "rhw": {
          "0": 1.3611111111111112,
          "10": 3.138888888888889
        },
        "zg": {
          "0": 1.1111111111111112,
          "10": 3.388888888888889
        },
        "hoffmann": {
          "0": 1.0555555555555556,
          "10": 2.6666666666666665
        }
      },
      "75": {
        "exhaust": {
          "0": 1.0555555555555556,
          "10": 3.25
        },
        "hm": {
          "0": 1.0277777777777777,
          "10": 2.0833333333333335
        },
        "rhw": {
          "0": 1.1388888888888888,
          "10": 2.4166666666666665
        },