{
  "depots_noisy": {
    "problems": 144,
    "goals_avg": 9.333333333333334,
    "observations": {
      "25": {
        "hoffmann": {
          "time": {
            "0": 49.887,
            "10": 49.321,
            "20": 49.333,
            "30": 49.142
          },
          "accuracy": {
            "0": 36.11111111111111,
            "10": 50.0,
            "20": 58.333333333333336,
            "30": 66.66666666666666
          }
        },
        "observations_avg": 4.416666666666667
      },
      "50": {
        "hoffmann": {
          "time": {
            "0": 69.062,
            "10": 68.94,
            "20": 69.504,
            "30": 69.035
          },
          "accuracy": {
            "0": 44.44444444444444,
            "10": 61.111111111111114,
            "20": 66.66666666666666,
            "30": 72.22222222222221
          }
        },
        "observations_avg": 8.416666666666666
      },
      "75": {
        "hoffmann": {
          "time": {
            "0": 59.111,
            "10": 59.046,
            "20": 59.183,
            "30": 58.454
          },
          "accuracy": {
            "0": 75.0,
            "10": 88.88888888888889,
            "20": 91.66666666666666,
            "30": 97.22222222222221
          }
        },
        "observations_avg": 12.75
      },
      "100": {
        "hoffmann": {
          "time": {
            "0": 68.263,
            "10": 68.329,
            "20": 68.785,
            "30": 68.661
          },
          "accuracy": {
            "0": 75.0,
            "10": 91.66666666666666,
            "20": 97.22222222222221,
            "30": 100.0
          }
        },
        "observations_avg": 16.25
      }
    },
    "landmarks_avg": {
      "hoffmann": 23.36666666666665
    },
    "spread": {
      "25": {
        "hoffmann": {
          "0": 1.1111111111111112,
          "10": 2.4166666666666665,
          "20": 4.305555555555555,
          "30": 5.111111111111111
        }
      },
      "50": {
        "hoffmann": {
          "0": 1.0555555555555556,
          "10": 2.6666666666666665,
          "20": 4.5,
          "30": 5.5
        }
      },
      "75": {
        "hoffmann": {
          "0": 1.0555555555555556,
          "10": 2.388888888888889,
          "20": 5.0,
          "30": 5.833333333333333
        }
      },
      "100": {
        "hoffmann": {
          "0": 1.0555555555555556,
          "10": 2.4166666666666665,
          "20": 5.194444444444445,
          "30": 6.055555555555555
        }
      }
    }
  }
}