{
  "depots_noisy": {
    "problems": 144,
    "goals_avg": 9.333333333333334,
    "observations": {
      "25": {
        "exhaust": {
          "time": {
            "0": 16.883,
            "10": 16.653,
            "20": 16.688,
            "30": 17.093
          },
          "accuracy": {
            "0": 30.555555555555557,
            "10": 61.111111111111114,
            "20": 88.88888888888889,
            "30": 100.0
          }
        },
        "hm": {
          "time": {
            "0": 37.826,
            "10": 38.396,
            "20": 38.196,
            "30": 37.999
          },
          "accuracy": {
            "0": 36.11111111111111,
            "10": 52.77777777777778,
            "20": 63.888888888888886,
            "30": 77.77777777777779
          }
        },
        "rhw": {
          "time": {
            "0": 16.732,
            "10": 16.846,
            "20": 16.928,
            "30": 16.812
          },
          "accuracy": {
            "0": 30.555555555555557,
            "10": 52.77777777777778,
            "20": 61.111111111111114,
            "30": 69.44444444444444
          }
        },
        "zg": {
          "time": {
            "0": 16.758,
            "10": 17.006,
            "20": 16.689,
            "30": 16.798
          },
          "accuracy": {
            "0": 36.11111111111111,
            "10": 58.333333333333336,
            "20": 63.888888888888886,
            "30": 75.0
          }
        },
        "observations_avg": 4.416666666666667
      },
      "50": {
        "exhaust": {
          "time": {
            "0": 23.396,
            "10": 23.668,
            "20": 23.582,
            "30": 23.684
          },
          "accuracy": {
            "0": 47.22222222222222,
            "10": 77.77777777777779,
            "20": 91.66666666666666,
            "30": 100.0
          }
        },
        "hm": {
          "time": {
            "0": 55.892,
            "10": 55.467,
            "20": 55.842,
            "30": 55.378
          },
          "accuracy": {
            "0": 50.0,
            "10": 75.0,
            "20": 83.33333333333334,
            "30": 88.88888888888889
          }
        },
        "rhw": {
          "time": {
            "0": 23.32,
            "10": 23.447,
            "20": 23.257,
            "30": 23.572
          },
          "accuracy": {
            "0": 47.22222222222222,
            "10": 66.66666666666666,
            "20": 77.77777777777779,
            "30": 80.55555555555556
          }
        },
        "zg": {
          "time": {
            "0": 23.426,
            "10": 23.515,
            "20": 23.249,
            "30": 23.159
          },
          "accuracy": {
            "0": 52.77777777777778,
            "10": 72.22222222222221,
            "20": 80.55555555555556,
            "30": 88.88888888888889
          }
        },
        "observations_avg": 8.416666666666666
      },
      "75": {
        "exhaust": {
          "time": {
            "0": 19.71,
            "10": 19.581,
            "20": 19.677,
            "30": 19.819
          },
          "accuracy": {
            "0": 91.66666666666666,
            "10": 100.0,
            "20": 100.0,
            "30": 100.0
          }
        },
        "hm": {
          "time": {
            "0": 45.38,
            "10": 45.457,
            "20": 45.202,
            "30": 45.178
          },
          "accuracy": {
            "0": 80.55555555555556,
            "10": 97.22222222222221,
            "20": 100.0,
            "30": 100.0
          }
        },
        "rhw": {
          "time": {
            "0": 19.462,
            "10": 19.288,
            "20": 19.39,
            "30": 19.277
          },
          "accuracy": {
            "0": 80.55555555555556,
            "10": 94.44444444444444,
            "20": 97.22222222222221,
            "30": 97.22222222222221
          }
        },
        "zg": {
          "time": {
            "0": 19.423,
            "10": 19.266,
            "20": 19.569,
            "30": 19.402
          },
          "accuracy": {
            "0": 86.11111111111111,
            "10": 94.44444444444444,
            "20": 97.22222222222221,
            "30": 100.0
          }
        },
        "observations_avg": 12.75
      },
      "100": {
        "exhaust": {
          "time": {
            "0": 12.843,
            "10": 13.075,
            "20": 13.133,
            "30": 13.234
          },
          "accuracy": {
            "0": 91.66666666666666,
            "10": 100.0,
            "20": 100.0,
            "30": 100.0
          }
        },
        "hm": {
          "time": {
            "0": 29.599,
            "10": 29.6,
            "20": 30.133,
            "30": 30.539
          },
          "accuracy": {
            "0": 91.66666666666666,
            "10": 100.0,
            "20": 100.0,
            "30": 100.0
          }
        },
        "rhw": {
          "time": {
            "0": 12.963,
            "10": 12.902,
            "20": 13.091,
            "30": 13.281
          },
          "accuracy": {
            "0": 88.88888888888889,
            "10": 91.66666666666666,
            "20": 100.0,
            "30": 100.0
          }
        },
        "zg": {
          "time": {
            "0": 12.882,
            "10": 13.195,
            "20": 13.172,
            "30": 13.175
          },
          "accuracy": {
            "0": 88.88888888888889,
            "10": 97.22222222222221,
            "20": 100.0,
            "30": 100.0
          }
        },
        "observations_avg": 16.25
      }
    },
    "landmarks_avg": {
      "exhaust": 41.64999999999995,
      "hm": 25.40000000000009,
      "rhw": 24.950000000000003,
      "zg": 24.133333333333482
    },
    "spread": {
      "25": {
        "exhaust": {
          "0": 1.1666666666666667,
          "10": 4.472222222222222,
          "20": 7.527777777777778,
          "30": 8.86111111111111
        },
        "hm": {
          "0": 1.1666666666666667,
          "10": 2.6666666666666665,
          "20": 4.861111111111111,
          "30": 6.333333333333333
        },
        "rhw": {
          "0": 1.3055555555555556,
          "10": 3.388888888888889,
          "20": 5.083333333333333,
          "30": 6.361111111111111
        },
        "zg": {
          "0": 1.4166666666666667,
          "10": 3.6666666666666665,
          "20": 5.527777777777778,
          "30": 6.805555555555555
        }
      },
      "50": {
        "exhaust": {
          "0": 1.0833333333333333,
          "10": 3.7777777777777777,
          "20": 7.055555555555555,
          "30": 8.555555555555555
        },
        "hm": {
          "0": 1.0555555555555556,
          "10": 2.5,
          "20": 4.972222222222222,
          "30": 6.805555555555555
        },
        "rhw": {
          "0": 1.3611111111111112,
          "10": 3.138888888888889,
          "20": 5.222222222222222,
          "30": 6.333333333333333
        },
        "zg": {
          "0": 1.1111111111111112,
          "10": 3.388888888888889,
          "20": 5.305555555555555,
          "30": 6.944444444444445
        }
      },
      "75": {
        "exhaust": {
          "0": 1.0555555555555556,
          "10": 3.25,
          "20": 6.972222222222222,
          "30": 8.805555555555555
        },
        "hm": {
          "0": 1.0277777777777777,
          "10": 2.0833333333333335,
          "20": 4.611111111111111,
          "30": 7.0
        },
        "rhw": {
          "0": 1.1388888888888888,
          "10": 2.4166666666666665,
          "20": 5.361111111111111,
          "30": 6.805555555555555
        },
        "zg": {
          "0": 1.1388888888888888,
          "10": 2.611111111111111,
          "20": 5.5,
          "30": 7.277777777777778
        }
      },
      "100": {
        "exhaust": {
          "0": 1.0277777777777777,
          "10": 3.4166666666666665,
          "20": 7.25,