{
  "miconic_noisy": {
    "problems": 144,
    "goals_avg": 6.0,
    "observations": {
      "25": {
        "hoffmann": {
          "time": {
            "0": 35.918,
            "10": 35.959,
            "20": 35.647,
            "30": 35.715
          },
          "accuracy": {
            "0": 36.11111111111111,
            "10": 80.55555555555556,
            "20": 91.66666666666666,
            "30": 97.22222222222221
          }
        },
        "observations_avg": 4.416666666666667
      },
      "50": {
        "hoffmann": {
          "time": {
            "0": 37.954,
            "10": 37.256,
            "20": 37.774,
            "30": 37.814
          },
          "accuracy": {
            "0": 86.11111111111111,
            "10": 100.0,
            "20": 100.0,
            "30": 100.0
          }
        },
        "observations_avg": 8.416666666666666
      },
      "75": {
        "hoffmann": {
          "time": {
            "0": 36.983,
            "10": 36.948,
            "20": 37.026,
            "30": 36.972
          },
          "accuracy": {
            "0": 94.44444444444444,
            "10": 97.22222222222221,
            "20": 100.0,
            "30": 100.0
          }
        },
        "observations_avg": 12.666666666666666
      },
      "100": {
        "hoffmann": {
          "time": {
            "0": 37.133,
            "10": 36.97,
            "20": 37.845,
            "30": 37.584
          },
          "accuracy": {
            "0": 100.0,
            "10": 100.0,
            "20": 100.0,
            "30": 100.0
          }
        },
        "observations_avg": 16.333333333333332
      }
    },
    "landmarks_avg": {
      "hoffmann": 16.88888888888887
    },
    "spread": {
      "25": {
        "hoffmann": {
          "0": 1.2777777777777777,
          "10": 2.4444444444444446,
          "20": 3.4722222222222223,
          "30": 4.472222222222222
        }
      },
      "50": {
        "hoffmann": {
          "0": 1.0833333333333333,
          "10": 1.8055555555555556,
          "20": 2.6944444444444446,
          "30": 3.9722222222222223
        }
      },
      "75": {
        "hoffmann": {
          "0": 1.0,
          "10": 1.3055555555555556,
          "20": 2.388888888888889,
          "30": 3.388888888888889
        }
      },
      "100": {
        "hoffmann": {
          "0": 1.0,
          "10": 1.0833333333333333,
          "20": 2.111111111111111,
          "30": 3.638888888888889
        }
      }
    }
  }
}