{
  "miconic_noisy": {
    "problems": 144,
    "goals_avg": 6.0,
    "observations": {
      "25": {
        "exhaust": {
          "time": {
            "0": 4.542,
            "10": 4.58
          },
          "accuracy": {
            "0": 36.11111111111111,
            "10": 75.0
          },
          "prob_accuracy": {
            "0": 100.0,
            "10": 100.0
          }
        },
        "hm": {
          "time": {
            "0": 4.661,
            "10": 4.784
          },
          "accuracy": {
            "0": 36.11111111111111,
            "10": 80.55555555555556
          },
          "prob_accuracy": {
            "0": 100.0,
            "10": 100.0
          }
        },
        "rhw": {
          "time": {
            "0": 4.567,
            "10": 4.448
          },
          "accuracy": {
            "0": 36.11111111111111,
            "10": 75.0
          },
          "prob_accuracy": {
            "0": 100.0,
            "10": 100.0
          }
        },
        "zg": {
          "time": {
            "0": 4.639,
            "10": 4.815
          },
          "accuracy": {
            "0": 36.11111111111111,
            "10": 80.55555555555556
          },
          "prob_accuracy": {
            "0": 100.0,
            "10": 100.0
          }
        },
        "hoffmann": {
          "time": {
            "0": 43.846,
            "10": 43.484
          },
          "accuracy": {
            "0": 36.11111111111111,
            "10": 80.55555555555556
          },
          "prob_accuracy": {
            "0": 100.0,
            "10": 100.0
          }
        },
        "observations_avg": 4.416666666666667
      },
      "50": {
        "exhaust": {
          "time": {
            "0": 4.361,
            "10": 4.347
          },
          "accuracy": {
            "0": 83.33333333333334,
            "10": 100.0
          },
          "prob_accuracy": {
            "0": 100.0,
            "10": 100.0
          }
        },
        "hm": {
          "time": {
            "0": 4.333,
            "10": 4.419
          },
          "accuracy": {
            "0": 86.11111111111111,
            "10": 100.0
          },
          "prob_accuracy": {
            "0": 100.0,
            "10": 100.0
          }
        },
        "rhw": {
          "time": {
            "0": 4.318,
            "10": 4.329
          },
          "accuracy": {
            "0": 83.33333333333334,
            "10": 100.0
          },
          "prob_accuracy": {
            "0": 100.0,
            "10": 100.0
          }
        },
        "zg": {
          "time": {
            "0": 4.311,
            "10": 4.328
          },
          "accuracy": {
            "0": 86.11111111111111,
            "10": 100.0
          },
          "prob_accuracy": {
            "0": 100.0,
            "10": 100.0
          }
        },
        "hoffmann": {
          "time": {
            "0": 42.139,
            "10": 42.081
          },
          "accuracy": {
            "0": 86.11111111111111,
            "10": 100.0
          },
          "prob_accuracy": {
            "0": 100.0,
            "10": 100.0
          }
        },
        "observations_avg": 8.416666666666666
      },
      "75": {
        "exhaust": {
          "time": {
            "0": 4.5,
            "10": 4.603
          },
          "accuracy": {
            "0": 94.44444444444444,
            "10": 97.22222222222221
          },
          "prob_accuracy": {
            "0": 100.0,
            "10": 100.0
          }
        },
        "hm": {
          "time": {
            "0": 4.534,
            "10": 4.638
          },
          "accuracy": {
            "0": 94.44444444444444,
            "10": 97.22222222222221
          },
          "prob_accuracy": {
            "0": 100.0,
            "10": 100.0
          }
        },
        "rhw": {
          "time": {
            "0": 4.547,
            "10": 4.497
          },
          "accuracy": {
            "0": 94.44444444444444,
            "10": 97.22222222222221
          },
          "prob_accuracy": {
            "0": 100.0,
            "10": 100.0
          }
        },
        "zg": {
          "time": {
            "0": 4.534,
            "10": 4.569
          },
          "accuracy": {
            "0": 94.44444444444444,
            "10": 97.22222222222221
          },
          "prob_accuracy": {
            "0": 100.0,
            "10": 100.0
          }
        },
        "hoffmann": {
          "time": {
            "0": 43.066,
            "10": 43.17
          },
          "accuracy": {
            "0": 94.44444444444444,
            "10": 97.22222222222221
          },
          "prob_accuracy": {
            "0": 100.0,
            "10": 100.0
          }
        },
        "observations_avg": 12.666666666666666
      },
      "100": {
        "exhaust": {
          "time": {
            "0": 4.799,
            "10": 4.856
          },
          "accuracy": {
            "0": 100.0,
            "10": 100.0
          },
          "prob_accuracy": {
            "0": 100.0,
            "10": 100.0
          }
        },
        "hm": {
          "time": {
            "0": 4.921,
            "10": 4.88
          },
          "accuracy": {
            "0": 100.0,
            "10": 100.0
          },
          "prob_accuracy": {
            "0": 100.0,
            "10": 100.0
          }
        },
        "rhw": {
          "time": {
            "0": 4.763,
            "10": 4.861
          },
          "accuracy": {
            "0": 100.0,
            "10": 100.0
          },
          "prob_accuracy": {
            "0": 100.0,
            "10": 100.0
          }
        },
        "zg": {
          "time": {
            "0": 4.776,
            "10": 4.756
          },
          "accuracy": {
            "0": 100.0,
            "10": 100.0
          },
          "prob_accuracy": {
            "0": 100.0,
            "10": 100.0
          }
        },
        "hoffmann": {
          "time": {
            "0": 44.456,
            "10": 44.689
          },
          "accuracy": {
            "0": 100.0,
            "10": 100.0
          },
          "prob_accuracy": {
            "0": 100.0,
            "10": 100.0
          }
        },
        "observations_avg": 16.333333333333332
      }
    },
    "landmarks_avg": {
      "exhaust": 26.22222222222225,
      "hm": 16.88888888888888,
      "rhw": 26.22222222222225,
      "zg": 16.88888888888888,
      "hoffmann": 16.88888888888888
    },
    "spread": {
      "25": {
        "exhaust": {
          "0": 1.2777777777777777,
          "10": 2.5
        },
        "hm": {
          "0": 1.2777777777777777,
          "10": 2.4444444444444446
        },
        "rhw": {
          "0": 1.2777777777777777,
          "10": 2.5
        },
        "zg": {
          "0": 1.2777777777777777,
          "10": 2.4444444444444446
        },
        "hoffmann": {
          "0": 1.2777777777777777,
          "10": 2.4444444444444446
        }
      },
      "50": {
        "exhaust": {
          "0": 1.0555555555555556,
          "10": 1.8333333333333333
        },
        "hm": {
          "0": 1.0833333333333333,
          "10": 1.8055555555555556
        },
        "rhw": {
          "0": 1.0555555555555556,
          "10": 1.8333333333333333
        },
        "zg": {
          "0": 1.0833333333333333,
          "10": 1.8055555555555556
        },
        "hoffmann": {
          "0": 1.0833333333333333,
          "10": 1.8055555555555556
        }
      },
      "75": {
        "exhaust": {
          "0": 1.0277777777777777,
          "10": 1.3333333333333333
        },
        "hm": {
          "0": 1.0,
          "10": 1.3055555555555556
        },
        "rhw": {
          "0": 1.0277777777777777,
          "10": 1.3333333333333333
        },
        "zg": {
          "0": 1.0,
          "10": 1.3055555555555556
        },
        "hoffmann": {
          "0": 1.0,