{
  "miconic_noisy": {
    "problems": 144,
    "goals_avg": 6.0,
    "observations": {
      "25": {
        "exhaust": {
          "time": {
            "0": 2.971,
            "10": 2.988,
            "20": 3.01,
            "30": 2.957
          },
          "accuracy": {
            "0": 30.555555555555557,
            "10": 63.888888888888886,
            "20": 77.77777777777779,
            "30": 88.88888888888889
          }
        },
        "hm": {
          "time": {
            "0": 3.077,
            "10": 3.069,
            "20": 3.026,
            "30": 3.066
          },
          "accuracy": {
            "0": 33.33333333333333,
            "10": 63.888888888888886,
            "20": 77.77777777777779,
            "30": 88.88888888888889
          }
        },
        "rhw": {
          "time": {
            "0": 3.019,
            "10": 3.002,
            "20": 2.996,
            "30": 2.999
          },
          "accuracy": {
            "0": 30.555555555555557,
            "10": 63.888888888888886,
            "20": 77.77777777777779,
            "30": 88.88888888888889
          }
        },
        "zg": {
          "time": {
            "0": 2.976,
            "10": 2.968,
            "20": 2.984,
            "30": 2.953
          },
          "accuracy": {
            "0": 33.33333333333333,
            "10": 63.888888888888886,
            "20": 77.77777777777779,
            "30": 88.88888888888889
          }
        },
        "observations_avg": 4.416666666666667
      },
      "50": {
        "exhaust": {
          "time": {
            "0": 3.26,
            "10": 3.256,
            "20": 3.26,
            "30": 3.271
          },
          "accuracy": {
            "0": 75.0,
            "10": 83.33333333333334,
            "20": 94.44444444444444,
            "30": 100.0
          }
        },
        "hm": {
          "time": {
            "0": 3.319,
            "10": 3.32,
            "20": 3.368,
            "30": 3.33
          },
          "accuracy": {
            "0": 77.77777777777779,
            "10": 86.11111111111111,
            "20": 94.44444444444444,
            "30": 100.0
          }
        },
        "rhw": {
          "time": {
            "0": 3.284,
            "10": 3.219,
            "20": 3.258,
            "30": 3.257
          },
          "accuracy": {
            "0": 75.0,
            "10": 83.33333333333334,
            "20": 94.44444444444444,
            "30": 100.0
          }
        },
        "zg": {
          "time": {
            "0": 3.258,
            "10": 3.242,
            "20": 3.265,
            "30": 3.262
          },
          "accuracy": {
            "0": 77.77777777777779,
            "10": 86.11111111111111,
            "20": 94.44444444444444,
            "30": 100.0
          }
        },
        "observations_avg": 8.416666666666666
      },
      "75": {
        "exhaust": {
          "time": {
            "0": 3.142,
            "10": 3.119,
            "20": 3.168,
            "30": 3.139
          },
          "accuracy": {
            "0": 83.33333333333334,
            "10": 88.88888888888889,
            "20": 94.44444444444444,
            "30": 100.0
          }
        },
        "hm": {
          "time": {
            "0": 3.227,
            "10": 3.231,
            "20": 3.204,
            "30": 3.238
          },
          "accuracy": {
            "0": 86.11111111111111,
            "10": 88.88888888888889,
            "20": 94.44444444444444,
            "30": 100.0
          }
        },
        "rhw": {
          "time": {
            "0": 3.146,
            "10": 3.143,
            "20": 3.149,
            "30": 3.165
          },
          "accuracy": {
            "0": 83.33333333333334,
            "10": 88.88888888888889,
            "20": 94.44444444444444,
            "30": 100.0
          }
        },
        "zg": {
          "time": {
            "0": 3.144,
            "10": 3.13,
            "20": 3.132,
            "30": 3.126
          },
          "accuracy": {
            "0": 86.11111111111111,
            "10": 88.88888888888889,
            "20": 94.44444444444444,
            "30": 100.0
          }
        },
        "observations_avg": 12.666666666666666
      },
      "100": {
        "exhaust": {
          "time": {
            "0": 3.245,
            "10": 3.216,
            "20": 3.246,
            "30": 3.285
          },
          "accuracy": {
            "0": 100.0,
            "10": 100.0,
            "20": 100.0,
            "30": 100.0
          }
        },
        "hm": {
          "time": {
            "0": 3.309,
            "10": 3.294,
            "20": 3.321,
            "30": 3.341
          },
          "accuracy": {
            "0": 100.0,
            "10": 100.0,
            "20": 100.0,
            "30": 100.0
          }
        },
        "rhw": {
          "time": {
            "0": 3.251,
            "10": 3.213,
            "20": 3.241,
            "30": 3.235
          },
          "accuracy": {
            "0": 100.0,
            "10": 100.0,
            "20": 100.0,
            "30": 100.0
          }
        },
        "zg": {
          "time": {
            "0": 3.216,
            "10": 3.245,
            "20": 3.235,
            "30": 3.234
          },
          "accuracy": {
            "0": 100.0,
            "10": 100.0,
            "20": 100.0,
            "30": 100.0
          }
        },
        "observations_avg": 16.333333333333332
      }
    },
    "landmarks_avg": {
      "exhaust": 26.22222222222218,
      "hm": 16.88888888888887,
      "rhw": 26.22222222222218,
      "zg": 16.88888888888887
    },
    "spread": {
      "25": {
        "exhaust": {
          "0": 1.0277777777777777,
          "10": 1.9166666666666667,
          "20": 2.638888888888889,
          "30": 3.3333333333333335
        },
        "hm": {
          "0": 1.0277777777777777,
          "10": 1.8888888888888888,
          "20": 2.6666666666666665,
          "30": 3.2777777777777777
        },
        "rhw": {
          "0": 1.0277777777777777,
          "10": 1.9166666666666667,
          "20": 2.638888888888889,
          "30": 3.3333333333333335
        },
        "zg": {
          "0": 1.0277777777777777,
          "10": 1.8888888888888888,
          "20": 2.6666666666666665,
          "30": 3.2777777777777777
        }
      },
      "50": {
        "exhaust": {
          "0": 1.0,
          "10": 1.4722222222222223,
          "20": 1.9444444444444444,
          "30": 2.8333333333333335
        },
        "hm": {
          "0": 1.0,
          "10": 1.3611111111111112,
          "20": 2.138888888888889,
          "30": 3.0555555555555554
        },
        "rhw": {
          "0": 1.0,
          "10": 1.4722222222222223,
          "20": 1.9444444444444444,
          "30": 2.8333333333333335
        },
        "zg": {
          "0": 1.0,
          "10": 1.3611111111111112,
          "20": 2.138888888888889,
          "30": 3.0555555555555554
        }
      },
      "75": {
        "exhaust": {
          "0": 1.0,
          "10": 1.2777777777777777,
          "20": 2.0277777777777777,
          "30": 2.7222222222222223
        },
        "hm": {
          "0": 1.0,
          "10": 1.1944444444444444,
          "20": 2.0,
          "30": 2.8333333333333335
        },
        "rhw": {
          "0": 1.0,
          "10": 1.2777777777777777,
          "20": 2.0277777777777777,
          "30": 2.7222222222222223
        },
        "zg": {
          "0": 1.0,
          "10": 1.1944444444444444,
          "20": 2.0,
          "30": 2.8333333333333335
        }
      },
      "100": {
        "exhaust": {
          "0": 1.0,
          "10": 1.0555555555555556,
          "20": 1.6944444444444444,
          "30": 2.7777777777777777
        },
        "hm": {
          "0": 1.0,
          "10": 1.1388888888888888,
          "20": 1.9166666666666667,
          "30": 2.7777777777777777
        },