{
  "miconic_noisy": {
    "problems": 144,
    "goals_avg": 6.0,
    "observations": {
      "25": {
        "exhaust": {
          "time": {
            "0": 3.835,
            "10": 3.862
          },
          "accuracy": {
            "0": 36.11111111111111,
            "10": 75.0
          }
        },
        "hm": {
          "time": {
            "0": 3.955,
            "10": 3.965
          },
          "accuracy": {
            "0": 36.11111111111111,
            "10": 80.55555555555556
          }
        },
        "rhw": {
          "time": {
            "0": 3.895,
            "10": 3.873
          },
          "accuracy": {
            "0": 36.11111111111111,
            "10": 75.0
          }
        },
        "zg": {
          "time": {
            "0": 3.863,
            "10": 3.836
          },
          "accuracy": {
            "0": 36.11111111111111,
            "10": 80.55555555555556
          }
        },
        "hoffmann": {
          "time": {
            "0": 8.289,
            "10": 8.222
          },
          "accuracy": {
            "0": 36.11111111111111,
            "10": 80.55555555555556
          }
        },
        "observations_avg": 4.416666666666667
      },
      "50": {
        "exhaust": {
          "time": {
            "0": 4.074,
            "10": 4.117
          },
          "accuracy": {
            "0": 83.33333333333334,
            "10": 100.0
          }
        },
        "hm": {
          "time": {
            "0": 4.18,
            "10": 4.162
          },
          "accuracy": {
            "0": 86.11111111111111,
            "10": 100.0
          }
        },
        "rhw": {
          "time": {
            "0": 4.052,
            "10": 4.09
          },
          "accuracy": {
            "0": 83.33333333333334,
            "10": 100.0
          }
        },
        "zg": {
          "time": {
            "0": 4.011,
            "10": 4.037
          },
          "accuracy": {
            "0": 86.11111111111111,
            "10": 100.0
          }
        },
        "hoffmann": {
          "time": {
            "0": 8.878,
            "10": 8.981
          },
          "accuracy": {
            "0": 86.11111111111111,
            "10": 100.0
          }
        },
        "observations_avg": 8.416666666666666
      },
      "75": {
        "exhaust": {
          "time": {
            "0": 4.097,
            "10": 4.121
          },
          "accuracy": {
            "0": 94.44444444444444,
            "10": 97.22222222222221
          }
        },
        "hm": {
          "time": {
            "0": 4.143,
            "10": 4.169
          },
          "accuracy": {
            "0": 94.44444444444444,
            "10": 97.22222222222221
          }
        },
        "rhw": {
          "time": {
            "0": 4.113,
            "10": 4.078
          },
          "accuracy": {
            "0": 94.44444444444444,
            "10": 97.22222222222221
          }
        },
        "zg": {
          "time": {
            "0": 4.086,
            "10": 4.096
          },
          "accuracy": {
            "0": 94.44444444444444,
            "10": 97.22222222222221
          }
        },
        "hoffmann": {
          "time": {
            "0": 9.043,
            "10": 8.96
          },
          "accuracy": {
            "0": 94.44444444444444,
            "10": 97.22222222222221
          }
        },
        "observations_avg": 12.666666666666666
      },
      "100": {
        "exhaust": {
          "time": {
            "0": 4.127,
            "10": 4.084
          },
          "accuracy": {
            "0": 100.0,
            "10": 100.0
          }
        },
        "hm": {
          "time": {
            "0": 4.239,
            "10": 4.156
          },
          "accuracy": {
            "0": 100.0,
            "10": 100.0
          }
        },
        "rhw": {
          "time": {
            "0": 4.13,
            "10": 4.137
          },
          "accuracy": {
            "0": 100.0,
            "10": 100.0
          }
        },
        "zg": {
          "time": {
            "0": 4.123,
            "10": 4.171
          },
          "accuracy": {
            "0": 100.0,
            "10": 100.0
          }
        },
        "hoffmann": {
          "time": {
            "0": 9.062,
            "10": 9.135
          },
          "accuracy": {
            "0": 100.0,
            "10": 100.0
          }
        },
        "observations_avg": 16.333333333333332
      }
    },
    "landmarks_avg": {
      "exhaust": 26.222222222222243,
      "hm": 16.8888888888889,
      "rhw": 26.222222222222243,
      "zg": 16.8888888888889,
      "hoffmann": 16.8888888888889
    },
    "spread": {
      "25": {
        "exhaust": {
          "0": 1.2777777777777777,
          "10": 2.5
        },
        "hm": {
          "0": 1.2777777777777777,
          "10": 2.4444444444444446
        },
        "rhw": {
          "0": 1.2777777777777777,
          "10": 2.5
        },
        "zg": {
          "0": 1.2777777777777777,
          "10": 2.4444444444444446
        },
        "hoffmann": {
          "0": 1.2777777777777777,
          "10": 2.4444444444444446
        }
      },
      "50": {
        "exhaust": {
          "0": 1.0555555555555556,
          "10": 1.8333333333333333
        },
        "hm": {
          "0": 1.0833333333333333,
          "10": 1.8055555555555556
        },
        "rhw": {
          "0": 1.0555555555555556,
          "10": 1.8333333333333333
        },
        "zg": {
          "0": 1.0833333333333333,
          "10": 1.8055555555555556
        },
        "hoffmann": {
          "0": 1.0833333333333333,
          "10": 1.8055555555555556
        }
      },
      "75": {
        "exhaust": {
          "0": 1.0277777777777777,
          "10": 1.3333333333333333
        },
        "hm": {
          "0": 1.0,
          "10": 1.3055555555555556
        },
        "rhw": {
          "0": 1.0277777777777777,
          "10": 1.3333333333333333
        },
        "zg": {
          "0": 1.0,
          "10": 1.3055555555555556
        },
        "hoffmann": {
          "0": 1.0,
          "10": 1.3055555555555556
        }
      },
      "100": {
        "exhaust": {
          "0": 1.0,
          "10": 1.0277777777777777
        },
        "hm": {
          "0": 1.0,
          "10": 1.0833333333333333
        },
        "rhw": {
          "0": 1.0,
          "10": 1.0277777777777777
        },
        "zg": {
          "0": 1.0,
          "10": 1.0833333333333333
        },
        "hoffmann": {
          "0": 1.0,
          "10": 1.0833333333333333
        }
      }
    }
  }
}