{
  "miconic_noisy": {
    "problems": 144,
    "goals_avg": 6.0,
    "observations": {
      "25": {
        "exhaust": {
          "time": {
            "0": 3.219,
            "10": 3.175,
            "20": 3.196,
            "30": 3.191
          },
          "accuracy": {
            "0": 36.11111111111111,
            "10": 69.44444444444444,
            "20": 91.66666666666666,
            "30": 97.22222222222221
          }
        },
        "hm": {
          "time": {
            "0": 3.272,
            "10": 3.268,
            "20": 3.275,
            "30": 3.297
          },
          "accuracy": {
            "0": 36.11111111111111,
            "10": 72.22222222222221,
            "20": 91.66666666666666,
            "30": 97.22222222222221
          }
        },
        "rhw": {
          "time": {
            "0": 3.2,
            "10": 3.197,
            "20": 3.178,
            "30": 3.195
          },
          "accuracy": {
            "0": 36.11111111111111,
            "10": 69.44444444444444,
            "20": 91.66666666666666,
            "30": 97.22222222222221
          }
        },
        "zg": {
          "time": {
            "0": 3.194,
            "10": 3.187,
            "20": 3.191,
            "30": 3.21
          },
          "accuracy": {
            "0": 36.11111111111111,
            "10": 72.22222222222221,
            "20": 91.66666666666666,
            "30": 97.22222222222221
          }
        },
        "observations_avg": 4.416666666666667
      },
      "50": {
        "exhaust": {
          "time": {
            "0": 3.423,
            "10": 3.429,
            "20": 3.398,
            "30": 3.429
          },
          "accuracy": {
            "0": 83.33333333333334,
            "10": 100.0,
            "20": 100.0,
            "30": 100.0
          }
        },
        "hm": {
          "time": {
            "0": 3.479,
            "10": 3.498,
            "20": 3.486,
            "30": 3.487
          },
          "accuracy": {
            "0": 86.11111111111111,
            "10": 100.0,
            "20": 100.0,
            "30": 100.0
          }
        },
        "rhw": {
          "time": {
            "0": 3.404,
            "10": 3.412,
            "20": 3.452,
            "30": 3.385
          },
          "accuracy": {
            "0": 83.33333333333334,
            "10": 100.0,
            "20": 100.0,
            "30": 100.0
          }
        },
        "zg": {
          "time": {
            "0": 3.402,
            "10": 3.408,
            "20": 3.393,
            "30": 3.404
          },
          "accuracy": {
            "0": 86.11111111111111,
            "10": 100.0,
            "20": 100.0,
            "30": 100.0
          }
        },
        "observations_avg": 8.416666666666666
      },
      "75": {
        "exhaust": {
          "time": {
            "0": 3.306,
            "10": 3.299,
            "20": 3.284,
            "30": 3.317
          },
          "accuracy": {
            "0": 94.44444444444444,
            "10": 97.22222222222221,
            "20": 100.0,
            "30": 100.0
          }
        },
        "hm": {
          "time": {
            "0": 3.368,
            "10": 3.367,
            "20": 3.369,
            "30": 3.374
          },
          "accuracy": {
            "0": 94.44444444444444,
            "10": 97.22222222222221,
            "20": 100.0,
            "30": 100.0
          }
        },
        "rhw": {
          "time": {
            "0": 3.28,
            "10": 3.312,
            "20": 3.302,
            "30": 3.299
          },
          "accuracy": {
            "0": 94.44444444444444,
            "10": 97.22222222222221,
            "20": 100.0,
            "30": 100.0
          }
        },
        "zg": {
          "time": {
            "0": 3.288,
            "10": 3.314,
            "20": 3.304,
            "30": 3.283
          },
          "accuracy": {
            "0": 94.44444444444444,
            "10": 97.22222222222221,
            "20": 100.0,
            "30": 100.0
          }
        },
        "observations_avg": 12.666666666666666
      },
      "100": {
        "exhaust": {
          "time": {
            "0": 3.357,
            "10": 3.364,
            "20": 3.381,
            "30": 3.405
          },
          "accuracy": {
            "0": 100.0,
            "10": 100.0,
            "20": 100.0,
            "30": 100.0
          }
        },
        "hm": {
          "time": {
            "0": 3.439,
            "10": 3.45,
            "20": 3.482,
            "30": 3.46
          },
          "accuracy": {
            "0": 100.0,
            "10": 100.0,
            "20": 100.0,
            "30": 100.0
          }
        },
        "rhw": {
          "time": {
            "0": 3.369,
            "10": 3.385,
            "20": 3.371,
            "30": 3.415
          },
          "accuracy": {
            "0": 100.0,
            "10": 100.0,
            "20": 100.0,
            "30": 100.0
          }
        },
        "zg": {
          "time": {
            "0": 3.359,
            "10": 3.403,
            "20": 3.367,
            "30": 3.369
          },
          "accuracy": {
            "0": 100.0,
            "10": 100.0,
            "20": 100.0,
            "30": 100.0
          }
        },
        "observations_avg": 16.333333333333332
      }
    },
    "landmarks_avg": {
      "exhaust": 26.22222222222218,
      "hm": 16.88888888888887,
      "rhw": 26.22222222222218,
      "zg": 16.88888888888887
    },
    "spread": {
      "25": {
        "exhaust": {
          "0": 1.2777777777777777,
          "10": 2.3055555555555554,
          "20": 3.2222222222222223,
          "30": 4.166666666666667
        },
        "hm": {
          "0": 1.2777777777777777,
          "10": 2.2222222222222223,
          "20": 3.1666666666666665,
          "30": 4.388888888888889
        },
        "rhw": {
          "0": 1.2777777777777777,
          "10": 2.3055555555555554,
          "20": 3.2222222222222223,
          "30": 4.166666666666667
        },
        "zg": {
          "0": 1.2777777777777777,
          "10": 2.2222222222222223,
          "20": 3.1666666666666665,
          "30": 4.388888888888889
        }
      },
      "50": {
        "exhaust": {
          "0": 1.0555555555555556,
          "10": 1.8333333333333333,
          "20": 2.361111111111111,
          "30": 3.7222222222222223
        },
        "hm": {
          "0": 1.0833333333333333,
          "10": 1.8055555555555556,
          "20": 2.6944444444444446,
          "30": 3.9722222222222223
        },
        "rhw": {
          "0": 1.0555555555555556,
          "10": 1.8333333333333333,
          "20": 2.361111111111111,
          "30": 3.7222222222222223
        },
        "zg": {
          "0": 1.0833333333333333,
          "10": 1.8055555555555556,
          "20": 2.6944444444444446,
          "30": 3.9722222222222223
        }
      },
      "75": {
        "exhaust": {
          "0": 1.0277777777777777,
          "10": 1.3333333333333333,
          "20": 2.1944444444444446,
          "30": 3.111111111111111
        },
        "hm": {
          "0": 1.0,
          "10": 1.3055555555555556,
          "20": 2.388888888888889,
          "30": 3.361111111111111
        },
        "rhw": {
          "0": 1.0277777777777777,
          "10": 1.3333333333333333,
          "20": 2.1944444444444446,
          "30": 3.111111111111111
        },
        "zg": {
          "0": 1.0,
          "10": 1.3055555555555556,
          "20": 2.388888888888889,
          "30": 3.361111111111111
        }
      },
      "100": {
        "exhaust": {
          "0": 1.0,
          "10": 1.0277777777777777,
          "20": 1.9444444444444444,
          "30": 3.2222222222222223
        },
        "hm": {
          "0": 1.0,
          "10": 1.0833333333333333,
          "20": 2.111111111111111,
          "30": 3.638888888888889
        },