{
  "miconic_noisy": {
    "problems": 144,
    "goals_avg": 6.0,
    "observations": {
      "25": {
        "exhaust": {
          "time": {
            "0": 11.532,
            "10": 11.628,
            "20": 11.505,
            "30": 11.513
          },
          "accuracy": {
            "0": 36.11111111111111,
            "10": 75.0,
            "20": 91.66666666666666,
            "30": 97.22222222222221
          }
        },
        "hm": {
          "time": {
            "0": 12.014,
            "10": 11.713,
            "20": 11.869,
            "30": 11.867
          },
          "accuracy": {
            "0": 36.11111111111111,
            "10": 80.55555555555556,
            "20": 91.66666666666666,
            "30": 97.22222222222221
          }
        },
        "rhw": {
          "time": {
            "0": 11.644,
            "10": 11.614,
            "20": 11.428,
            "30": 11.464
          },
          "accuracy": {
            "0": 36.11111111111111,
            "10": 75.0,
            "20": 91.66666666666666,
            "30": 97.22222222222221
          }
        },
        "zg": {
          "time": {
            "0": 11.601,
            "10": 11.612,
            "20": 11.526,
            "30": 11.469
          },
          "accuracy": {
            "0": 36.11111111111111,
            "10": 80.55555555555556,
            "20": 91.66666666666666,
            "30": 97.22222222222221
          }
        },
        "observations_avg": 4.416666666666667
      },
      "50": {
        "exhaust": {
          "time": {
            "0": 8.932,
            "10": 8.86,
            "20": 9.041,
            "30": 9.217
          },
          "accuracy": {
            "0": 83.33333333333334,
            "10": 100.0,
            "20": 100.0,
            "30": 100.0
          }
        },
        "hm": {
          "time": {
            "0": 9.212,
            "10": 9.239,
            "20": 9.162,
            "30": 9.358
          },
          "accuracy": {
            "0": 86.11111111111111,
            "10": 100.0,
            "20": 100.0,
            "30": 100.0
          }
        },
        "rhw": {
          "time": {
            "0": 9.069,
            "10": 9.131,
            "20": 9.086,
            "30": 9.169
          },
          "accuracy": {
            "0": 83.33333333333334,
            "10": 100.0,
            "20": 100.0,
            "30": 100.0
          }
        },
        "zg": {
          "time": {
            "0": 9.126,
            "10": 8.996,
            "20": 9.125,
            "30": 9.204
          },
          "accuracy": {
            "0": 86.11111111111111,
            "10": 100.0,
            "20": 100.0,
            "30": 100.0
          }
        },
        "observations_avg": 8.416666666666666
      },
      "75": {
        "exhaust": {
          "time": {
            "0": 11.928,
            "10": 11.828,
            "20": 11.805,
            "30": 11.91
          },
          "accuracy": {
            "0": 94.44444444444444,
            "10": 97.22222222222221,
            "20": 100.0,
            "30": 100.0
          }
        },
        "hm": {
          "time": {
            "0": 12.082,
            "10": 12.373,
            "20": 12.07,
            "30": 12.146
          },
          "accuracy": {
            "0": 94.44444444444444,
            "10": 97.22222222222221,
            "20": 100.0,
            "30": 100.0
          }
        },
        "rhw": {
          "time": {
            "0": 11.729,
            "10": 11.831,
            "20": 11.973,
            "30": 11.941
          },
          "accuracy": {
            "0": 94.44444444444444,
            "10": 97.22222222222221,
            "20": 100.0,
            "30": 100.0
          }
        },
        "zg": {
          "time": {
            "0": 11.873,
            "10": 11.898,
            "20": 11.956,
            "30": 11.854
          },
          "accuracy": {
            "0": 94.44444444444444,
            "10": 97.22222222222221,
            "20": 100.0,
            "30": 100.0
          }
        },
        "observations_avg": 12.666666666666666
      },
      "100": {
        "exhaust": {
          "time": {
            "0": 6.058,
            "10": 6.018,
            "20": 6.036,
            "30": 5.997
          },
          "accuracy": {
            "0": 100.0,
            "10": 100.0,
            "20": 100.0,
            "30": 100.0
          }
        },
        "hm": {
          "time": {
            "0": 6.158,
            "10": 6.196,
            "20": 6.196,
            "30": 6.115
          },
          "accuracy": {
            "0": 100.0,
            "10": 100.0,
            "20": 100.0,
            "30": 100.0
          }
        },
        "rhw": {
          "time": {
            "0": 6.022,
            "10": 6.076,
            "20": 6.079,
            "30": 5.991
          },
          "accuracy": {
            "0": 100.0,
            "10": 100.0,
            "20": 100.0,
            "30": 100.0
          }
        },
        "zg": {
          "time": {
            "0": 6.01,
            "10": 6.04,
            "20": 5.994,
            "30": 6.02
          },
          "accuracy": {
            "0": 100.0,
            "10": 100.0,
            "20": 100.0,
            "30": 100.0
          }
        },
        "observations_avg": 16.333333333333332
      }
    },
    "landmarks_avg": {
      "exhaust": 26.22222222222218,
      "hm": 16.88888888888887,
      "rhw": 26.22222222222218,
      "zg": 16.88888888888887
    },
    "spread": {
      "25": {
        "exhaust": {
          "0": 1.2777777777777777,
          "10": 2.5,
          "20": 3.5277777777777777,
          "30": 4.333333333333333
        },
        "hm": {
          "0": 1.2777777777777777,
          "10": 2.4444444444444446,
          "20": 3.4722222222222223,
          "30": 4.472222222222222
        },
        "rhw": {
          "0": 1.2777777777777777,
          "10": 2.5,
          "20": 3.5277777777777777,
          "30": 4.333333333333333
        },
        "zg": {
          "0": 1.2777777777777777,
          "10": 2.4444444444444446,
          "20": 3.4722222222222223,
          "30": 4.472222222222222
        }
      },
      "50": {
        "exhaust": {
          "0": 1.0555555555555556,
          "10": 1.8333333333333333,
          "20": 2.361111111111111,
          "30": 3.7222222222222223
        },
        "hm": {
          "0": 1.0833333333333333,
          "10": 1.8055555555555556,
          "20": 2.6944444444444446,
          "30": 3.9722222222222223
        },
        "rhw": {
          "0": 1.0555555555555556,
          "10": 1.8333333333333333,
          "20": 2.361111111111111,
          "30": 3.7222222222222223
        },
        "zg": {
          "0": 1.0833333333333333,
          "10": 1.8055555555555556,
          "20": 2.6944444444444446,
          "30": 3.9722222222222223
        }
      },
      "75": {
        "exhaust": {
          "0": 1.0277777777777777,
          "10": 1.3333333333333333,
          "20": 2.25,
          "30": 3.111111111111111
        },
        "hm": {
          "0": 1.0,
          "10": 1.3055555555555556,
          "20": 2.388888888888889,
          "30": 3.388888888888889
        },
        "rhw": {
          "0": 1.0277777777777777,
          "10": 1.3333333333333333,
          "20": 2.25,
          "30": 3.111111111111111
        },
        "zg": {
          "0": 1.0,
          "10": 1.3055555555555556,
          "20": 2.388888888888889,
          "30": 3.388888888888889
        }
      },
      "100": {
        "exhaust": {
          "0": 1.0,
          "10": 1.0277777777777777,
          "20": 1.9444444444444444,
          "30": 3.2222222222222223
        },
        "hm": {
          "0": 1.0,
          "10": 1.0833333333333333,
          "20": 2.111111111111111,
          "30": 3.638888888888889
        },
        "rhw": {
          "0": 1.0,
          "10": 1.0277777777777777,