{
  "campus": {
    "problems": 75,
    "goals_avg": 2.0,
    "observations": {
      "10": {
        "hoffmann": {
          "time": {
            "0": 14.558,
            "10": 14.815,
            "20": 15.095,
            "30": 14.99
          },
          "accuracy": {
            "0": 100.0,
            "10": 100.0,
            "20": 100.0,
            "30": 100.0
          }
        },
        "observations_avg": 1.0
      },
      "30": {
        "hoffmann": {
          "time": {
            "0": 15.099,
            "10": 14.928,
            "20": 14.697,
            "30": 14.645
          },
          "accuracy": {
            "0": 100.0,
            "10": 100.0,
            "20": 100.0,
            "30": 100.0
          }
        },
        "observations_avg": 2.0
      },
      "50": {
        "hoffmann": {
          "time": {
            "0": 10.479,
            "10": 10.82,
            "20": 10.868,
            "30": 11.122
          },
          "accuracy": {
            "0": 100.0,
            "10": 100.0,
            "20": 100.0,
            "30": 100.0
          }
        },
        "observations_avg": 3.0
      },
      "70": {
        "hoffmann": {
          "time": {
            "0": 14.765,
            "10": 15.024,
            "20": 14.64,
            "30": 14.738
          },
          "accuracy": {
            "0": 100.0,
            "10": 100.0,
            "20": 100.0,
            "30": 100.0
          }
        },
        "observations_avg": 4.466666666666667
      },
      "100": {
        "hoffmann": {
          "time": {
            "0": 5.807,
            "10": 5.852,
            "20": 5.88,
            "30": 5.994
          },
          "accuracy": {
            "0": 100.0,
            "10": 100.0,
            "20": 100.0,
            "30": 100.0
          }
        },
        "observations_avg": 5.4
      }
    },
    "landmarks_avg": {
      "hoffmann": 8.826666666666666
    },
    "spread": {
      "10": {
        "hoffmann": {
          "0": 1.0,
          "10": 1.0,
          "20": 1.1333333333333333,
          "30": 1.2666666666666666
        }
      },
      "30": {
        "hoffmann": {
          "0": 1.0,
          "10": 1.0,
          "20": 1.0,
          "30": 1.0
        }
      },
      "50": {
        "hoffmann": {
          "0": 1.0,
          "10": 1.0,
          "20": 1.0,
          "30": 1.0
        }
      },
      "70": {
        "hoffmann": {
          "0": 1.0,
          "10": 1.0,
          "20": 1.0,
          "30": 1.0
        }
      },
      "100": {
        "hoffmann": {
          "0": 1.0,
          "10": 1.0,
          "20": 1.0,
          "30": 1.0
        }
      }
    }
  }
}