{
  "intrusion_detection": {
    "problems": 465,
    "goals_avg": 16.666666666666668,
    "observations": {
      "10": {
        "exhaust": {
          "time": {
            "0": 5.657,
            "10": 5.606,
            "20": 5.638,
            "30": 5.608
          },
          "accuracy": {
            "0": 67.61904761904762,
            "10": 82.85714285714286,
            "20": 89.52380952380953,
            "30": 100.0
          }
        },
        "hm": {
          "time": {
            "0": 5.69,
            "10": 5.685,
            "20": 5.624,
            "30": 5.668
          },
          "accuracy": {
            "0": 67.61904761904762,
            "10": 82.85714285714286,
            "20": 89.52380952380953,
            "30": 100.0
          }
        },
        "rhw": {
          "time": {
            "0": 5.631,
            "10": 5.636,
            "20": 5.64,
            "30": 5.659
          },
          "accuracy": {
            "0": 67.61904761904762,
            "10": 82.85714285714286,
            "20": 89.52380952380953,
            "30": 100.0
          }
        },
        "zg": {
          "time": {
            "0": 5.624,
            "10": 5.623,
            "20": 5.647,
            "30": 5.611
          },
          "accuracy": {
            "0": 67.61904761904762,
            "10": 82.85714285714286,
            "20": 89.52380952380953,
            "30": 100.0
          }
        },
        "observations_avg": 1.9238095238095239
      },
      "30": {
        "exhaust": {
          "time": {
            "0": 5.271,
            "10": 5.271,
            "20": 5.273,
            "30": 5.304
          },
          "accuracy": {
            "0": 99.04761904761905,
            "10": 99.04761904761905,
            "20": 100.0,
            "30": 100.0
          }
        },
        "hm": {
          "time": {
            "0": 5.306,
            "10": 5.269,
            "20": 5.307,
            "30": 5.284
          },
          "accuracy": {
            "0": 99.04761904761905,
            "10": 99.04761904761905,
            "20": 100.0,
            "30": 100.0
          }
        },
        "rhw": {
          "time": {
            "0": 5.241,
            "10": 5.304,
            "20": 5.263,
            "30": 5.27
          },
          "accuracy": {
            "0": 99.04761904761905,
            "10": 99.04761904761905,
            "20": 100.0,
            "30": 100.0
          }
        },
        "zg": {
          "time": {
            "0": 5.289,
            "10": 5.259,
            "20": 5.262,
            "30": 5.273
          },
          "accuracy": {
            "0": 99.04761904761905,
            "10": 99.04761904761905,
            "20": 100.0,
            "30": 100.0
          }
        },
        "observations_avg": 4.476190476190476
      },
      "50": {
        "exhaust": {
          "time": {
            "0": 6.7,
            "10": 6.702,
            "20": 6.703,
            "30": 6.682
          },
          "accuracy": {
            "0": 100.0,
            "10": 100.0,
            "20": 100.0,
            "30": 100.0
          }
        },
        "hm": {
          "time": {
            "0": 6.725,
            "10": 6.736,
            "20": 6.716,
            "30": 6.719
          },
          "accuracy": {
            "0": 100.0,
            "10": 100.0,
            "20": 100.0,
            "30": 100.0
          }
        },
        "rhw": {
          "time": {
            "0": 6.695,
            "10": 6.671,
            "20": 6.696,
            "30": 6.667
          },
          "accuracy": {
            "0": 100.0,
            "10": 100.0,
            "20": 100.0,
            "30": 100.0
          }
        },
        "zg": {
          "time": {
            "0": 6.688,
            "10": 6.655,
            "20": 6.694,
            "30": 6.692
          },
          "accuracy": {
            "0": 100.0,
            "10": 100.0,
            "20": 100.0,
            "30": 100.0
          }
        },
        "observations_avg": 6.704761904761905
      },
      "70": {
        "exhaust": {
          "time": {
            "0": 6.668,
            "10": 6.661,
            "20": 6.69,
            "30": 6.685
          },
          "accuracy": {
            "0": 100.0,
            "10": 100.0,
            "20": 100.0,
            "30": 100.0
          }
        },
        "hm": {
          "time": {
            "0": 6.761,
            "10": 6.747,
            "20": 6.715,
            "30": 6.734
          },
          "accuracy": {
            "0": 100.0,
            "10": 100.0,
            "20": 100.0,
            "30": 100.0
          }
        },
        "rhw": {
          "time": {
            "0": 6.685,
            "10": 6.665,
            "20": 6.69,
            "30": 6.717
          },
          "accuracy": {
            "0": 100.0,
            "10": 100.0,
            "20": 100.0,
            "30": 100.0
          }
        },
        "zg": {
          "time": {
            "0": 6.64,
            "10": 6.676,
            "20": 6.685,
            "30": 6.647
          },
          "accuracy": {
            "0": 100.0,
            "10": 100.0,
            "20": 100.0,
            "30": 100.0
          }
        },
        "observations_avg": 9.552380952380952
      },
      "100": {
        "exhaust": {
          "time": {
            "0": 6.814,
            "10": 6.832,
            "20": 6.825,
            "30": 6.836
          },
          "accuracy": {
            "0": 100.0,
            "10": 100.0,
            "20": 100.0,
            "30": 100.0
          }
        },
        "hm": {
          "time": {
            "0": 6.816,
            "10": 6.849,
            "20": 6.859,
            "30": 6.896
          },
          "accuracy": {
            "0": 100.0,
            "10": 100.0,
            "20": 100.0,
            "30": 100.0
          }
        },
        "rhw": {
          "time": {
            "0": 6.755,
            "10": 6.84,
            "20": 6.838,
            "30": 6.822
          },
          "accuracy": {
            "0": 100.0,
            "10": 100.0,
            "20": 100.0,
            "30": 100.0
          }
        },
        "zg": {
          "time": {
            "0": 6.783,
            "10": 6.802,
            "20": 6.811,
            "30": 6.793
          },
          "accuracy": {
            "0": 100.0,
            "10": 100.0,
            "20": 100.0,
            "30": 100.0
          }
        },
        "observations_avg": 13.066666666666666
      }
    },
    "landmarks_avg": {
      "exhaust": 33.06666666666631,
      "hm": 16.533333333333154,
      "rhw": 33.06666666666631,
      "zg": 16.533333333333154
    }
  }
}