{
  "intrusion_detection": {
    "problems": 465,
    "goals_avg": 16.666666666666668,
    "observations": {
      "10": {
        "exhaust": {
          "time": {
            "0": 7.679,
            "10": 7.66
          },
          "accuracy": {
            "0": 67.61904761904762,
            "10": 82.85714285714286
          },
          "prob_accuracy": {
            "0": 100.0,
            "10": 100.0
          }
        },
        "hm": {
          "time": {
            "0": 7.672,
            "10": 7.735
          },
          "accuracy": {
            "0": 67.61904761904762,
            "10": 82.85714285714286
          },
          "prob_accuracy": {
            "0": 100.0,
            "10": 100.0
          }
        },
        "rhw": {
          "time": {
            "0": 7.678,
            "10": 7.639
          },
          "accuracy": {
            "0": 67.61904761904762,
            "10": 82.85714285714286
          },
          "prob_accuracy": {
            "0": 100.0,
            "10": 100.0
          }
        },
        "zg": {
          "time": {
            "0": 7.677,
            "10": 7.656
          },
          "accuracy": {
            "0": 67.61904761904762,
            "10": 82.85714285714286
          },
          "prob_accuracy": {
            "0": 100.0,
            "10": 100.0
          }
        },
        "hoffmann": {
          "time": {
            "0": 106.065,
            "10": 106.326
          },
          "accuracy": {
            "0": 67.61904761904762,
            "10": 82.85714285714286
          },
          "prob_accuracy": {
            "0": 100.0,
            "10": 100.0
          }
        },
        "observations_avg": 1.9238095238095239
      },
      "30": {
        "exhaust": {
          "time": {
            "0": 6.106,
            "10": 6.094
          },
          "accuracy": {
            "0": 99.04761904761905,
            "10": 99.04761904761905
          },
          "prob_accuracy": {
            "0": 100.0,
            "10": 100.0
          }
        },
        "hm": {
          "time": {
            "0": 6.121,
            "10": 6.129
          },
          "accuracy": {
            "0": 99.04761904761905,
            "10": 99.04761904761905
          },
          "prob_accuracy": {
            "0": 100.0,
            "10": 100.0
          }
        },
        "rhw": {
          "time": {
            "0": 6.11,
            "10": 6.061
          },
          "accuracy": {
            "0": 99.04761904761905,
            "10": 99.04761904761905
          },
          "prob_accuracy": {
            "0": 100.0,
            "10": 100.0
          }
        },
        "zg": {
          "time": {
            "0": 6.093,
            "10": 6.091
          },
          "accuracy": {
            "0": 99.04761904761905,
            "10": 99.04761904761905
          },
          "prob_accuracy": {
            "0": 100.0,
            "10": 100.0
          }
        },
        "hoffmann": {
          "time": {
            "0": 99.504,
            "10": 99.553
          },
          "accuracy": {
            "0": 99.04761904761905,
            "10": 99.04761904761905
          },
          "prob_accuracy": {
            "0": 100.0,
            "10": 100.0
          }
        },
        "observations_avg": 4.476190476190476
      },
      "50": {
        "exhaust": {
          "time": {
            "0": 5.605,
            "10": 5.6
          },
          "accuracy": {
            "0": 100.0,
            "10": 100.0
          },
          "prob_accuracy": {
            "0": 100.0,
            "10": 100.0
          }
        },
        "hm": {
          "time": {
            "0": 5.62,
            "10": 5.628
          },
          "accuracy": {
            "0": 100.0,
            "10": 100.0
          },
          "prob_accuracy": {
            "0": 100.0,
            "10": 100.0
          }
        },
        "rhw": {
          "time": {
            "0": 5.601,
            "10": 5.597
          },
          "accuracy": {
            "0": 100.0,
            "10": 100.0
          },
          "prob_accuracy": {
            "0": 100.0,
            "10": 100.0
          }
        },
        "zg": {
          "time": {
            "0": 5.588,
            "10": 5.595
          },
          "accuracy": {
            "0": 100.0,
            "10": 100.0
          },
          "prob_accuracy": {
            "0": 100.0,
            "10": 100.0
          }
        },
        "hoffmann": {
          "time": {
            "0": 98.091,
            "10": 98.101
          },
          "accuracy": {
            "0": 100.0,
            "10": 100.0
          },
          "prob_accuracy": {
            "0": 100.0,
            "10": 100.0
          }
        },
        "observations_avg": 6.704761904761905
      },
      "70": {
        "exhaust": {
          "time": {
            "0": 7.973,
            "10": 7.982
          },
          "accuracy": {
            "0": 100.0,
            "10": 100.0
          },
          "prob_accuracy": {
            "0": 100.0,
            "10": 100.0
          }
        },
        "hm": {
          "time": {
            "0": 8.005,
            "10": 8.036
          },
          "accuracy": {
            "0": 100.0,
            "10": 100.0
          },
          "prob_accuracy": {
            "0": 100.0,
            "10": 100.0
          }
        },
        "rhw": {
          "time": {
            "0": 7.961,
            "10": 7.926
          },
          "accuracy": {
            "0": 100.0,
            "10": 100.0
          },
          "prob_accuracy": {
            "0": 100.0,
            "10": 100.0
          }
        },
        "zg": {
          "time": {
            "0": 7.968,
            "10": 7.982
          },
          "accuracy": {
            "0": 100.0,
            "10": 100.0
          },
          "prob_accuracy": {
            "0": 100.0,
            "10": 100.0
          }
        },
        "hoffmann": {
          "time": {
            "0": 107.816,
            "10": 108.151
          },
          "accuracy": {
            "0": 100.0,
            "10": 100.0
          },
          "prob_accuracy": {
            "0": 100.0,
            "10": 100.0
          }
        },
        "observations_avg": 9.552380952380952
      },
      "100": {
        "exhaust": {
          "time": {
            "0": 6.165,
            "10": 6.113
          },
          "accuracy": {
            "0": 100.0,
            "10": 100.0
          },
          "prob_accuracy": {
            "0": 100.0,
            "10": 100.0
          }
        },
        "hm": {
          "time": {
            "0": 6.149,
            "10": 6.145
          },
          "accuracy": {
            "0": 100.0,
            "10": 100.0
          },
          "prob_accuracy": {
            "0": 100.0,
            "10": 100.0
          }
        },
        "rhw": {
          "time": {
            "0": 6.137,
            "10": 6.096
          },
          "accuracy": {
            "0": 100.0,
            "10": 100.0
          },
          "prob_accuracy": {
            "0": 100.0,
            "10": 100.0
          }
        },
        "zg": {
          "time": {
            "0": 6.175,
            "10": 6.111
          },
          "accuracy": {
            "0": 100.0,
            "10": 100.0
          },
          "prob_accuracy": {
            "0": 100.0,
            "10": 100.0
          }
        },
        "hoffmann": {
          "time": {
            "0": 99.816,
            "10": 99.729
          },
          "accuracy": {
            "0": 100.0,
            "10": 100.0
          },
          "prob_accuracy": {
            "0": 100.0,
            "10": 100.0
          }
        },
        "observations_avg": 13.066666666666666
      }
    },
    "landmarks_avg": {
      "exhaust": 33.06666666666683,
      "hm": 16.533333333333417,
      "rhw": 33.06666666666683,
      "zg": 16.533333333333417,