{
  "intrusion_detection": {
    "problems": 465,
    "goals_avg": 16.666666666666668,
    "observations": {
      "10": {
        "hoffmann": {
          "time": {
            "0": 20.672,
            "10": 20.636,
            "20": 20.553,
            "30": 20.565
          },
          "accuracy": {
            "0": 67.61904761904762,
            "10": 82.85714285714286,
            "20": 89.52380952380953,
            "30": 100.0
          }
        },
        "observations_avg": 1.9238095238095239
      },
      "30": {
        "hoffmann": {
          "time": {
            "0": 14.755,
            "10": 14.695,
            "20": 14.66,
            "30": 14.653
          },
          "accuracy": {
            "0": 99.04761904761905,
            "10": 99.04761904761905,
            "20": 100.0,
            "30": 100.0
          }
        },
        "observations_avg": 4.476190476190476
      },
      "50": {
        "hoffmann": {
          "time": {
            "0": 62.852,
            "10": 62.628,
            "20": 62.953,
            "30": 62.642
          },
          "accuracy": {
            "0": 100.0,
            "10": 100.0,
            "20": 100.0,
            "30": 100.0
          }
        },
        "observations_avg": 6.704761904761905
      },
      "70": {
        "hoffmann": {
          "time": {
            "0": 42.237,
            "10": 42.406,
            "20": 42.578,
            "30": 42.349
          },
          "accuracy": {
            "0": 100.0,
            "10": 100.0,
            "20": 100.0,
            "30": 100.0
          }
        },
        "observations_avg": 9.552380952380952
      },
      "100": {
        "hoffmann": {
          "time": {
            "0": 78.13,
            "10": 78.427,
            "20": 78.855,
            "30": 78.88
          },
          "accuracy": {
            "0": 100.0,
            "10": 100.0,
            "20": 100.0,
            "30": 100.0
          }
        },
        "observations_avg": 13.066666666666666
      }
    },
    "landmarks_avg": {
      "hoffmann": 16.533333333333154
    },
    "spread": {
      "10": {
        "hoffmann": {
          "0": 1.2,
          "10": 1.7619047619047619,
          "20": 2.361904761904762,
          "30": 2.780952380952381
        }
      },
      "30": {
        "hoffmann": {
          "0": 1.0,
          "10": 1.0761904761904761,
          "20": 1.2285714285714286,
          "30": 1.638095238095238
        }
      },
      "50": {
        "hoffmann": {
          "0": 1.0095238095238095,
          "10": 1.019047619047619,
          "20": 1.161904761904762,
          "30": 1.561904761904762
        }
      },
      "70": {
        "hoffmann": {
          "0": 1.0,
          "10": 1.0,
          "20": 1.019047619047619,
          "30": 1.1523809523809523
        }
      },
      "100": {
        "hoffmann": {
          "0": 1.0,
          "10": 1.0,
          "20": 1.0,
          "30": 1.1111111111111112
        }
      }
    }
  }
}