{
  "intrusion_detection": {
    "problems": 465,
    "goals_avg": 16.666666666666668,
    "observations": {
      "10": {
        "exhaust": {
          "time": {
            "0": 5.845,
            "10": 5.855,
            "20": 5.834,
            "30": 5.881
          },
          "accuracy": {
            "0": 67.61904761904762,
            "10": 82.85714285714286,
            "20": 89.52380952380953,
            "30": 100.0
          }
        },
        "hm": {
          "time": {
            "0": 5.908,
            "10": 5.875,
            "20": 5.92,
            "30": 5.927
          },
          "accuracy": {
            "0": 67.61904761904762,
            "10": 82.85714285714286,
            "20": 89.52380952380953,
            "30": 100.0
          }
        },
        "rhw": {
          "time": {
            "0": 5.873,
            "10": 5.88,
            "20": 5.872,
            "30": 5.883
          },
          "accuracy": {
            "0": 67.61904761904762,
            "10": 82.85714285714286,
            "20": 89.52380952380953,
            "30": 100.0
          }
        },
        "zg": {
          "time": {
            "0": 5.872,
            "10": 5.864,
            "20": 5.843,
            "30": 5.87
          },
          "accuracy": {
            "0": 67.61904761904762,
            "10": 82.85714285714286,
            "20": 89.52380952380953,
            "30": 100.0
          }
        },
        "observations_avg": 1.9238095238095239
      },
      "30": {
        "exhaust": {
          "time": {
            "0": 5.414,
            "10": 5.408,
            "20": 5.437,
            "30": 5.422
          },
          "accuracy": {
            "0": 99.04761904761905,
            "10": 99.04761904761905,
            "20": 100.0,
            "30": 100.0
          }
        },
        "hm": {
          "time": {
            "0": 5.445,
            "10": 5.463,
            "20": 5.411,
            "30": 5.449
          },
          "accuracy": {
            "0": 99.04761904761905,
            "10": 99.04761904761905,
            "20": 100.0,
            "30": 100.0
          }
        },
        "rhw": {
          "time": {
            "0": 5.445,
            "10": 5.455,
            "20": 5.439,
            "30": 5.45
          },
          "accuracy": {
            "0": 99.04761904761905,
            "10": 99.04761904761905,
            "20": 100.0,
            "30": 100.0
          }
        },
        "zg": {
          "time": {
            "0": 5.426,
            "10": 5.412,
            "20": 5.4,
            "30": 5.368
          },
          "accuracy": {
            "0": 99.04761904761905,
            "10": 99.04761904761905,
            "20": 100.0,
            "30": 100.0
          }
        },
        "observations_avg": 4.476190476190476
      },
      "50": {
        "exhaust": {
          "time": {
            "0": 6.878,
            "10": 6.852,
            "20": 6.832,
            "30": 6.848
          },
          "accuracy": {
            "0": 100.0,
            "10": 100.0,
            "20": 100.0,
            "30": 100.0
          }
        },
        "hm": {
          "time": {
            "0": 6.898,
            "10": 6.899,
            "20": 6.916,
            "30": 6.904
          },
          "accuracy": {
            "0": 100.0,
            "10": 100.0,
            "20": 100.0,
            "30": 100.0
          }
        },
        "rhw": {
          "time": {
            "0": 6.854,
            "10": 6.863,
            "20": 6.84,
            "30": 6.883
          },
          "accuracy": {
            "0": 100.0,
            "10": 100.0,
            "20": 100.0,
            "30": 100.0
          }
        },
        "zg": {
          "time": {
            "0": 6.883,
            "10": 6.816,
            "20": 6.894,
            "30": 6.904
          },
          "accuracy": {
            "0": 100.0,
            "10": 100.0,
            "20": 100.0,
            "30": 100.0
          }
        },
        "observations_avg": 6.704761904761905
      },
      "70": {
        "exhaust": {
          "time": {
            "0": 7.013,
            "10": 7.016,
            "20": 7.019,
            "30": 7.098
          },
          "accuracy": {
            "0": 100.0,
            "10": 100.0,
            "20": 100.0,
            "30": 100.0
          }
        },
        "hm": {
          "time": {
            "0": 7.049,
            "10": 7.084,
            "20": 7.097,
            "30": 7.069
          },
          "accuracy": {
            "0": 100.0,
            "10": 100.0,
            "20": 100.0,
            "30": 100.0
          }
        },
        "rhw": {
          "time": {
            "0": 7.04,
            "10": 7.066,
            "20": 7.034,
            "30": 7.062
          },
          "accuracy": {
            "0": 100.0,
            "10": 100.0,
            "20": 100.0,
            "30": 100.0
          }
        },
        "zg": {
          "time": {
            "0": 7.033,
            "10": 7.014,
            "20": 7.05,
            "30": 7.019
          },
          "accuracy": {
            "0": 100.0,
            "10": 100.0,
            "20": 100.0,
            "30": 100.0
          }
        },
        "observations_avg": 9.552380952380952
      },
      "100": {
        "exhaust": {
          "time": {
            "0": 6.865,
            "10": 6.836,
            "20": 6.894,
            "30": 6.848
          },
          "accuracy": {
            "0": 100.0,
            "10": 100.0,
            "20": 100.0,
            "30": 100.0
          }
        },
        "hm": {
          "time": {
            "0": 6.889,
            "10": 6.907,
            "20": 6.996,
            "30": 6.921
          },
          "accuracy": {
            "0": 100.0,
            "10": 100.0,
            "20": 100.0,
            "30": 100.0
          }
        },
        "rhw": {
          "time": {
            "0": 6.887,
            "10": 6.938,
            "20": 6.881,
            "30": 6.996
          },
          "accuracy": {
            "0": 100.0,
            "10": 100.0,
            "20": 100.0,
            "30": 100.0
          }
        },
        "zg": {
          "time": {
            "0": 6.839,
            "10": 6.901,
            "20": 6.865,
            "30": 6.868
          },
          "accuracy": {
            "0": 100.0,
            "10": 100.0,
            "20": 100.0,
            "30": 100.0
          }
        },
        "observations_avg": 13.066666666666666
      }
    },
    "landmarks_avg": {
      "exhaust": 33.06666666666631,
      "hm": 16.533333333333154,
      "rhw": 33.06666666666631,
      "zg": 16.533333333333154
    },
    "spread": {
      "10": {
        "exhaust": {
          "0": 1.2,
          "10": 1.7619047619047619,
          "20": 2.361904761904762,
          "30": 2.780952380952381
        },
        "hm": {
          "0": 1.2,
          "10": 1.7619047619047619,
          "20": 2.361904761904762,
          "30": 2.780952380952381
        },
        "rhw": {
          "0": 1.2,
          "10": 1.7619047619047619,
          "20": 2.361904761904762,
          "30": 2.780952380952381
        },
        "zg": {
          "0": 1.2,
          "10": 1.7619047619047619,
          "20": 2.361904761904762,
          "30": 2.780952380952381
        }
      },
      "30": {
        "exhaust": {
          "0": 1.0,
          "10": 1.0761904761904761,
          "20": 1.2285714285714286,
          "30": 1.638095238095238
        },
        "hm": {
          "0": 1.0,
          "10": 1.0761904761904761,
          "20": 1.2285714285714286,
          "30": 1.638095238095238
        },
        "rhw": {
          "0": 1.0,
          "10": 1.0761904761904761,
          "20": 1.2285714285714286,
          "30": 1.638095238095238
        },
        "zg": {
          "0": 1.0,
          "10": 1.0761904761904761,
          "20": 1.2285714285714286,