{
  "intrusion_detection": {
    "problems": 465,
    "goals_avg": 16.666666666666668,
    "observations": {
      "10": {
        "exhaust": {
          "time": {
            "0": 6.898,
            "10": 6.855
          },
          "accuracy": {
            "0": 67.61904761904762,
            "10": 82.85714285714286
          }
        },
        "hm": {
          "time": {
            "0": 6.934,
            "10": 6.91
          },
          "accuracy": {
            "0": 67.61904761904762,
            "10": 82.85714285714286
          }
        },
        "rhw": {
          "time": {
            "0": 6.872,
            "10": 6.838
          },
          "accuracy": {
            "0": 67.61904761904762,
            "10": 82.85714285714286
          }
        },
        "zg": {
          "time": {
            "0": 6.838,
            "10": 6.872
          },
          "accuracy": {
            "0": 67.61904761904762,
            "10": 82.85714285714286
          }
        },
        "hoffmann": {
          "time": {
            "0": 14.166,
            "10": 14.204
          },
          "accuracy": {
            "0": 67.61904761904762,
            "10": 82.85714285714286
          }
        },
        "observations_avg": 1.9238095238095239
      },
      "30": {
        "exhaust": {
          "time": {
            "0": 6.172,
            "10": 6.183
          },
          "accuracy": {
            "0": 99.04761904761905,
            "10": 99.04761904761905
          }
        },
        "hm": {
          "time": {
            "0": 6.163,
            "10": 6.184
          },
          "accuracy": {
            "0": 99.04761904761905,
            "10": 99.04761904761905
          }
        },
        "rhw": {
          "time": {
            "0": 6.12,
            "10": 6.154
          },
          "accuracy": {
            "0": 99.04761904761905,
            "10": 99.04761904761905
          }
        },
        "zg": {
          "time": {
            "0": 6.077,
            "10": 6.101
          },
          "accuracy": {
            "0": 99.04761904761905,
            "10": 99.04761904761905
          }
        },
        "hoffmann": {
          "time": {
            "0": 12.518,
            "10": 12.397
          },
          "accuracy": {
            "0": 99.04761904761905,
            "10": 99.04761904761905
          }
        },
        "observations_avg": 4.476190476190476
      },
      "50": {
        "exhaust": {
          "time": {
            "0": 8.088,
            "10": 8.058
          },
          "accuracy": {
            "0": 100.0,
            "10": 100.0
          }
        },
        "hm": {
          "time": {
            "0": 8.095,
            "10": 8.066
          },
          "accuracy": {
            "0": 100.0,
            "10": 100.0
          }
        },
        "rhw": {
          "time": {
            "0": 8.043,
            "10": 8.073
          },
          "accuracy": {
            "0": 100.0,
            "10": 100.0
          }
        },
        "zg": {
          "time": {
            "0": 8.051,
            "10": 8.066
          },
          "accuracy": {
            "0": 100.0,
            "10": 100.0
          }
        },
        "hoffmann": {
          "time": {
            "0": 16.954,
            "10": 17.128
          },
          "accuracy": {
            "0": 100.0,
            "10": 100.0
          }
        },
        "observations_avg": 6.704761904761905
      },
      "70": {
        "exhaust": {
          "time": {
            "0": 8.034,
            "10": 8.009
          },
          "accuracy": {
            "0": 100.0,
            "10": 100.0
          }
        },
        "hm": {
          "time": {
            "0": 8.117,
            "10": 8.007
          },
          "accuracy": {
            "0": 100.0,
            "10": 100.0
          }
        },
        "rhw": {
          "time": {
            "0": 8.019,
            "10": 8.023
          },
          "accuracy": {
            "0": 100.0,
            "10": 100.0
          }
        },
        "zg": {
          "time": {
            "0": 7.992,
            "10": 8.057
          },
          "accuracy": {
            "0": 100.0,
            "10": 100.0
          }
        },
        "hoffmann": {
          "time": {
            "0": 16.991,
            "10": 16.949
          },
          "accuracy": {
            "0": 100.0,
            "10": 100.0
          }
        },
        "observations_avg": 9.552380952380952
      },
      "100": {
        "exhaust": {
          "time": {
            "0": 8.088,
            "10": 8.126
          },
          "accuracy": {
            "0": 100.0,
            "10": 100.0
          }
        },
        "hm": {
          "time": {
            "0": 8.215,
            "10": 8.024
          },
          "accuracy": {
            "0": 100.0,
            "10": 100.0
          }
        },
        "rhw": {
          "time": {
            "0": 8.021,
            "10": 8.046
          },
          "accuracy": {
            "0": 100.0,
            "10": 100.0
          }
        },
        "zg": {
          "time": {
            "0": 8.082,
            "10": 8.124
          },
          "accuracy": {
            "0": 100.0,
            "10": 100.0
          }
        },
        "hoffmann": {
          "time": {
            "0": 17.267,
            "10": 17.243
          },
          "accuracy": {
            "0": 100.0,
            "10": 100.0
          }
        },
        "observations_avg": 13.066666666666666
      }
    },
    "landmarks_avg": {
      "exhaust": 33.06666666666683,
      "hm": 16.533333333333417,
      "rhw": 33.06666666666683,
      "zg": 16.533333333333417,
      "hoffmann": 16.533333333333417
    },
    "spread": {
      "10": {
        "exhaust": {
          "0": 1.2,
          "10": 1.7619047619047619
        },
        "hm": {
          "0": 1.2,
          "10": 1.7619047619047619
        },
        "rhw": {
          "0": 1.2,
          "10": 1.7619047619047619
        },
        "zg": {
          "0": 1.2,
          "10": 1.7619047619047619
        },
        "hoffmann": {
          "0": 1.2,
          "10": 1.7619047619047619
        }
      },
      "30": {
        "exhaust": {
          "0": 1.0,
          "10": 1.0761904761904761
        },
        "hm": {
          "0": 1.0,
          "10": 1.0761904761904761
        },
        "rhw": {
          "0": 1.0,
          "10": 1.0761904761904761
        },
        "zg": {
          "0": 1.0,
          "10": 1.0761904761904761
        },
        "hoffmann": {
          "0": 1.0,
          "10": 1.0761904761904761
        }
      },
      "50": {
        "exhaust": {
          "0": 1.0095238095238095,
          "10": 1.019047619047619
        },
        "hm": {
          "0": 1.0095238095238095,
          "10": 1.019047619047619
        },
        "rhw": {
          "0": 1.0095238095238095,
          "10": 1.019047619047619
        },
        "zg": {
          "0": 1.0095238095238095,
          "10": 1.019047619047619
        },
        "hoffmann": {
          "0": 1.0095238095238095,
          "10": 1.019047619047619
        }
      },
      "70": {
        "exhaust": {
          "0": 1.0,
          "10": 1.0
        },
        "hm": {
          "0": 1.0,
          "10": 1.0
        },
        "rhw": {
          "0": 1.0,
          "10": 1.0
        },
        "zg": {
          "0": 1.0,
          "10": 1.0
        },
        "hoffmann": {
          "0": 1.0,
          "10": 1.0
        }
      },
      "100": {
        "exhaust": {
          "0": 1.0,
          "10": 1.0
        },
        "hm": {
          "0": 1.0,
          "10": 1.0
        },
        "rhw": {
          "0": 1.0,
          "10": 1.0
        },
        "zg": {
          "0": 1.0,
          "10": 1.0
        },
        "hoffmann": {
          "0": 1.0,
          "10": 1.0
        }
      }
    }
  }
}