{
  "intrusion_detection": {
    "problems": 465,
    "goals_avg": 16.666666666666668,
    "observations": {
      "10": {
        "exhaust": {
          "time": {
            "0": 5.872,
            "10": 5.852,
            "20": 5.824,
            "30": 5.821
          },
          "accuracy": {
            "0": 67.61904761904762,
            "10": 82.85714285714286,
            "20": 89.52380952380953,
            "30": 100.0
          }
        },
        "hm": {
          "time": {
            "0": 5.904,
            "10": 5.912,
            "20": 5.914,
            "30": 5.859
          },
          "accuracy": {
            "0": 67.61904761904762,
            "10": 82.85714285714286,
            "20": 89.52380952380953,
            "30": 100.0
          }
        },
        "rhw": {
          "time": {
            "0": 5.851,
            "10": 5.857,
            "20": 5.833,
            "30": 5.824
          },
          "accuracy": {
            "0": 67.61904761904762,
            "10": 82.85714285714286,
            "20": 89.52380952380953,
            "30": 100.0
          }
        },
        "zg": {
          "time": {
            "0": 5.862,
            "10": 5.87,
            "20": 5.874,
            "30": 5.879
          },
          "accuracy": {
            "0": 67.61904761904762,
            "10": 82.85714285714286,
            "20": 89.52380952380953,
            "30": 100.0
          }
        },
        "observations_avg": 1.9238095238095239
      },
      "30": {
        "exhaust": {
          "time": {
            "0": 5.402,
            "10": 5.408,
            "20": 5.393,
            "30": 5.404
          },
          "accuracy": {
            "0": 99.04761904761905,
            "10": 99.04761904761905,
            "20": 100.0,
            "30": 100.0
          }
        },
        "hm": {
          "time": {
            "0": 5.412,
            "10": 5.436,
            "20": 5.415,
            "30": 5.435
          },
          "accuracy": {
            "0": 99.04761904761905,
            "10": 99.04761904761905,
            "20": 100.0,
            "30": 100.0
          }
        },
        "rhw": {
          "time": {
            "0": 5.43,
            "10": 5.39,
            "20": 5.403,
            "30": 5.407
          },
          "accuracy": {
            "0": 99.04761904761905,
            "10": 99.04761904761905,
            "20": 100.0,
            "30": 100.0
          }
        },
        "zg": {
          "time": {
            "0": 5.376,
            "10": 5.385,
            "20": 5.41,
            "30": 5.37
          },
          "accuracy": {
            "0": 99.04761904761905,
            "10": 99.04761904761905,
            "20": 100.0,
            "30": 100.0
          }
        },
        "observations_avg": 4.476190476190476
      },
      "50": {
        "exhaust": {
          "time": {
            "0": 6.993,
            "10": 6.958,
            "20": 6.962,
            "30": 6.96
          },
          "accuracy": {
            "0": 100.0,
            "10": 100.0,
            "20": 100.0,
            "30": 100.0
          }
        },
        "hm": {
          "time": {
            "0": 6.992,
            "10": 7.014,
            "20": 7.019,
            "30": 7.008
          },
          "accuracy": {
            "0": 100.0,
            "10": 100.0,
            "20": 100.0,
            "30": 100.0
          }
        },
        "rhw": {
          "time": {
            "0": 6.99,
            "10": 6.971,
            "20": 6.954,
            "30": 6.957
          },
          "accuracy": {
            "0": 100.0,
            "10": 100.0,
            "20": 100.0,
            "30": 100.0
          }
        },
        "zg": {
          "time": {
            "0": 6.954,
            "10": 7.001,
            "20": 6.984,
            "30": 6.963
          },
          "accuracy": {
            "0": 100.0,
            "10": 100.0,
            "20": 100.0,
            "30": 100.0
          }
        },
        "observations_avg": 6.704761904761905
      },
      "70": {
        "exhaust": {
          "time": {
            "0": 6.969,
            "10": 6.978,
            "20": 6.989,
            "30": 6.952
          },
          "accuracy": {
            "0": 100.0,
            "10": 100.0,
            "20": 100.0,
            "30": 100.0
          }
        },
        "hm": {
          "time": {
            "0": 6.995,
            "10": 7.021,
            "20": 7.03,
            "30": 7.012
          },
          "accuracy": {
            "0": 100.0,
            "10": 100.0,
            "20": 100.0,
            "30": 100.0
          }
        },
        "rhw": {
          "time": {
            "0": 6.994,
            "10": 6.974,
            "20": 6.973,
            "30": 6.939
          },
          "accuracy": {
            "0": 100.0,
            "10": 100.0,
            "20": 100.0,
            "30": 100.0
          }
        },
        "zg": {
          "time": {
            "0": 6.958,
            "10": 6.948,
            "20": 6.951,
            "30": 6.937
          },
          "accuracy": {
            "0": 100.0,
            "10": 100.0,
            "20": 100.0,
            "30": 100.0
          }
        },
        "observations_avg": 9.552380952380952
      },
      "100": {
        "exhaust": {
          "time": {
            "0": 7.107,
            "10": 7.125,
            "20": 7.137,
            "30": 7.112
          },
          "accuracy": {
            "0": 100.0,
            "10": 100.0,
            "20": 100.0,
            "30": 100.0
          }
        },
        "hm": {
          "time": {
            "0": 7.117,
            "10": 7.116,
            "20": 7.136,
            "30": 7.2
          },
          "accuracy": {
            "0": 100.0,
            "10": 100.0,
            "20": 100.0,
            "30": 100.0
          }
        },
        "rhw": {
          "time": {
            "0": 7.075,
            "10": 7.084,
            "20": 7.09,
            "30": 7.137
          },
          "accuracy": {
            "0": 100.0,
            "10": 100.0,
            "20": 100.0,
            "30": 100.0
          }
        },
        "zg": {
          "time": {
            "0": 7.077,
            "10": 7.037,
            "20": 7.112,
            "30": 7.09
          },
          "accuracy": {
            "0": 100.0,
            "10": 100.0,
            "20": 100.0,
            "30": 100.0
          }
        },
        "observations_avg": 13.066666666666666
      }
    },
    "landmarks_avg": {
      "exhaust": 33.06666666666631,
      "hm": 16.533333333333154,
      "rhw": 33.06666666666631,
      "zg": 16.533333333333154
    }
  }
}