{
  "intrusion_detection": {
    "problems": 465,
    "goals_avg": 16.666666666666668,
    "observations": {
      "10": {
        "exhaust": {
          "time": {
            "0": 11.343,
            "10": 11.227,
            "20": 11.326,
            "30": 11.169
          },
          "accuracy": {
            "0": 67.61904761904762,
            "10": 82.85714285714286,
            "20": 89.52380952380953,
            "30": 100.0
          }
        },
        "hm": {
          "time": {
            "0": 11.315,
            "10": 11.364,
            "20": 11.313,
            "30": 11.371
          },
          "accuracy": {
            "0": 67.61904761904762,
            "10": 82.85714285714286,
            "20": 89.52380952380953,
            "30": 100.0
          }
        },
        "rhw": {
          "time": {
            "0": 11.32,
            "10": 11.271,
            "20": 11.267,
            "30": 11.243
          },
          "accuracy": {
            "0": 67.61904761904762,
            "10": 82.85714285714286,
            "20": 89.52380952380953,
            "30": 100.0
          }
        },
        "zg": {
          "time": {
            "0": 11.22,
            "10": 11.226,
            "20": 11.224,
            "30": 11.257
          },
          "accuracy": {
            "0": 67.61904761904762,
            "10": 82.85714285714286,
            "20": 89.52380952380953,
            "30": 100.0
          }
        },
        "observations_avg": 1.9238095238095239
      },
      "30": {
        "exhaust": {
          "time": {
            "0": 7.662,
            "10": 7.674,
            "20": 7.631,
            "30": 7.633
          },
          "accuracy": {
            "0": 99.04761904761905,
            "10": 99.04761904761905,
            "20": 100.0,
            "30": 100.0
          }
        },
        "hm": {
          "time": {
            "0": 7.723,
            "10": 7.721,
            "20": 7.679,
            "30": 7.74
          },
          "accuracy": {
            "0": 99.04761904761905,
            "10": 99.04761904761905,
            "20": 100.0,
            "30": 100.0
          }
        },
        "rhw": {
          "time": {
            "0": 7.683,
            "10": 7.685,
            "20": 7.688,
            "30": 7.682
          },
          "accuracy": {
            "0": 99.04761904761905,
            "10": 99.04761904761905,
            "20": 100.0,
            "30": 100.0
          }
        },
        "zg": {
          "time": {
            "0": 7.68,
            "10": 7.655,
            "20": 7.686,
            "30": 7.693
          },
          "accuracy": {
            "0": 99.04761904761905,
            "10": 99.04761904761905,
            "20": 100.0,
            "30": 100.0
          }
        },
        "observations_avg": 4.476190476190476
      },
      "50": {
        "exhaust": {
          "time": {
            "0": 20.514,
            "10": 20.522,
            "20": 20.72,
            "30": 20.743
          },
          "accuracy": {
            "0": 100.0,
            "10": 100.0,
            "20": 100.0,
            "30": 100.0
          }
        },
        "hm": {
          "time": {
            "0": 20.753,
            "10": 20.817,
            "20": 20.687,
            "30": 20.745
          },
          "accuracy": {
            "0": 100.0,
            "10": 100.0,
            "20": 100.0,
            "30": 100.0
          }
        },
        "rhw": {
          "time": {
            "0": 20.529,
            "10": 20.578,
            "20": 20.745,
            "30": 20.7
          },
          "accuracy": {
            "0": 100.0,
            "10": 100.0,
            "20": 100.0,
            "30": 100.0
          }
        },
        "zg": {
          "time": {
            "0": 20.517,
            "10": 20.6,
            "20": 20.559,
            "30": 20.617
          },
          "accuracy": {
            "0": 100.0,
            "10": 100.0,
            "20": 100.0,
            "30": 100.0
          }
        },
        "observations_avg": 6.704761904761905
      },
      "70": {
        "exhaust": {
          "time": {
            "0": 16.197,
            "10": 16.12,
            "20": 16.108,
            "30": 16.203
          },
          "accuracy": {
            "0": 100.0,
            "10": 100.0,
            "20": 100.0,
            "30": 100.0
          }
        },
        "hm": {
          "time": {
            "0": 16.351,
            "10": 16.258,
            "20": 16.27,
            "30": 16.276
          },
          "accuracy": {
            "0": 100.0,
            "10": 100.0,
            "20": 100.0,
            "30": 100.0
          }
        },
        "rhw": {
          "time": {
            "0": 16.086,
            "10": 16.128,
            "20": 16.156,
            "30": 16.13
          },
          "accuracy": {
            "0": 100.0,
            "10": 100.0,
            "20": 100.0,
            "30": 100.0
          }
        },
        "zg": {
          "time": {
            "0": 16.203,
            "10": 16.197,
            "20": 16.183,
            "30": 16.103
          },
          "accuracy": {
            "0": 100.0,
            "10": 100.0,
            "20": 100.0,
            "30": 100.0
          }
        },
        "observations_avg": 9.552380952380952
      },
      "100": {
        "exhaust": {
          "time": {
            "0": 9.309,
            "10": 9.386,
            "20": 9.361,
            "30": 9.359
          },
          "accuracy": {
            "0": 100.0,
            "10": 100.0,
            "20": 100.0,
            "30": 100.0
          }
        },
        "hm": {
          "time": {
            "0": 9.288,
            "10": 9.478,
            "20": 9.375,
            "30": 9.507
          },
          "accuracy": {
            "0": 100.0,
            "10": 100.0,
            "20": 100.0,
            "30": 100.0
          }
        },
        "rhw": {
          "time": {
            "0": 9.36,
            "10": 9.287,
            "20": 9.346,
            "30": 9.423
          },
          "accuracy": {
            "0": 100.0,
            "10": 100.0,
            "20": 100.0,
            "30": 100.0
          }
        },
        "zg": {
          "time": {
            "0": 9.291,
            "10": 9.354,
            "20": 9.284,
            "30": 9.321
          },
          "accuracy": {
            "0": 100.0,
            "10": 100.0,
            "20": 100.0,
            "30": 100.0
          }
        },
        "observations_avg": 13.066666666666666
      }
    },
    "landmarks_avg": {
      "exhaust": 33.06666666666631,
      "hm": 16.533333333333154,
      "rhw": 33.06666666666631,
      "zg": 16.533333333333154
    },
    "spread": {
      "10": {
        "exhaust": {
          "0": 1.2,
          "10": 1.7619047619047619,
          "20": 2.361904761904762,
          "30": 2.780952380952381
        },
        "hm": {
          "0": 1.2,
          "10": 1.7619047619047619,
          "20": 2.361904761904762,
          "30": 2.780952380952381
        },
        "rhw": {
          "0": 1.2,
          "10": 1.7619047619047619,
          "20": 2.361904761904762,
          "30": 2.780952380952381
        },
        "zg": {
          "0": 1.2,
          "10": 1.7619047619047619,
          "20": 2.361904761904762,
          "30": 2.780952380952381
        }
      },
      "30": {
        "exhaust": {
          "0": 1.0,
          "10": 1.0761904761904761,
          "20": 1.2285714285714286,
          "30": 1.638095238095238
        },
        "hm": {
          "0": 1.0,
          "10": 1.0761904761904761,
          "20": 1.2285714285714286,
          "30": 1.638095238095238
        },
        "rhw": {
          "0": 1.0,
          "10": 1.0761904761904761,
          "20": 1.2285714285714286,
          "30": 1.638095238095238
        },
        "zg": {
          "0": 1.0,
          "10": 1.0761904761904761,