{
  "intrusion_detection": {
    "problems": 465,
    "goals_avg": 16.666666666666668,
    "observations": {
      "10": {
        "exhaust": {
          "time": {
            "0": 5.657,
            "10": 5.664,
            "20": 5.666,
            "30": 5.663
          },
          "accuracy": {
            "0": 42.857142857142854,
            "10": 49.523809523809526,
            "20": 58.0952380952381,
            "30": 68.57142857142857
          }
        },
        "hm": {
          "time": {
            "0": 5.703,
            "10": 5.736,
            "20": 5.682,
            "30": 5.682
          },
          "accuracy": {
            "0": 42.857142857142854,
            "10": 49.523809523809526,
            "20": 58.0952380952381,
            "30": 68.57142857142857
          }
        },
        "rhw": {
          "time": {
            "0": 5.683,
            "10": 5.638,
            "20": 5.653,
            "30": 5.632
          },
          "accuracy": {
            "0": 42.857142857142854,
            "10": 49.523809523809526,
            "20": 58.0952380952381,
            "30": 68.57142857142857
          }
        },
        "zg": {
          "time": {
            "0": 5.613,
            "10": 5.643,
            "20": 5.661,
            "30": 5.653
          },
          "accuracy": {
            "0": 42.857142857142854,
            "10": 49.523809523809526,
            "20": 58.0952380952381,
            "30": 68.57142857142857
          }
        },
        "observations_avg": 1.9238095238095239
      },
      "30": {
        "exhaust": {
          "time": {
            "0": 5.27,
            "10": 5.281,
            "20": 5.274,
            "30": 5.296
          },
          "accuracy": {
            "0": 77.14285714285715,
            "10": 80.95238095238095,
            "20": 84.76190476190476,
            "30": 87.61904761904762
          }
        },
        "hm": {
          "time": {
            "0": 5.305,
            "10": 5.29,
            "20": 5.289,
            "30": 5.315
          },
          "accuracy": {
            "0": 77.14285714285715,
            "10": 80.95238095238095,
            "20": 84.76190476190476,
            "30": 87.61904761904762
          }
        },
        "rhw": {
          "time": {
            "0": 5.282,
            "10": 5.281,
            "20": 5.282,
            "30": 5.279
          },
          "accuracy": {
            "0": 77.14285714285715,
            "10": 80.95238095238095,
            "20": 84.76190476190476,
            "30": 87.61904761904762
          }
        },
        "zg": {
          "time": {
            "0": 5.276,
            "10": 5.277,
            "20": 5.268,
            "30": 5.274
          },
          "accuracy": {
            "0": 77.14285714285715,
            "10": 80.95238095238095,
            "20": 84.76190476190476,
            "30": 87.61904761904762
          }
        },
        "observations_avg": 4.476190476190476
      },
      "50": {
        "exhaust": {
          "time": {
            "0": 6.696,
            "10": 6.686,
            "20": 6.68,
            "30": 6.695
          },
          "accuracy": {
            "0": 83.80952380952381,
            "10": 88.57142857142857,
            "20": 92.38095238095238,
            "30": 92.38095238095238
          }
        },
        "hm": {
          "time": {
            "0": 6.71,
            "10": 6.747,
            "20": 6.678,
            "30": 6.73
          },
          "accuracy": {
            "0": 83.80952380952381,
            "10": 88.57142857142857,
            "20": 92.38095238095238,
            "30": 92.38095238095238
          }
        },
        "rhw": {
          "time": {
            "0": 6.71,
            "10": 6.692,
            "20": 6.71,
            "30": 6.696
          },
          "accuracy": {
            "0": 83.80952380952381,
            "10": 88.57142857142857,
            "20": 92.38095238095238,
            "30": 92.38095238095238
          }
        },
        "zg": {
          "time": {
            "0": 6.724,
            "10": 6.731,
            "20": 6.679,
            "30": 6.683
          },
          "accuracy": {
            "0": 83.80952380952381,
            "10": 88.57142857142857,
            "20": 92.38095238095238,
            "30": 92.38095238095238
          }
        },
        "observations_avg": 6.704761904761905
      },
      "70": {
        "exhaust": {
          "time": {
            "0": 6.704,
            "10": 6.709,
            "20": 6.69,
            "30": 6.703
          },
          "accuracy": {
            "0": 91.42857142857143,
            "10": 92.38095238095238,
            "20": 93.33333333333333,
            "30": 93.33333333333333
          }
        },
        "hm": {
          "time": {
            "0": 6.747,
            "10": 6.726,
            "20": 6.719,
            "30": 6.713
          },
          "accuracy": {
            "0": 91.42857142857143,
            "10": 92.38095238095238,
            "20": 93.33333333333333,
            "30": 93.33333333333333
          }
        },
        "rhw": {
          "time": {
            "0": 6.69,
            "10": 6.72,
            "20": 6.702,
            "30": 6.723
          },
          "accuracy": {
            "0": 91.42857142857143,
            "10": 92.38095238095238,
            "20": 93.33333333333333,
            "30": 93.33333333333333
          }
        },
        "zg": {
          "time": {
            "0": 6.712,
            "10": 6.663,
            "20": 6.672,
            "30": 6.693
          },
          "accuracy": {
            "0": 91.42857142857143,
            "10": 92.38095238095238,
            "20": 93.33333333333333,
            "30": 93.33333333333333
          }
        },
        "observations_avg": 9.552380952380952
      },
      "100": {
        "exhaust": {
          "time": {
            "0": 6.824,
            "10": 6.86,
            "20": 6.812,
            "30": 6.806
          },
          "accuracy": {
            "0": 93.33333333333333,
            "10": 97.77777777777777,
            "20": 97.77777777777777,
            "30": 97.77777777777777
          }
        },
        "hm": {
          "time": {
            "0": 6.89,
            "10": 6.858,
            "20": 6.825,
            "30": 6.838
          },
          "accuracy": {
            "0": 93.33333333333333,
            "10": 97.77777777777777,
            "20": 97.77777777777777,
            "30": 97.77777777777777
          }
        },
        "rhw": {
          "time": {
            "0": 6.858,
            "10": 6.875,
            "20": 6.839,
            "30": 6.84
          },
          "accuracy": {
            "0": 93.33333333333333,
            "10": 97.77777777777777,
            "20": 97.77777777777777,
            "30": 97.77777777777777
          }
        },
        "zg": {
          "time": {
            "0": 6.833,
            "10": 6.814,
            "20": 6.813,
            "30": 6.791
          },
          "accuracy": {
            "0": 93.33333333333333,
            "10": 97.77777777777777,
            "20": 97.77777777777777,
            "30": 97.77777777777777
          }
        },
        "observations_avg": 13.066666666666666
      }
    },
    "landmarks_avg": {
      "exhaust": 33.06666666666631,
      "hm": 16.533333333333154,
      "rhw": 33.06666666666631,
      "zg": 16.533333333333154
    },
    "spread": {
      "10": {
        "exhaust": {
          "0": 1.0,
          "10": 1.3047619047619048,
          "20": 1.5714285714285714,
          "30": 1.9619047619047618
        },
        "hm": {
          "0": 1.0,
          "10": 1.3047619047619048,
          "20": 1.5714285714285714,
          "30": 1.9619047619047618
        },
        "rhw": {
          "0": 1.0,
          "10": 1.3047619047619048,
          "20": 1.5714285714285714,
          "30": 1.9619047619047618
        },
        "zg": {
          "0": 1.0,