{
  "easy_ipc_grid": {
    "problems": 673,
    "goals_avg": 8.662704309063892,
    "observations": {
      "10": {
        "exhaust": {
          "time": {
            "0": 4.098,
            "10": 4.115,
            "20": 4.098,
            "30": 4.114
          },
          "accuracy": {
            "0": 75.81699346405229,
            "10": 88.23529411764706,
            "20": 94.11764705882352,
            "30": 95.42483660130719
          }
        },
        "hm": {
          "time": {
            "0": 8.996,
            "10": 9.0,
            "20": 8.994,
            "30": 8.98
          },
          "accuracy": {
            "0": 67.3202614379085,
            "10": 71.89542483660131,
            "20": 77.77777777777779,
            "30": 83.66013071895425
          }
        },
        "rhw": {
          "time": {
            "0": 4.133,
            "10": 4.123,
            "20": 4.122,
            "30": 4.123
          },
          "accuracy": {
            "0": 58.16993464052288,
            "10": 62.091503267973856,
            "20": 68.62745098039215,
            "30": 76.47058823529412
          }
        },
        "zg": {
          "time": {
            "0": 4.123,
            "10": 4.138,
            "20": 4.148,
            "30": 4.139
          },
          "accuracy": {
            "0": 67.3202614379085,
            "10": 71.89542483660131,
            "20": 77.77777777777779,
            "30": 83.66013071895425
          }
        },
        "observations_avg": 2.7973856209150325
      },
      "30": {
        "exhaust": {
          "time": {
            "0": 4.008,
            "10": 4.01,
            "20": 4.012,
            "30": 4.027
          },
          "accuracy": {
            "0": 90.19607843137256,
            "10": 94.11764705882352,
            "20": 97.38562091503267,
            "30": 98.0392156862745
          }
        },
        "hm": {
          "time": {
            "0": 8.813,
            "10": 8.821,
            "20": 8.803,
            "30": 8.822
          },
          "accuracy": {
            "0": 77.77777777777779,
            "10": 84.9673202614379,
            "20": 92.81045751633987,
            "30": 96.73202614379085
          }
        },
        "rhw": {
          "time": {
            "0": 4.045,
            "10": 4.029,
            "20": 4.048,
            "30": 4.029
          },
          "accuracy": {
            "0": 71.24183006535948,
            "10": 77.77777777777779,
            "20": 86.27450980392157,
            "30": 90.84967320261438
          }
        },
        "zg": {
          "time": {
            "0": 4.028,
            "10": 4.048,
            "20": 4.036,
            "30": 4.042
          },
          "accuracy": {
            "0": 77.77777777777779,
            "10": 84.9673202614379,
            "20": 92.81045751633987,
            "30": 96.73202614379085
          }
        },
        "observations_avg": 7.490196078431373
      },
      "50": {
        "exhaust": {
          "time": {
            "0": 5.192,
            "10": 5.218,
            "20": 5.229,
            "30": 5.221
          },
          "accuracy": {
            "0": 96.07843137254902,
            "10": 99.34640522875817,
            "20": 99.34640522875817,
            "30": 99.34640522875817
          }
        },
        "hm": {
          "time": {
            "0": 10.959,
            "10": 10.938,
            "20": 10.968,
            "30": 10.923
          },
          "accuracy": {
            "0": 86.9281045751634,
            "10": 95.42483660130719,
            "20": 97.38562091503267,
            "30": 98.69281045751634
          }
        },
        "rhw": {
          "time": {
            "0": 5.237,
            "10": 5.23,
            "20": 5.221,
            "30": 5.24
          },
          "accuracy": {
            "0": 86.27450980392157,
            "10": 94.11764705882352,
            "20": 96.07843137254902,
            "30": 97.38562091503267
          }
        },
        "zg": {
          "time": {
            "0": 5.281,
            "10": 5.247,
            "20": 5.26,
            "30": 5.234
          },
          "accuracy": {
            "0": 86.9281045751634,
            "10": 95.42483660130719,
            "20": 97.38562091503267,
            "30": 98.69281045751634
          }
        },
        "observations_avg": 12.019607843137255
      },
      "70": {
        "exhaust": {
          "time": {
            "0": 4.677,
            "10": 4.694,
            "20": 4.65,
            "30": 4.715
          },
          "accuracy": {
            "0": 98.69281045751634,
            "10": 100.0,
            "20": 100.0,
            "30": 100.0
          }
        },
        "hm": {
          "time": {
            "0": 10.062,
            "10": 10.036,
            "20": 10.036,
            "30": 10.0
          },
          "accuracy": {
            "0": 93.4640522875817,
            "10": 99.34640522875817,
            "20": 100.0,
            "30": 100.0
          }
        },
        "rhw": {
          "time": {
            "0": 4.721,
            "10": 4.698,
            "20": 4.718,
            "30": 4.74
          },
          "accuracy": {
            "0": 92.15686274509804,
            "10": 98.0392156862745,
            "20": 99.34640522875817,
            "30": 100.0
          }
        },
        "zg": {
          "time": {
            "0": 4.723,
            "10": 4.751,
            "20": 4.756,
            "30": 4.749
          },
          "accuracy": {
            "0": 93.4640522875817,
            "10": 99.34640522875817,
            "20": 100.0,
            "30": 100.0
          }
        },
        "observations_avg": 17.15686274509804
      },
      "100": {
        "exhaust": {
          "time": {
            "0": 4.947,
            "10": 4.94,
            "20": 5.003,
            "30": 4.971
          },
          "accuracy": {
            "0": 100.0,
            "10": 100.0,
            "20": 100.0,
            "30": 100.0
          }
        },
        "hm": {
          "time": {
            "0": 9.821,
            "10": 9.831,
            "20": 9.914,
            "30": 9.851
          },
          "accuracy": {
            "0": 100.0,
            "10": 100.0,
            "20": 100.0,
            "30": 100.0
          }
        },
        "rhw": {
          "time": {
            "0": 4.954,
            "10": 4.973,
            "20": 5.015,
            "30": 5.023
          },
          "accuracy": {
            "0": 100.0,
            "10": 100.0,
            "20": 100.0,
            "30": 100.0
          }
        },
        "zg": {
          "time": {
            "0": 5.005,
            "10": 4.988,
            "20": 4.998,
            "30": 5.035
          },
          "accuracy": {
            "0": 100.0,
            "10": 100.0,
            "20": 100.0,
            "30": 100.0
          }
        },
        "observations_avg": 21.83606557377049
      }
    },
    "landmarks_avg": {
      "exhaust": 34.575631500742766,
      "hm": 12.902228826151658,
      "rhw": 12.483803863298883,
      "zg": 12.902228826151658
    }
  }
}