{
  "easy_ipc_grid": {
    "problems": 673,
    "goals_avg": 8.662704309063892,
    "observations": {
      "10": {
        "exhaust": {
          "time": {
            "0": 4.207,
            "10": 4.198,
            "20": 4.185,
            "30": 4.184
          },
          "accuracy": {
            "0": 75.81699346405229,
            "10": 88.23529411764706,
            "20": 94.11764705882352,
            "30": 95.42483660130719
          }
        },
        "hm": {
          "time": {
            "0": 9.115,
            "10": 9.117,
            "20": 9.113,
            "30": 9.111
          },
          "accuracy": {
            "0": 67.3202614379085,
            "10": 71.89542483660131,
            "20": 77.77777777777779,
            "30": 83.66013071895425
          }
        },
        "rhw": {
          "time": {
            "0": 4.211,
            "10": 4.216,
            "20": 4.22,
            "30": 4.215
          },
          "accuracy": {
            "0": 58.16993464052288,
            "10": 62.091503267973856,
            "20": 68.62745098039215,
            "30": 76.47058823529412
          }
        },
        "zg": {
          "time": {
            "0": 4.217,
            "10": 4.212,
            "20": 4.213,
            "30": 4.208
          },
          "accuracy": {
            "0": 67.3202614379085,
            "10": 71.89542483660131,
            "20": 77.77777777777779,
            "30": 83.66013071895425
          }
        },
        "observations_avg": 2.7973856209150325
      },
      "30": {
        "exhaust": {
          "time": {
            "0": 4.093,
            "10": 4.085,
            "20": 4.077,
            "30": 4.066
          },
          "accuracy": {
            "0": 90.19607843137256,
            "10": 94.11764705882352,
            "20": 97.38562091503267,
            "30": 98.0392156862745
          }
        },
        "hm": {
          "time": {
            "0": 8.917,
            "10": 8.928,
            "20": 8.911,
            "30": 8.902
          },
          "accuracy": {
            "0": 77.77777777777779,
            "10": 84.9673202614379,
            "20": 92.81045751633987,
            "30": 96.73202614379085
          }
        },
        "rhw": {
          "time": {
            "0": 4.119,
            "10": 4.092,
            "20": 4.106,
            "30": 4.095
          },
          "accuracy": {
            "0": 71.24183006535948,
            "10": 77.77777777777779,
            "20": 86.27450980392157,
            "30": 90.84967320261438
          }
        },
        "zg": {
          "time": {
            "0": 4.09,
            "10": 4.109,
            "20": 4.108,
            "30": 4.093
          },
          "accuracy": {
            "0": 77.77777777777779,
            "10": 84.9673202614379,
            "20": 92.81045751633987,
            "30": 96.73202614379085
          }
        },
        "observations_avg": 7.490196078431373
      },
      "50": {
        "exhaust": {
          "time": {
            "0": 5.458,
            "10": 5.471,
            "20": 5.443,
            "30": 5.423
          },
          "accuracy": {
            "0": 96.07843137254902,
            "10": 99.34640522875817,
            "20": 99.34640522875817,
            "30": 99.34640522875817
          }
        },
        "hm": {
          "time": {
            "0": 11.365,
            "10": 11.403,
            "20": 11.349,
            "30": 11.407
          },
          "accuracy": {
            "0": 86.9281045751634,
            "10": 95.42483660130719,
            "20": 97.38562091503267,
            "30": 98.69281045751634
          }
        },
        "rhw": {
          "time": {
            "0": 5.491,
            "10": 5.481,
            "20": 5.472,
            "30": 5.471
          },
          "accuracy": {
            "0": 86.27450980392157,
            "10": 94.11764705882352,
            "20": 96.07843137254902,
            "30": 97.38562091503267
          }
        },
        "zg": {
          "time": {
            "0": 5.504,
            "10": 5.458,
            "20": 5.503,
            "30": 5.481
          },
          "accuracy": {
            "0": 86.9281045751634,
            "10": 95.42483660130719,
            "20": 97.38562091503267,
            "30": 98.69281045751634
          }
        },
        "observations_avg": 12.019607843137255
      },
      "70": {
        "exhaust": {
          "time": {
            "0": 4.884,
            "10": 4.869,
            "20": 4.859,
            "30": 4.863
          },
          "accuracy": {
            "0": 98.69281045751634,
            "10": 100.0,
            "20": 100.0,
            "30": 100.0
          }
        },
        "hm": {
          "time": {
            "0": 10.38,
            "10": 10.33,
            "20": 10.384,
            "30": 10.363
          },
          "accuracy": {
            "0": 93.4640522875817,
            "10": 99.34640522875817,
            "20": 100.0,
            "30": 100.0
          }
        },
        "rhw": {
          "time": {
            "0": 4.886,
            "10": 4.925,
            "20": 4.894,
            "30": 4.909
          },
          "accuracy": {
            "0": 92.15686274509804,
            "10": 98.0392156862745,
            "20": 99.34640522875817,
            "30": 100.0
          }
        },
        "zg": {
          "time": {
            "0": 4.905,
            "10": 4.897,
            "20": 4.92,
            "30": 4.922
          },
          "accuracy": {
            "0": 93.4640522875817,
            "10": 99.34640522875817,
            "20": 100.0,
            "30": 100.0
          }
        },
        "observations_avg": 17.15686274509804
      },
      "100": {
        "exhaust": {
          "time": {
            "0": 5.254,
            "10": 5.21,
            "20": 5.24,
            "30": 5.262
          },
          "accuracy": {
            "0": 100.0,
            "10": 100.0,
            "20": 100.0,
            "30": 100.0
          }
        },
        "hm": {
          "time": {
            "0": 10.363,
            "10": 10.356,
            "20": 10.38,
            "30": 10.477
          },
          "accuracy": {
            "0": 100.0,
            "10": 100.0,
            "20": 100.0,
            "30": 100.0
          }
        },
        "rhw": {
          "time": {
            "0": 5.261,
            "10": 5.243,
            "20": 5.239,
            "30": 5.282
          },
          "accuracy": {
            "0": 100.0,
            "10": 100.0,
            "20": 100.0,
            "30": 100.0
          }
        },
        "zg": {
          "time": {
            "0": 5.253,
            "10": 5.298,
            "20": 5.289,
            "30": 5.305
          },
          "accuracy": {
            "0": 100.0,
            "10": 100.0,
            "20": 100.0,
            "30": 100.0
          }
        },
        "observations_avg": 21.83606557377049
      }
    },
    "landmarks_avg": {
      "exhaust": 34.575631500742766,
      "hm": 12.902228826151658,
      "rhw": 12.483803863298883,
      "zg": 12.902228826151658
    }
  }
}