{
  "easy_ipc_grid": {
    "problems": 673,
    "goals_avg": 8.662704309063892,
    "observations": {
      "10": {
        "exhaust": {
          "time": {
            "0": 5.874,
            "10": 5.909,
            "20": 5.902,
            "30": 5.884
          },
          "accuracy": {
            "0": 33.33333333333333,
            "10": 69.93464052287581,
            "20": 95.42483660130719,
            "30": 100.0
          }
        },
        "hm": {
          "time": {
            "0": 12.356,
            "10": 12.321,
            "20": 12.358,
            "30": 12.377
          },
          "accuracy": {
            "0": 59.47712418300654,
            "10": 70.58823529411765,
            "20": 81.69934640522875,
            "30": 87.58169934640523
          }
        },
        "rhw": {
          "time": {
            "0": 5.862,
            "10": 5.939,
            "20": 5.874,
            "30": 5.895
          },
          "accuracy": {
            "0": 48.36601307189542,
            "10": 58.16993464052288,
            "20": 67.97385620915033,
            "30": 81.04575163398692
          }
        },
        "zg": {
          "time": {
            "0": 5.886,
            "10": 5.894,
            "20": 5.932,
            "30": 5.883
          },
          "accuracy": {
            "0": 59.47712418300654,
            "10": 70.58823529411765,
            "20": 81.69934640522875,
            "30": 87.58169934640523
          }
        },
        "observations_avg": 2.7973856209150325
      },
      "30": {
        "exhaust": {
          "time": {
            "0": 5.043,
            "10": 5.087,
            "20": 5.047,
            "30": 5.086
          },
          "accuracy": {
            "0": 80.3921568627451,
            "10": 99.34640522875817,
            "20": 100.0,
            "30": 100.0
          }
        },
        "hm": {
          "time": {
            "0": 10.762,
            "10": 10.752,
            "20": 10.678,
            "30": 10.687
          },
          "accuracy": {
            "0": 77.12418300653596,
            "10": 89.54248366013073,
            "20": 94.77124183006535,
            "30": 98.69281045751634
          }
        },
        "rhw": {
          "time": {
            "0": 5.052,
            "10": 5.046,
            "20": 5.127,
            "30": 5.081
          },
          "accuracy": {
            "0": 69.93464052287581,
            "10": 81.69934640522875,
            "20": 87.58169934640523,
            "30": 94.11764705882352
          }
        },
        "zg": {
          "time": {
            "0": 5.061,
            "10": 5.217,
            "20": 5.12,
            "30": 5.088
          },
          "accuracy": {
            "0": 77.12418300653596,
            "10": 89.54248366013073,
            "20": 94.77124183006535,
            "30": 98.69281045751634
          }
        },
        "observations_avg": 7.490196078431373
      },
      "50": {
        "exhaust": {
          "time": {
            "0": 16.14,
            "10": 16.089,
            "20": 16.063,
            "30": 16.096
          },
          "accuracy": {
            "0": 95.42483660130719,
            "10": 100.0,
            "20": 100.0,
            "30": 100.0
          }
        },
        "hm": {
          "time": {
            "0": 32.94,
            "10": 33.027,
            "20": 32.943,
            "30": 32.958
          },
          "accuracy": {
            "0": 88.88888888888889,
            "10": 96.73202614379085,
            "20": 99.34640522875817,
            "30": 100.0
          }
        },
        "rhw": {
          "time": {
            "0": 16.111,
            "10": 16.042,
            "20": 16.059,
            "30": 16.161
          },
          "accuracy": {
            "0": 86.9281045751634,
            "10": 94.77124183006535,
            "20": 98.0392156862745,
            "30": 98.69281045751634
          }
        },
        "zg": {
          "time": {
            "0": 16.073,
            "10": 16.242,
            "20": 16.18,
            "30": 16.111
          },
          "accuracy": {
            "0": 88.88888888888889,
            "10": 96.73202614379085,
            "20": 99.34640522875817,
            "30": 100.0
          }
        },
        "observations_avg": 12.019607843137255
      },
      "70": {
        "exhaust": {
          "time": {
            "0": 10.144,
            "10": 10.147,
            "20": 10.04,
            "30": 10.016
          },
          "accuracy": {
            "0": 98.69281045751634,
            "10": 100.0,
            "20": 100.0,
            "30": 100.0
          }
        },
        "hm": {
          "time": {
            "0": 20.173,
            "10": 20.027,
            "20": 20.033,
            "30": 20.071
          },
          "accuracy": {
            "0": 96.07843137254902,
            "10": 99.34640522875817,
            "20": 100.0,
            "30": 100.0
          }
        },
        "rhw": {
          "time": {
            "0": 10.166,
            "10": 10.137,
            "20": 10.091,
            "30": 10.1
          },
          "accuracy": {
            "0": 94.77124183006535,
            "10": 98.69281045751634,
            "20": 100.0,
            "30": 100.0
          }
        },
        "zg": {
          "time": {
            "0": 10.227,
            "10": 10.139,
            "20": 10.117,
            "30": 10.114
          },
          "accuracy": {
            "0": 96.07843137254902,
            "10": 99.34640522875817,
            "20": 100.0,
            "30": 100.0
          }
        },
        "observations_avg": 17.15686274509804
      },
      "100": {
        "exhaust": {
          "time": {
            "0": 7.904,
            "10": 7.931,
            "20": 7.919,
            "30": 7.929
          },
          "accuracy": {
            "0": 100.0,
            "10": 100.0,
            "20": 100.0,
            "30": 100.0
          }
        },
        "hm": {
          "time": {
            "0": 14.697,
            "10": 14.789,
            "20": 14.876,
            "30": 15.061
          },
          "accuracy": {
            "0": 100.0,
            "10": 100.0,
            "20": 100.0,
            "30": 100.0
          }
        },
        "rhw": {
          "time": {
            "0": 7.918,
            "10": 7.941,
            "20": 7.967,
            "30": 8.047
          },
          "accuracy": {
            "0": 100.0,
            "10": 100.0,
            "20": 100.0,
            "30": 100.0
          }
        },
        "zg": {
          "time": {
            "0": 7.964,
            "10": 7.978,
            "20": 8.084,
            "30": 8.057
          },
          "accuracy": {
            "0": 100.0,
            "10": 100.0,
            "20": 100.0,
            "30": 100.0
          }
        },
        "observations_avg": 21.83606557377049
      }
    },
    "landmarks_avg": {
      "exhaust": 34.575631500742766,
      "hm": 12.902228826151658,
      "rhw": 12.483803863298883,
      "zg": 12.902228826151658
    },
    "spread": {
      "10": {
        "exhaust": {
          "0": 1.6862745098039216,
          "10": 4.0130718954248366,
          "20": 6.372549019607843,
          "30": 8.013071895424837
        },
        "hm": {
          "0": 1.7843137254901962,
          "10": 2.496732026143791,
          "20": 3.5555555555555554,
          "30": 4.73202614379085
        },
        "rhw": {
          "0": 1.3660130718954249,
          "10": 2.019607843137255,
          "20": 3.1241830065359477,
          "30": 4.215686274509804
        },
        "zg": {
          "0": 1.7843137254901962,
          "10": 2.496732026143791,
          "20": 3.5555555555555554,
          "30": 4.73202614379085
        }
      },
      "30": {
        "exhaust": {
          "0": 1.34640522875817,
          "10": 3.65359477124183,
          "20": 6.437908496732026,
          "30": 7.869281045751634
        },