{
  "easy_ipc_grid": {
    "problems": 673,
    "goals_avg": 8.662704309063892,
    "observations": {
      "10": {
        "exhaust": {
          "time": {
            "0": 4.778,
            "10": 4.786
          },
          "accuracy": {
            "0": 33.33333333333333,
            "10": 69.93464052287581
          }
        },
        "hm": {
          "time": {
            "0": 10.348,
            "10": 10.331
          },
          "accuracy": {
            "0": 59.47712418300654,
            "10": 70.58823529411765
          }
        },
        "rhw": {
          "time": {
            "0": 4.785,
            "10": 4.821
          },
          "accuracy": {
            "0": 48.36601307189542,
            "10": 58.16993464052288
          }
        },
        "zg": {
          "time": {
            "0": 4.784,
            "10": 4.868
          },
          "accuracy": {
            "0": 59.47712418300654,
            "10": 70.58823529411765
          }
        },
        "hoffmann": {
          "time": {
            "0": 10.224,
            "10": 10.228
          },
          "accuracy": {
            "0": 71.89542483660131,
            "10": 86.27450980392157
          }
        },
        "observations_avg": 2.7973856209150325
      },
      "30": {
        "exhaust": {
          "time": {
            "0": 4.547,
            "10": 4.541
          },
          "accuracy": {
            "0": 80.3921568627451,
            "10": 99.34640522875817
          }
        },
        "hm": {
          "time": {
            "0": 9.905,
            "10": 9.938
          },
          "accuracy": {
            "0": 77.12418300653596,
            "10": 89.54248366013073
          }
        },
        "rhw": {
          "time": {
            "0": 4.563,
            "10": 4.55
          },
          "accuracy": {
            "0": 69.93464052287581,
            "10": 81.69934640522875
          }
        },
        "zg": {
          "time": {
            "0": 4.578,
            "10": 4.542
          },
          "accuracy": {
            "0": 77.12418300653596,
            "10": 89.54248366013073
          }
        },
        "hoffmann": {
          "time": {
            "0": 9.621,
            "10": 9.538
          },
          "accuracy": {
            "0": 80.3921568627451,
            "10": 84.31372549019608
          }
        },
        "observations_avg": 7.490196078431373
      },
      "50": {
        "exhaust": {
          "time": {
            "0": 6.527,
            "10": 6.575
          },
          "accuracy": {
            "0": 95.42483660130719,
            "10": 100.0
          }
        },
        "hm": {
          "time": {
            "0": 14.056,
            "10": 13.886
          },
          "accuracy": {
            "0": 88.88888888888889,
            "10": 96.73202614379085
          }
        },
        "rhw": {
          "time": {
            "0": 6.599,
            "10": 6.499
          },
          "accuracy": {
            "0": 86.9281045751634,
            "10": 94.77124183006535
          }
        },
        "zg": {
          "time": {
            "0": 6.637,
            "10": 6.573
          },
          "accuracy": {
            "0": 88.88888888888889,
            "10": 96.73202614379085
          }
        },
        "hoffmann": {
          "time": {
            "0": 14.784,
            "10": 14.985
          },
          "accuracy": {
            "0": 89.54248366013073,
            "10": 92.15686274509804
          }
        },
        "observations_avg": 12.019607843137255
      },
      "70": {
        "exhaust": {
          "time": {
            "0": 5.852,
            "10": 5.798
          },
          "accuracy": {
            "0": 98.69281045751634,
            "10": 100.0
          }
        },
        "hm": {
          "time": {
            "0": 12.422,
            "10": 12.384
          },
          "accuracy": {
            "0": 96.07843137254902,
            "10": 99.34640522875817
          }
        },
        "rhw": {
          "time": {
            "0": 5.926,
            "10": 5.887
          },
          "accuracy": {
            "0": 94.77124183006535,
            "10": 98.69281045751634
          }
        },
        "zg": {
          "time": {
            "0": 5.876,
            "10": 5.85
          },
          "accuracy": {
            "0": 96.07843137254902,
            "10": 99.34640522875817
          }
        },
        "hoffmann": {
          "time": {
            "0": 12.957,
            "10": 12.921
          },
          "accuracy": {
            "0": 96.73202614379085,
            "10": 96.73202614379085
          }
        },
        "observations_avg": 17.15686274509804
      },
      "100": {
        "exhaust": {
          "time": {
            "0": 6.141,
            "10": 6.206
          },
          "accuracy": {
            "0": 100.0,
            "10": 100.0
          }
        },
        "hm": {
          "time": {
            "0": 12.39,
            "10": 12.412
          },
          "accuracy": {
            "0": 100.0,
            "10": 100.0
          }
        },
        "rhw": {
          "time": {
            "0": 6.102,
            "10": 6.253
          },
          "accuracy": {
            "0": 100.0,
            "10": 100.0
          }
        },
        "zg": {
          "time": {
            "0": 6.138,
            "10": 6.26
          },
          "accuracy": {
            "0": 100.0,
            "10": 100.0
          }
        },
        "hoffmann": {
          "time": {
            "0": 14.033,
            "10": 14.17
          },
          "accuracy": {
            "0": 100.0,
            "10": 100.0
          }
        },
        "observations_avg": 21.83606557377049
      }
    },
    "landmarks_avg": {
      "exhaust": 34.575631500742944,
      "hm": 12.90222882615147,
      "rhw": 12.483803863298657,
      "zg": 12.90222882615147,
      "hoffmann": 10.119465081723668
    },
    "spread": {
      "10": {
        "exhaust": {
          "0": 1.6862745098039216,
          "10": 4.0130718954248366
        },
        "hm": {
          "0": 1.7843137254901962,
          "10": 2.496732026143791
        },
        "rhw": {
          "0": 1.3660130718954249,
          "10": 2.019607843137255
        },
        "zg": {
          "0": 1.7843137254901962,
          "10": 2.496732026143791
        },
        "hoffmann": {
          "0": 3.5098039215686274,
          "10": 4.30718954248366
        }
      },
      "30": {
        "exhaust": {
          "0": 1.34640522875817,
          "10": 3.65359477124183
        },
        "hm": {
          "0": 1.411764705882353,
          "10": 2.1372549019607843
        },
        "rhw": {
          "0": 1.2222222222222223,
          "10": 1.9673202614379084
        },
        "zg": {
          "0": 1.411764705882353,
          "10": 2.1372549019607843
        },
        "hoffmann": {
          "0": 2.0784313725490198,
          "10": 2.496732026143791
        }
      },
      "50": {
        "exhaust": {
          "0": 1.1111111111111112,
          "10": 2.5751633986928106
        },
        "hm": {
          "0": 1.1699346405228759,
          "10": 1.673202614379085
        },
        "rhw": {
          "0": 1.0522875816993464,
          "10": 1.673202614379085
        },
        "zg": {
          "0": 1.1699346405228759,
          "10": 1.673202614379085
        },
        "hoffmann": {
          "0": 1.2156862745098038,
          "10": 1.4379084967320261
        }
      },
      "70": {
        "exhaust": {
          "0": 1.0457516339869282,
          "10": 2.215686274509804
        },
        "hm": {
          "0": 1.0718954248366013,
          "10": 1.7450980392156863
        },
        "rhw": {
          "0": 1.0326797385620916,
          "10": 1.7254901960784315
        },
        "zg": {
          "0": 1.0718954248366013,
          "10": 1.7450980392156863
        },
        "hoffmann": {
          "0": 1.0980392156862746,