{
  "easy_ipc_grid": {
    "problems": 673,
    "goals_avg": 8.662704309063892,
    "observations": {
      "10": {
        "exhaust": {
          "time": {
            "0": 4.117,
            "10": 4.094,
            "20": 4.113,
            "30": 4.101
          },
          "accuracy": {
            "0": 69.28104575163398,
            "10": 69.28104575163398,
            "20": 72.54901960784314,
            "30": 75.81699346405229
          }
        },
        "hm": {
          "time": {
            "0": 9.003,
            "10": 9.005,
            "20": 9.009,
            "30": 9.002
          },
          "accuracy": {
            "0": 68.62745098039215,
            "10": 69.28104575163398,
            "20": 72.54901960784314,
            "30": 74.50980392156863
          }
        },
        "rhw": {
          "time": {
            "0": 4.114,
            "10": 4.13,
            "20": 4.105,
            "30": 4.13
          },
          "accuracy": {
            "0": 62.745098039215684,
            "10": 63.39869281045751,
            "20": 65.359477124183,
            "30": 69.28104575163398
          }
        },
        "zg": {
          "time": {
            "0": 4.153,
            "10": 4.133,
            "20": 4.13,
            "30": 4.134
          },
          "accuracy": {
            "0": 68.62745098039215,
            "10": 69.28104575163398,
            "20": 72.54901960784314,
            "30": 74.50980392156863
          }
        },
        "observations_avg": 2.7973856209150325
      },
      "30": {
        "exhaust": {
          "time": {
            "0": 4.027,
            "10": 4.01,
            "20": 4.021,
            "30": 4.025
          },
          "accuracy": {
            "0": 86.27450980392157,
            "10": 86.27450980392157,
            "20": 87.58169934640523,
            "30": 87.58169934640523
          }
        },
        "hm": {
          "time": {
            "0": 8.849,
            "10": 8.845,
            "20": 8.829,
            "30": 8.808
          },
          "accuracy": {
            "0": 83.00653594771242,
            "10": 84.31372549019608,
            "20": 86.27450980392157,
            "30": 87.58169934640523
          }
        },
        "rhw": {
          "time": {
            "0": 4.032,
            "10": 4.048,
            "20": 4.016,
            "30": 4.05
          },
          "accuracy": {
            "0": 77.77777777777779,
            "10": 78.43137254901961,
            "20": 81.04575163398692,
            "30": 81.69934640522875
          }
        },
        "zg": {
          "time": {
            "0": 4.05,
            "10": 4.059,
            "20": 4.06,
            "30": 4.065
          },
          "accuracy": {
            "0": 83.00653594771242,
            "10": 84.31372549019608,
            "20": 86.27450980392157,
            "30": 87.58169934640523
          }
        },
        "observations_avg": 7.490196078431373
      },
      "50": {
        "exhaust": {
          "time": {
            "0": 5.263,
            "10": 5.235,
            "20": 5.233,
            "30": 5.224
          },
          "accuracy": {
            "0": 94.77124183006535,
            "10": 95.42483660130719,
            "20": 95.42483660130719,
            "30": 95.42483660130719
          }
        },
        "hm": {
          "time": {
            "0": 10.978,
            "10": 10.976,
            "20": 10.946,
            "30": 10.934
          },
          "accuracy": {
            "0": 93.4640522875817,
            "10": 94.11764705882352,
            "20": 94.11764705882352,
            "30": 94.77124183006535
          }
        },
        "rhw": {
          "time": {
            "0": 5.264,
            "10": 5.255,
            "20": 5.257,
            "30": 5.248
          },
          "accuracy": {
            "0": 91.50326797385621,
            "10": 92.81045751633987,
            "20": 93.4640522875817,
            "30": 94.11764705882352
          }
        },
        "zg": {
          "time": {
            "0": 5.236,
            "10": 5.272,
            "20": 5.237,
            "30": 5.246
          },
          "accuracy": {
            "0": 93.4640522875817,
            "10": 94.11764705882352,
            "20": 94.11764705882352,
            "30": 94.77124183006535
          }
        },
        "observations_avg": 12.019607843137255
      },
      "70": {
        "exhaust": {
          "time": {
            "0": 4.692,
            "10": 4.7,
            "20": 4.711,
            "30": 4.705
          },
          "accuracy": {
            "0": 97.38562091503267,
            "10": 98.0392156862745,
            "20": 98.0392156862745,
            "30": 98.0392156862745
          }
        },
        "hm": {
          "time": {
            "0": 10.067,
            "10": 10.062,
            "20": 10.036,
            "30": 10.084
          },
          "accuracy": {
            "0": 96.73202614379085,
            "10": 98.0392156862745,
            "20": 98.0392156862745,
            "30": 98.0392156862745
          }
        },
        "rhw": {
          "time": {
            "0": 4.734,
            "10": 4.72,
            "20": 4.735,
            "30": 4.72
          },
          "accuracy": {
            "0": 96.07843137254902,
            "10": 97.38562091503267,
            "20": 97.38562091503267,
            "30": 97.38562091503267
          }
        },
        "zg": {
          "time": {
            "0": 4.708,
            "10": 4.751,
            "20": 4.741,
            "30": 4.736
          },
          "accuracy": {
            "0": 96.73202614379085,
            "10": 98.0392156862745,
            "20": 98.0392156862745,
            "30": 98.0392156862745
          }
        },
        "observations_avg": 17.15686274509804
      },
      "100": {
        "exhaust": {
          "time": {
            "0": 4.975,
            "10": 5.01,
            "20": 5.009,
            "30": 5.017
          },
          "accuracy": {
            "0": 100.0,
            "10": 100.0,
            "20": 100.0,
            "30": 100.0
          }
        },
        "hm": {
          "time": {
            "0": 9.91,
            "10": 9.953,
            "20": 9.93,
            "30": 9.974
          },
          "accuracy": {
            "0": 100.0,
            "10": 100.0,
            "20": 100.0,
            "30": 100.0
          }
        },
        "rhw": {
          "time": {
            "0": 5.008,
            "10": 4.996,
            "20": 5.002,
            "30": 5.048
          },
          "accuracy": {
            "0": 100.0,
            "10": 100.0,
            "20": 100.0,
            "30": 100.0
          }
        },
        "zg": {
          "time": {
            "0": 5.047,
            "10": 5.057,
            "20": 5.067,
            "30": 5.105
          },
          "accuracy": {
            "0": 100.0,
            "10": 100.0,
            "20": 100.0,
            "30": 100.0
          }
        },
        "observations_avg": 21.83606557377049
      }
    },
    "landmarks_avg": {
      "exhaust": 34.575631500742766,
      "hm": 12.902228826151658,
      "rhw": 12.483803863298883,
      "zg": 12.902228826151658
    },
    "spread": {
      "10": {
        "exhaust": {
          "0": 1.7254901960784315,
          "10": 1.7843137254901962,
          "20": 2.084967320261438,
          "30": 2.2222222222222223
        },
        "hm": {
          "0": 1.738562091503268,
          "10": 1.7777777777777777,
          "20": 2.0915032679738563,
          "30": 2.156862745098039
        },
        "rhw": {
          "0": 1.6470588235294117,
          "10": 1.6797385620915033,
          "20": 1.8496732026143792,
          "30": 2.104575163398693
        },
        "zg": {
          "0": 1.738562091503268,
          "10": 1.7777777777777777,
          "20": 2.0915032679738563,
          "30": 2.156862745098039
        }
      },