{
  "easy_ipc_grid": {
    "problems": 673,
    "goals_avg": 8.662704309063892,
    "observations": {
      "10": {
        "exhaust": {
          "time": {
            "0": 4.22,
            "10": 4.212,
            "20": 4.236,
            "30": 4.199
          },
          "accuracy": {
            "0": 75.81699346405229,
            "10": 88.23529411764706,
            "20": 94.11764705882352,
            "30": 95.42483660130719
          }
        },
        "hm": {
          "time": {
            "0": 9.22,
            "10": 9.212,
            "20": 9.212,
            "30": 9.221
          },
          "accuracy": {
            "0": 67.3202614379085,
            "10": 71.89542483660131,
            "20": 77.77777777777779,
            "30": 83.66013071895425
          }
        },
        "rhw": {
          "time": {
            "0": 4.231,
            "10": 4.214,
            "20": 4.237,
            "30": 4.202
          },
          "accuracy": {
            "0": 58.16993464052288,
            "10": 62.091503267973856,
            "20": 68.62745098039215,
            "30": 76.47058823529412
          }
        },
        "zg": {
          "time": {
            "0": 4.242,
            "10": 4.214,
            "20": 4.25,
            "30": 4.225
          },
          "accuracy": {
            "0": 67.3202614379085,
            "10": 71.89542483660131,
            "20": 77.77777777777779,
            "30": 83.66013071895425
          }
        },
        "observations_avg": 2.7973856209150325
      },
      "30": {
        "exhaust": {
          "time": {
            "0": 4.073,
            "10": 4.095,
            "20": 4.091,
            "30": 4.087
          },
          "accuracy": {
            "0": 90.19607843137256,
            "10": 94.11764705882352,
            "20": 97.38562091503267,
            "30": 98.0392156862745
          }
        },
        "hm": {
          "time": {
            "0": 8.982,
            "10": 8.991,
            "20": 8.965,
            "30": 9.018
          },
          "accuracy": {
            "0": 77.77777777777779,
            "10": 84.9673202614379,
            "20": 92.81045751633987,
            "30": 96.73202614379085
          }
        },
        "rhw": {
          "time": {
            "0": 4.127,
            "10": 4.106,
            "20": 4.118,
            "30": 4.116
          },
          "accuracy": {
            "0": 71.24183006535948,
            "10": 77.77777777777779,
            "20": 86.27450980392157,
            "30": 90.84967320261438
          }
        },
        "zg": {
          "time": {
            "0": 4.111,
            "10": 4.139,
            "20": 4.111,
            "30": 4.108
          },
          "accuracy": {
            "0": 77.77777777777779,
            "10": 84.9673202614379,
            "20": 92.81045751633987,
            "30": 96.73202614379085
          }
        },
        "observations_avg": 7.490196078431373
      },
      "50": {
        "exhaust": {
          "time": {
            "0": 5.418,
            "10": 5.442,
            "20": 5.404,
            "30": 5.425
          },
          "accuracy": {
            "0": 96.07843137254902,
            "10": 99.34640522875817,
            "20": 99.34640522875817,
            "30": 99.34640522875817
          }
        },
        "hm": {
          "time": {
            "0": 11.345,
            "10": 11.324,
            "20": 11.379,
            "30": 11.401
          },
          "accuracy": {
            "0": 86.9281045751634,
            "10": 95.42483660130719,
            "20": 97.38562091503267,
            "30": 98.69281045751634
          }
        },
        "rhw": {
          "time": {
            "0": 5.428,
            "10": 5.436,
            "20": 5.433,
            "30": 5.423
          },
          "accuracy": {
            "0": 86.27450980392157,
            "10": 94.11764705882352,
            "20": 96.07843137254902,
            "30": 97.38562091503267
          }
        },
        "zg": {
          "time": {
            "0": 5.442,
            "10": 5.457,
            "20": 5.449,
            "30": 5.474
          },
          "accuracy": {
            "0": 86.9281045751634,
            "10": 95.42483660130719,
            "20": 97.38562091503267,
            "30": 98.69281045751634
          }
        },
        "observations_avg": 12.019607843137255
      },
      "70": {
        "exhaust": {
          "time": {
            "0": 4.934,
            "10": 4.902,
            "20": 4.871,
            "30": 4.871
          },
          "accuracy": {
            "0": 98.69281045751634,
            "10": 100.0,
            "20": 100.0,
            "30": 100.0
          }
        },
        "hm": {
          "time": {
            "0": 10.447,
            "10": 10.448,
            "20": 10.449,
            "30": 10.482
          },
          "accuracy": {
            "0": 93.4640522875817,
            "10": 99.34640522875817,
            "20": 100.0,
            "30": 100.0
          }
        },
        "rhw": {
          "time": {
            "0": 4.932,
            "10": 4.932,
            "20": 4.912,
            "30": 4.931
          },
          "accuracy": {
            "0": 92.15686274509804,
            "10": 98.0392156862745,
            "20": 99.34640522875817,
            "30": 100.0
          }
        },
        "zg": {
          "time": {
            "0": 4.924,
            "10": 4.923,
            "20": 4.928,
            "30": 4.927
          },
          "accuracy": {
            "0": 93.4640522875817,
            "10": 99.34640522875817,
            "20": 100.0,
            "30": 100.0
          }
        },
        "observations_avg": 17.15686274509804
      },
      "100": {
        "exhaust": {
          "time": {
            "0": 5.036,
            "10": 5.028,
            "20": 5.059,
            "30": 5.061
          },
          "accuracy": {
            "0": 100.0,
            "10": 100.0,
            "20": 100.0,
            "30": 100.0
          }
        },
        "hm": {
          "time": {
            "0": 9.99,
            "10": 9.991,
            "20": 10.194,
            "30": 9.994
          },
          "accuracy": {
            "0": 100.0,
            "10": 100.0,
            "20": 100.0,
            "30": 100.0
          }
        },
        "rhw": {
          "time": {
            "0": 5.039,
            "10": 5.063,
            "20": 5.12,
            "30": 5.123
          },
          "accuracy": {
            "0": 100.0,
            "10": 100.0,
            "20": 100.0,
            "30": 100.0
          }
        },
        "zg": {
          "time": {
            "0": 5.053,
            "10": 5.153,
            "20": 5.064,
            "30": 5.101
          },
          "accuracy": {
            "0": 100.0,
            "10": 100.0,
            "20": 100.0,
            "30": 100.0
          }
        },
        "observations_avg": 21.83606557377049
      }
    },
    "landmarks_avg": {
      "exhaust": 34.575631500742766,
      "hm": 12.902228826151658,
      "rhw": 12.483803863298883,
      "zg": 12.902228826151658
    },
    "spread": {
      "10": {
        "exhaust": {
          "0": 1.8627450980392157,
          "10": 2.9281045751633985,
          "20": 3.6405228758169934,
          "30": 4.352941176470588
        },
        "hm": {
          "0": 1.9542483660130718,
          "10": 2.3790849673202614,
          "20": 2.9934640522875817,
          "30": 3.503267973856209
        },
        "rhw": {
          "0": 1.6666666666666667,
          "10": 2.019607843137255,
          "20": 2.5555555555555554,
          "30": 3.111111111111111
        },
        "zg": {
          "0": 1.9542483660130718,
          "10": 2.3790849673202614,
          "20": 2.9934640522875817,
          "30": 3.503267973856209
        }
      },
      "30": {
        "exhaust": {
          "0": 1.261437908496732,
          "10": 1.8431372549019607,