{
  "easy_ipc_grid": {
    "problems": 673,
    "goals_avg": 8.662704309063892,
    "observations": {
      "10": {
        "exhaust": {
          "time": {
            "0": 6.119,
            "10": 6.161
          },
          "accuracy": {
            "0": 33.33333333333333,
            "10": 69.93464052287581
          },
          "prob_accuracy": {
            "0": 100.0,
            "10": 100.0
          }
        },
        "hm": {
          "time": {
            "0": 12.886,
            "10": 12.883
          },
          "accuracy": {
            "0": 59.47712418300654,
            "10": 70.58823529411765
          },
          "prob_accuracy": {
            "0": 100.0,
            "10": 100.0
          }
        },
        "rhw": {
          "time": {
            "0": 6.103,
            "10": 6.138
          },
          "accuracy": {
            "0": 48.36601307189542,
            "10": 58.16993464052288
          },
          "prob_accuracy": {
            "0": 100.0,
            "10": 100.0
          }
        },
        "zg": {
          "time": {
            "0": 6.181,
            "10": 6.178
          },
          "accuracy": {
            "0": 59.47712418300654,
            "10": 70.58823529411765
          },
          "prob_accuracy": {
            "0": 100.0,
            "10": 100.0
          }
        },
        "hoffmann": {
          "time": {
            "0": 60.379,
            "10": 60.525
          },
          "accuracy": {
            "0": 71.89542483660131,
            "10": 86.27450980392157
          },
          "prob_accuracy": {
            "0": 100.0,
            "10": 100.0
          }
        },
        "observations_avg": 2.7973856209150325
      },
      "30": {
        "exhaust": {
          "time": {
            "0": 4.774,
            "10": 4.765
          },
          "accuracy": {
            "0": 80.3921568627451,
            "10": 99.34640522875817
          },
          "prob_accuracy": {
            "0": 100.0,
            "10": 100.0
          }
        },
        "hm": {
          "time": {
            "0": 10.213,
            "10": 10.251
          },
          "accuracy": {
            "0": 77.12418300653596,
            "10": 89.54248366013073
          },
          "prob_accuracy": {
            "0": 100.0,
            "10": 100.0
          }
        },
        "rhw": {
          "time": {
            "0": 4.775,
            "10": 4.794
          },
          "accuracy": {
            "0": 69.93464052287581,
            "10": 81.69934640522875
          },
          "prob_accuracy": {
            "0": 100.0,
            "10": 100.0
          }
        },
        "zg": {
          "time": {
            "0": 4.804,
            "10": 4.796
          },
          "accuracy": {
            "0": 77.12418300653596,
            "10": 89.54248366013073
          },
          "prob_accuracy": {
            "0": 100.0,
            "10": 100.0
          }
        },
        "hoffmann": {
          "time": {
            "0": 55.355,
            "10": 55.475
          },
          "accuracy": {
            "0": 80.3921568627451,
            "10": 84.31372549019608
          },
          "prob_accuracy": {
            "0": 100.0,
            "10": 100.0
          }
        },
        "observations_avg": 7.490196078431373
      },
      "50": {
        "exhaust": {
          "time": {
            "0": 4.413,
            "10": 4.414
          },
          "accuracy": {
            "0": 95.42483660130719,
            "10": 100.0
          },
          "prob_accuracy": {
            "0": 100.0,
            "10": 100.0
          }
        },
        "hm": {
          "time": {
            "0": 9.476,
            "10": 9.413
          },
          "accuracy": {
            "0": 88.88888888888889,
            "10": 96.73202614379085
          },
          "prob_accuracy": {
            "0": 100.0,
            "10": 100.0
          }
        },
        "rhw": {
          "time": {
            "0": 4.425,
            "10": 4.431
          },
          "accuracy": {
            "0": 86.9281045751634,
            "10": 94.77124183006535
          },
          "prob_accuracy": {
            "0": 100.0,
            "10": 100.0
          }
        },
        "zg": {
          "time": {
            "0": 4.452,
            "10": 4.421
          },
          "accuracy": {
            "0": 88.88888888888889,
            "10": 96.73202614379085
          },
          "prob_accuracy": {
            "0": 100.0,
            "10": 100.0
          }
        },
        "hoffmann": {
          "time": {
            "0": 54.413,
            "10": 54.457
          },
          "accuracy": {
            "0": 89.54248366013073,
            "10": 92.15686274509804
          },
          "prob_accuracy": {
            "0": 100.0,
            "10": 100.0
          }
        },
        "observations_avg": 12.019607843137255
      },
      "70": {
        "exhaust": {
          "time": {
            "0": 6.369,
            "10": 6.405
          },
          "accuracy": {
            "0": 98.69281045751634,
            "10": 100.0
          },
          "prob_accuracy": {
            "0": 100.0,
            "10": 100.0
          }
        },
        "hm": {
          "time": {
            "0": 13.271,
            "10": 13.284
          },
          "accuracy": {
            "0": 96.07843137254902,
            "10": 99.34640522875817
          },
          "prob_accuracy": {
            "0": 100.0,
            "10": 100.0
          }
        },
        "rhw": {
          "time": {
            "0": 6.374,
            "10": 6.41
          },
          "accuracy": {
            "0": 94.77124183006535,
            "10": 98.69281045751634
          },
          "prob_accuracy": {
            "0": 100.0,
            "10": 100.0
          }
        },
        "zg": {
          "time": {
            "0": 6.368,
            "10": 6.383
          },
          "accuracy": {
            "0": 96.07843137254902,
            "10": 99.34640522875817
          },
          "prob_accuracy": {
            "0": 100.0,
            "10": 100.0
          }
        },
        "hoffmann": {
          "time": {
            "0": 61.75,
            "10": 61.53
          },
          "accuracy": {
            "0": 96.73202614379085,
            "10": 96.73202614379085
          },
          "prob_accuracy": {
            "0": 100.0,
            "10": 100.0
          }
        },
        "observations_avg": 17.15686274509804
      },
      "100": {
        "exhaust": {
          "time": {
            "0": 4.625,
            "10": 4.629
          },
          "accuracy": {
            "0": 100.0,
            "10": 100.0
          },
          "prob_accuracy": {
            "0": 100.0,
            "10": 100.0
          }
        },
        "hm": {
          "time": {
            "0": 9.265,
            "10": 9.257
          },
          "accuracy": {
            "0": 100.0,
            "10": 100.0
          },
          "prob_accuracy": {
            "0": 100.0,
            "10": 100.0
          }
        },
        "rhw": {
          "time": {
            "0": 4.643,
            "10": 4.642
          },
          "accuracy": {
            "0": 100.0,
            "10": 100.0
          },
          "prob_accuracy": {
            "0": 100.0,
            "10": 100.0
          }
        },
        "zg": {
          "time": {
            "0": 4.663,
            "10": 4.613
          },
          "accuracy": {
            "0": 100.0,
            "10": 100.0
          },
          "prob_accuracy": {
            "0": 100.0,
            "10": 100.0
          }
        },
        "hoffmann": {
          "time": {
            "0": 53.377,
            "10": 53.639
          },
          "accuracy": {
            "0": 100.0,
            "10": 100.0
          },
          "prob_accuracy": {
            "0": 100.0,
            "10": 100.0
          }
        },