{
  "easy_ipc_grid": {
    "problems": 673,
    "goals_avg": 8.662704309063892,
    "observations": {
      "10": {
        "hoffmann": {
          "time": {
            "0": 13.298,
            "10": 13.352,
            "20": 13.329,
            "30": 13.386
          },
          "accuracy": {
            "0": 71.89542483660131,
            "10": 86.27450980392157,
            "20": 92.15686274509804,
            "30": 96.07843137254902
          }
        },
        "observations_avg": 2.7973856209150325
      },
      "30": {
        "hoffmann": {
          "time": {
            "0": 11.314,
            "10": 11.253,
            "20": 11.298,
            "30": 11.275
          },
          "accuracy": {
            "0": 80.3921568627451,
            "10": 84.31372549019608,
            "20": 86.9281045751634,
            "30": 92.15686274509804
          }
        },
        "observations_avg": 7.490196078431373
      },
      "50": {
        "hoffmann": {
          "time": {
            "0": 48.657,
            "10": 48.886,
            "20": 49.013,
            "30": 48.938
          },
          "accuracy": {
            "0": 89.54248366013073,
            "10": 92.15686274509804,
            "20": 93.4640522875817,
            "30": 94.11764705882352
          }
        },
        "observations_avg": 12.019607843137255
      },
      "70": {
        "hoffmann": {
          "time": {
            "0": 30.342,
            "10": 30.269,
            "20": 30.227,
            "30": 30.137
          },
          "accuracy": {
            "0": 96.73202614379085,
            "10": 96.73202614379085,
            "20": 97.38562091503267,
            "30": 97.38562091503267
          }
        },
        "observations_avg": 17.15686274509804
      },
      "100": {
        "hoffmann": {
          "time": {
            "0": 57.949,
            "10": 58.795,
            "20": 58.58,
            "30": 58.766
          },
          "accuracy": {
            "0": 100.0,
            "10": 100.0,
            "20": 100.0,
            "30": 100.0
          }
        },
        "observations_avg": 21.83606557377049
      }
    },
    "landmarks_avg": {
      "hoffmann": 10.11946508172374
    },
    "spread": {
      "10": {
        "hoffmann": {
          "0": 3.5098039215686274,
          "10": 4.30718954248366,
          "20": 5.542483660130719,
          "30": 6.5359477124183005
        }
      },
      "30": {
        "hoffmann": {
          "0": 2.0784313725490198,
          "10": 2.496732026143791,
          "20": 3.052287581699346,
          "30": 4.1568627450980395
        }
      },
      "50": {
        "hoffmann": {
          "0": 1.2156862745098038,
          "10": 1.4379084967320261,
          "20": 1.6274509803921569,
          "30": 2.2287581699346406
        }
      },
      "70": {
        "hoffmann": {
          "0": 1.0980392156862746,
          "10": 1.1699346405228759,
          "20": 1.3398692810457515,
          "30": 2.0718954248366015
        }
      },
      "100": {
        "hoffmann": {
          "0": 1.0,
          "10": 1.0,
          "20": 1.0,
          "30": 2.0
        }
      }
    }
  }
}