{
  "blocks_world": {
    "problems": 1076,
    "goals_avg": 20.280669144981413,
    "observations": {
      "10": {
        "exhaust": {
          "time": {
            "0": 9.554,
            "10": 9.565,
            "20": 9.556,
            "30": 9.566
          },
          "accuracy": {
            "0": 46.7479674796748,
            "10": 75.20325203252033,
            "20": 93.08943089430895,
            "30": 99.1869918699187
          }
        },
        "hm": {
          "time": {
            "0": 24.267,
            "10": 24.276,
            "20": 24.255,
            "30": 24.261
          },
          "accuracy": {
            "0": 41.05691056910569,
            "10": 58.536585365853654,
            "20": 70.32520325203252,
            "30": 83.33333333333334
          }
        },
        "rhw": {
          "time": {
            "0": 9.438,
            "10": 9.445,
            "20": 9.441,
            "30": 9.437
          },
          "accuracy": {
            "0": 36.99186991869919,
            "10": 53.65853658536586,
            "20": 70.73170731707317,
            "30": 80.48780487804879
          }
        },
        "zg": {
          "time": {
            "0": 9.455,
            "10": 9.462,
            "20": 9.461,
            "30": 9.464
          },
          "accuracy": {
            "0": 36.58536585365854,
            "10": 49.1869918699187,
            "20": 69.91869918699187,
            "30": 79.67479674796748
          }
        },
        "observations_avg": 1.8170731707317074
      },
      "30": {
        "exhaust": {
          "time": {
            "0": 9.745,
            "10": 9.739,
            "20": 9.735,
            "30": 9.735
          },
          "accuracy": {
            "0": 68.69918699186992,
            "10": 88.21138211382113,
            "20": 98.3739837398374,
            "30": 100.0
          }
        },
        "hm": {
          "time": {
            "0": 24.597,
            "10": 24.612,
            "20": 24.597,
            "30": 24.605
          },
          "accuracy": {
            "0": 58.94308943089431,
            "10": 78.04878048780488,
            "20": 85.36585365853658,
            "30": 94.3089430894309
          }
        },
        "rhw": {
          "time": {
            "0": 9.619,
            "10": 9.622,
            "20": 9.625,
            "30": 9.615
          },
          "accuracy": {
            "0": 56.91056910569105,
            "10": 76.42276422764228,
            "20": 85.77235772357723,
            "30": 93.4959349593496
          }
        },
        "zg": {
          "time": {
            "0": 9.634,
            "10": 9.643,
            "20": 9.638,
            "30": 9.634
          },
          "accuracy": {
            "0": 60.97560975609756,
            "10": 75.60975609756098,
            "20": 83.73983739837398,
            "30": 93.4959349593496
          }
        },
        "observations_avg": 4.930894308943089
      },
      "50": {
        "exhaust": {
          "time": {
            "0": 8.018,
            "10": 7.999,
            "20": 7.985,
            "30": 8.002
          },
          "accuracy": {
            "0": 82.52032520325203,
            "10": 97.5609756097561,
            "20": 100.0,
            "30": 100.0
          }
        },
        "hm": {
          "time": {
            "0": 26.397,
            "10": 26.333,
            "20": 26.469,
            "30": 26.299
          },
          "accuracy": {
            "0": 71.54471544715447,
            "10": 87.8048780487805,
            "20": 95.9349593495935,
            "30": 98.78048780487805
          }
        },
        "rhw": {
          "time": {
            "0": 7.94,
            "10": 7.905,
            "20": 7.904,
            "30": 7.923
          },
          "accuracy": {
            "0": 71.95121951219512,
            "10": 86.58536585365853,
            "20": 94.71544715447155,
            "30": 99.1869918699187
          }
        },
        "zg": {
          "time": {
            "0": 7.938,
            "10": 7.934,
            "20": 7.924,
            "30": 7.923
          },
          "accuracy": {
            "0": 71.95121951219512,
            "10": 86.1788617886179,
            "20": 95.52845528455285,
            "30": 98.78048780487805
          }
        },
        "observations_avg": 7.662601626016261
      },
      "70": {
        "exhaust": {
          "time": {
            "0": 7.854,
            "10": 7.834,
            "20": 7.841,
            "30": 7.825
          },
          "accuracy": {
            "0": 93.4959349593496,
            "10": 100.0,
            "20": 100.0,
            "30": 100.0
          }
        },
        "hm": {
          "time": {
            "0": 23.135,
            "10": 23.137,
            "20": 23.139,
            "30": 23.181
          },
          "accuracy": {
            "0": 82.11382113821138,
            "10": 97.96747967479675,
            "20": 100.0,
            "30": 100.0
          }
        },
        "rhw": {
          "time": {
            "0": 7.734,
            "10": 7.713,
            "20": 7.761,
            "30": 7.739
          },
          "accuracy": {
            "0": 81.70731707317073,
            "10": 95.9349593495935,
            "20": 100.0,
            "30": 100.0
          }
        },
        "zg": {
          "time": {
            "0": 7.753,
            "10": 7.758,
            "20": 7.754,
            "30": 7.764
          },
          "accuracy": {
            "0": 84.5528455284553,
            "10": 97.5609756097561,
            "20": 100.0,
            "30": 100.0
          }
        },
        "observations_avg": 11.101626016260163
      },
      "100": {
        "exhaust": {
          "time": {
            "0": 9.89,
            "10": 9.849,
            "20": 9.838,
            "30": 9.847
          },
          "accuracy": {
            "0": 100.0,
            "10": 100.0,
            "20": 100.0,
            "30": 100.0
          }
        },
        "hm": {
          "time": {
            "0": 28.552,
            "10": 28.532,
            "20": 28.725,
            "30": 28.715
          },
          "accuracy": {
            "0": 98.91304347826086,
            "10": 100.0,
            "20": 100.0,
            "30": 100.0
          }
        },
        "rhw": {
          "time": {
            "0": 9.786,
            "10": 9.732,
            "20": 9.745,
            "30": 9.833
          },
          "accuracy": {
            "0": 98.91304347826086,
            "10": 100.0,
            "20": 100.0,
            "30": 100.0
          }
        },
        "zg": {
          "time": {
            "0": 9.796,
            "10": 9.784,
            "20": 9.818,
            "30": 9.829
          },
          "accuracy": {
            "0": 98.91304347826086,
            "10": 100.0,
            "20": 100.0,
            "30": 100.0
          }
        },
        "observations_avg": 14.5
      }
    },
    "landmarks_avg": {
      "exhaust": 35.945034519383555,
      "hm": 22.708443972384263,
      "rhw": 24.75938219153836,
      "zg": 21.917649141441967
    },
    "spread": {
      "10": {
        "exhaust": {
          "0": 1.3902439024390243,
          "10": 5.223577235772358,
          "20": 9.085365853658537,
          "30": 11.597560975609756
        },
        "hm": {
          "0": 1.2764227642276422,
          "10": 3.6463414634146343,
          "20": 5.780487804878049,
          "30": 7.845528455284553
        },
        "rhw": {
          "0": 1.2967479674796747,
          "10": 3.532520325203252,
          "20": 5.634146341463414,
          "30": 7.341463414634147
        },
        "zg": {
          "0": 1.3089430894308942,
          "10": 3.073170731707317,
          "20": 5.317073170731708,
          "30": 7.2560975609756095
        }
      },
      "30": {
        "exhaust": {
          "0": 1.170731707317073,
          "10": 5.296747967479675,
          "20": 9.109756097560975,