{
  "blocks_world": {
    "problems": 1076,
    "goals_avg": 20.280669144981413,
    "observations": {
      "10": {
        "hoffmann": {
          "time": {
            "0": 12.843,
            "10": 12.874,
            "20": 12.875,
            "30": 12.874
          },
          "accuracy": {
            "0": 39.83739837398374,
            "10": 65.85365853658537,
            "20": 94.3089430894309,
            "30": 99.1869918699187
          }
        },
        "observations_avg": 1.8170731707317074
      },
      "30": {
        "hoffmann": {
          "time": {
            "0": 12.831,
            "10": 12.873,
            "20": 12.873,
            "30": 12.871
          },
          "accuracy": {
            "0": 57.3170731707317,
            "10": 86.99186991869918,
            "20": 98.78048780487805,
            "30": 100.0
          }
        },
        "observations_avg": 4.930894308943089
      },
      "50": {
        "hoffmann": {
          "time": {
            "0": 37.76,
            "10": 37.725,
            "20": 37.555,
            "30": 37.531
          },
          "accuracy": {
            "0": 67.47967479674797,
            "10": 92.27642276422763,
            "20": 100.0,
            "30": 100.0
          }
        },
        "observations_avg": 7.662601626016261
      },
      "70": {
        "hoffmann": {
          "time": {
            "0": 15.352,
            "10": 15.407,
            "20": 15.423,
            "30": 15.417
          },
          "accuracy": {
            "0": 85.36585365853658,
            "10": 99.1869918699187,
            "20": 100.0,
            "30": 100.0
          }
        },
        "observations_avg": 11.101626016260163
      },
      "100": {
        "hoffmann": {
          "time": {
            "0": 91.333,
            "10": 92.055,
            "20": 91.319,
            "30": 91.135
          },
          "accuracy": {
            "0": 100.0,
            "10": 100.0,
            "20": 100.0,
            "30": 100.0
          }
        },
        "observations_avg": 14.5
      }
    },
    "landmarks_avg": {
      "hoffmann": 22.079545052222496
    },
    "spread": {
      "10": {
        "hoffmann": {
          "0": 1.353658536585366,
          "10": 5.678861788617886,
          "20": 12.894308943089431,
          "30": 17.69918699186992
        }
      },
      "30": {
        "hoffmann": {
          "0": 1.2154471544715446,
          "10": 5.150406504065041,
          "20": 11.536585365853659,
          "30": 17.052845528455286
        }
      },
      "50": {
        "hoffmann": {
          "0": 1.1260162601626016,
          "10": 4.504065040650406,
          "20": 11.105691056910569,
          "30": 16.443089430894307
        }
      },
      "70": {
        "hoffmann": {
          "0": 1.1747967479674797,
          "10": 3.930894308943089,
          "20": 10.178861788617887,
          "30": 15.695121951219512
        }
      },
      "100": {
        "hoffmann": {
          "0": 1.358695652173913,
          "10": 2.739130434782609,
          "20": 8.641304347826088,
          "30": 14.565217391304348
        }
      }
    }
  }
}