{
  "blocks_world": {
    "problems": 1076,
    "goals_avg": 20.280669144981413,
    "observations": {
      "10": {
        "exhaust": {
          "time": {
            "0": 9.826,
            "10": 9.838,
            "20": 9.827,
            "30": 9.828
          },
          "accuracy": {
            "0": 41.86991869918699,
            "10": 52.84552845528455,
            "20": 54.0650406504065,
            "30": 58.94308943089431
          }
        },
        "hm": {
          "time": {
            "0": 24.89,
            "10": 24.881,
            "20": 24.86,
            "30": 24.873
          },
          "accuracy": {
            "0": 34.146341463414636,
            "10": 46.34146341463415,
            "20": 50.81300813008131,
            "30": 53.2520325203252
          }
        },
        "rhw": {
          "time": {
            "0": 9.704,
            "10": 9.706,
            "20": 9.711,
            "30": 9.697
          },
          "accuracy": {
            "0": 36.17886178861789,
            "10": 47.15447154471545,
            "20": 48.78048780487805,
            "30": 55.6910569105691
          }
        },
        "zg": {
          "time": {
            "0": 9.718,
            "10": 9.721,
            "20": 9.711,
            "30": 9.719
          },
          "accuracy": {
            "0": 35.36585365853659,
            "10": 43.90243902439025,
            "20": 48.78048780487805,
            "30": 51.21951219512195
          }
        },
        "observations_avg": 1.8170731707317074
      },
      "30": {
        "exhaust": {
          "time": {
            "0": 9.664,
            "10": 9.68,
            "20": 9.681,
            "30": 9.675
          },
          "accuracy": {
            "0": 58.13008130081301,
            "10": 63.41463414634146,
            "20": 67.47967479674797,
            "30": 71.95121951219512
          }
        },
        "hm": {
          "time": {
            "0": 24.695,
            "10": 24.746,
            "20": 24.716,
            "30": 24.672
          },
          "accuracy": {
            "0": 56.91056910569105,
            "10": 63.41463414634146,
            "20": 66.26016260162602,
            "30": 70.32520325203252
          }
        },
        "rhw": {
          "time": {
            "0": 9.547,
            "10": 9.556,
            "20": 9.54,
            "30": 9.538
          },
          "accuracy": {
            "0": 58.13008130081301,
            "10": 60.97560975609756,
            "20": 65.4471544715447,
            "30": 69.10569105691057
          }
        },
        "zg": {
          "time": {
            "0": 9.566,
            "10": 9.595,
            "20": 9.551,
            "30": 9.568
          },
          "accuracy": {
            "0": 57.72357723577236,
            "10": 60.97560975609756,
            "20": 64.22764227642277,
            "30": 69.10569105691057
          }
        },
        "observations_avg": 4.930894308943089
      },
      "50": {
        "exhaust": {
          "time": {
            "0": 9.83,
            "10": 9.819,
            "20": 9.827,
            "30": 9.813
          },
          "accuracy": {
            "0": 60.56910569105691,
            "10": 66.66666666666666,
            "20": 72.76422764227642,
            "30": 76.01626016260163
          }
        },
        "hm": {
          "time": {
            "0": 24.87,
            "10": 24.864,
            "20": 24.873,
            "30": 24.907
          },
          "accuracy": {
            "0": 60.56910569105691,
            "10": 67.07317073170732,
            "20": 72.76422764227642,
            "30": 76.01626016260163
          }
        },
        "rhw": {
          "time": {
            "0": 9.692,
            "10": 9.702,
            "20": 9.694,
            "30": 9.679
          },
          "accuracy": {
            "0": 61.382113821138205,
            "10": 67.07317073170732,
            "20": 72.35772357723577,
            "30": 76.01626016260163
          }
        },
        "zg": {
          "time": {
            "0": 9.707,
            "10": 9.696,
            "20": 9.717,
            "30": 9.701
          },
          "accuracy": {
            "0": 60.97560975609756,
            "10": 66.66666666666666,
            "20": 71.95121951219512,
            "30": 76.01626016260163
          }
        },
        "observations_avg": 7.662601626016261
      },
      "70": {
        "exhaust": {
          "time": {
            "0": 9.812,
            "10": 9.814,
            "20": 9.809,
            "30": 9.822
          },
          "accuracy": {
            "0": 75.60975609756098,
            "10": 81.70731707317073,
            "20": 86.99186991869918,
            "30": 88.6178861788618
          }
        },
        "hm": {
          "time": {
            "0": 24.847,
            "10": 24.814,
            "20": 24.845,
            "30": 24.849
          },
          "accuracy": {
            "0": 75.20325203252033,
            "10": 81.70731707317073,
            "20": 86.58536585365853,
            "30": 90.65040650406505
          }
        },
        "rhw": {
          "time": {
            "0": 9.681,
            "10": 9.682,
            "20": 9.669,
            "30": 9.695
          },
          "accuracy": {
            "0": 76.42276422764228,
            "10": 82.11382113821138,
            "20": 87.39837398373984,
            "30": 90.65040650406505
          }
        },
        "zg": {
          "time": {
            "0": 9.702,
            "10": 9.7,
            "20": 9.703,
            "30": 9.708
          },
          "accuracy": {
            "0": 76.42276422764228,
            "10": 81.70731707317073,
            "20": 86.58536585365853,
            "30": 90.2439024390244
          }
        },
        "observations_avg": 11.101626016260163
      },
      "100": {
        "exhaust": {
          "time": {
            "0": 9.785,
            "10": 9.78,
            "20": 9.774,
            "30": 9.782
          },
          "accuracy": {
            "0": 98.91304347826086,
            "10": 100.0,
            "20": 100.0,
            "30": 100.0
          }
        },
        "hm": {
          "time": {
            "0": 23.508,
            "10": 23.486,
            "20": 23.521,
            "30": 23.482
          },
          "accuracy": {
            "0": 97.82608695652173,
            "10": 100.0,
            "20": 100.0,
            "30": 100.0
          }
        },
        "rhw": {
          "time": {
            "0": 9.656,
            "10": 9.653,
            "20": 9.651,
            "30": 9.666
          },
          "accuracy": {
            "0": 97.82608695652173,
            "10": 100.0,
            "20": 100.0,
            "30": 100.0
          }
        },
        "zg": {
          "time": {
            "0": 9.676,
            "10": 9.668,
            "20": 9.67,
            "30": 9.685
          },
          "accuracy": {
            "0": 97.82608695652173,
            "10": 100.0,
            "20": 100.0,
            "30": 100.0
          }
        },
        "observations_avg": 14.5
      }
    },
    "landmarks_avg": {
      "exhaust": 35.945034519383555,
      "hm": 22.708443972384263,
      "rhw": 24.75938219153836,
      "zg": 21.917649141441967
    },
    "spread": {
      "10": {
        "exhaust": {
          "0": 1.008130081300813,
          "10": 1.3414634146341464,
          "20": 1.5691056910569106,
          "30": 2.178861788617886
        },
        "hm": {
          "0": 1.0040650406504066,
          "10": 1.3333333333333333,
          "20": 1.5609756097560976,
          "30": 1.8699186991869918
        },
        "rhw": {
          "0": 1.008130081300813,
          "10": 1.2967479674796747,
          "20": 1.5731707317073171,
          "30": 1.8902439024390243
        },
        "zg": {
          "0": 1.008130081300813,
          "10": 1.2276422764227641,
          "20": 1.5284552845528456,