{
  "blocks_world": {
    "problems": 1076,
    "goals_avg": 20.280669144981413,
    "observations": {
      "10": {
        "exhaust": {
          "time": {
            "0": 7.522,
            "10": 7.523,
            "20": 7.541,
            "30": 7.53
          },
          "accuracy": {
            "0": 46.7479674796748,
            "10": 75.20325203252033,
            "20": 93.08943089430895,
            "30": 99.1869918699187
          }
        },
        "hm": {
          "time": {
            "0": 22.27,
            "10": 22.233,
            "20": 22.236,
            "30": 22.244
          },
          "accuracy": {
            "0": 41.05691056910569,
            "10": 58.536585365853654,
            "20": 70.32520325203252,
            "30": 83.33333333333334
          }
        },
        "rhw": {
          "time": {
            "0": 7.444,
            "10": 7.452,
            "20": 7.433,
            "30": 7.457
          },
          "accuracy": {
            "0": 36.99186991869919,
            "10": 53.65853658536586,
            "20": 70.73170731707317,
            "30": 80.48780487804879
          }
        },
        "zg": {
          "time": {
            "0": 7.462,
            "10": 7.465,
            "20": 7.441,
            "30": 7.44
          },
          "accuracy": {
            "0": 36.58536585365854,
            "10": 49.1869918699187,
            "20": 69.91869918699187,
            "30": 79.67479674796748
          }
        },
        "observations_avg": 1.8170731707317074
      },
      "30": {
        "exhaust": {
          "time": {
            "0": 7.539,
            "10": 7.551,
            "20": 7.55,
            "30": 7.539
          },
          "accuracy": {
            "0": 68.69918699186992,
            "10": 88.21138211382113,
            "20": 98.3739837398374,
            "30": 100.0
          }
        },
        "hm": {
          "time": {
            "0": 22.274,
            "10": 22.275,
            "20": 22.318,
            "30": 22.305
          },
          "accuracy": {
            "0": 58.94308943089431,
            "10": 78.04878048780488,
            "20": 85.36585365853658,
            "30": 94.3089430894309
          }
        },
        "rhw": {
          "time": {
            "0": 7.456,
            "10": 7.477,
            "20": 7.467,
            "30": 7.46
          },
          "accuracy": {
            "0": 56.91056910569105,
            "10": 76.42276422764228,
            "20": 85.77235772357723,
            "30": 93.4959349593496
          }
        },
        "zg": {
          "time": {
            "0": 7.459,
            "10": 7.465,
            "20": 7.47,
            "30": 7.48
          },
          "accuracy": {
            "0": 60.97560975609756,
            "10": 75.60975609756098,
            "20": 83.73983739837398,
            "30": 93.4959349593496
          }
        },
        "observations_avg": 4.930894308943089
      },
      "50": {
        "exhaust": {
          "time": {
            "0": 8.039,
            "10": 8.035,
            "20": 8.042,
            "30": 8.016
          },
          "accuracy": {
            "0": 82.52032520325203,
            "10": 97.5609756097561,
            "20": 100.0,
            "30": 100.0
          }
        },
        "hm": {
          "time": {
            "0": 25.946,
            "10": 25.888,
            "20": 25.935,
            "30": 25.87
          },
          "accuracy": {
            "0": 71.54471544715447,
            "10": 87.8048780487805,
            "20": 95.9349593495935,
            "30": 98.78048780487805
          }
        },
        "rhw": {
          "time": {
            "0": 7.934,
            "10": 7.95,
            "20": 7.93,
            "30": 7.927
          },
          "accuracy": {
            "0": 71.95121951219512,
            "10": 86.58536585365853,
            "20": 94.71544715447155,
            "30": 99.1869918699187
          }
        },
        "zg": {
          "time": {
            "0": 7.947,
            "10": 7.938,
            "20": 7.945,
            "30": 7.95
          },
          "accuracy": {
            "0": 71.95121951219512,
            "10": 86.1788617886179,
            "20": 95.52845528455285,
            "30": 98.78048780487805
          }
        },
        "observations_avg": 7.662601626016261
      },
      "70": {
        "exhaust": {
          "time": {
            "0": 7.221,
            "10": 7.217,
            "20": 7.212,
            "30": 7.221
          },
          "accuracy": {
            "0": 93.4959349593496,
            "10": 100.0,
            "20": 100.0,
            "30": 100.0
          }
        },
        "hm": {
          "time": {
            "0": 22.438,
            "10": 22.458,
            "20": 22.464,
            "30": 22.477
          },
          "accuracy": {
            "0": 82.11382113821138,
            "10": 97.96747967479675,
            "20": 100.0,
            "30": 100.0
          }
        },
        "rhw": {
          "time": {
            "0": 7.151,
            "10": 7.136,
            "20": 7.147,
            "30": 7.15
          },
          "accuracy": {
            "0": 81.70731707317073,
            "10": 95.9349593495935,
            "20": 100.0,
            "30": 100.0
          }
        },
        "zg": {
          "time": {
            "0": 7.15,
            "10": 7.144,
            "20": 7.162,
            "30": 7.158
          },
          "accuracy": {
            "0": 84.5528455284553,
            "10": 97.5609756097561,
            "20": 100.0,
            "30": 100.0
          }
        },
        "observations_avg": 11.101626016260163
      },
      "100": {
        "exhaust": {
          "time": {
            "0": 10.065,
            "10": 10.092,
            "20": 10.058,
            "30": 10.049
          },
          "accuracy": {
            "0": 100.0,
            "10": 100.0,
            "20": 100.0,
            "30": 100.0
          }
        },
        "hm": {
          "time": {
            "0": 28.559,
            "10": 28.471,
            "20": 28.654,
            "30": 28.659
          },
          "accuracy": {
            "0": 98.91304347826086,
            "10": 100.0,
            "20": 100.0,
            "30": 100.0
          }
        },
        "rhw": {
          "time": {
            "0": 10.021,
            "10": 9.973,
            "20": 9.938,
            "30": 9.982
          },
          "accuracy": {
            "0": 98.91304347826086,
            "10": 100.0,
            "20": 100.0,
            "30": 100.0
          }
        },
        "zg": {
          "time": {
            "0": 9.985,
            "10": 9.969,
            "20": 9.976,
            "30": 9.976
          },
          "accuracy": {
            "0": 98.91304347826086,
            "10": 100.0,
            "20": 100.0,
            "30": 100.0
          }
        },
        "observations_avg": 14.5
      }
    },
    "landmarks_avg": {
      "exhaust": 35.945034519383555,
      "hm": 22.708443972384263,
      "rhw": 24.75938219153836,
      "zg": 21.917649141441967
    }
  }
}