{
  "blocks_world": {
    "problems": 1076,
    "goals_avg": 20.280669144981413,
    "observations": {
      "10": {
        "exhaust": {
          "time": {
            "0": 9.783,
            "10": 9.772
          },
          "accuracy": {
            "0": 37.39837398373984,
            "10": 72.76422764227642
          }
        },
        "hm": {
          "time": {
            "0": 30.189,
            "10": 30.083
          },
          "accuracy": {
            "0": 36.17886178861789,
            "10": 73.17073170731707
          }
        },
        "rhw": {
          "time": {
            "0": 9.654,
            "10": 9.653
          },
          "accuracy": {
            "0": 30.89430894308943,
            "10": 64.63414634146342
          }
        },
        "zg": {
          "time": {
            "0": 9.676,
            "10": 9.686
          },
          "accuracy": {
            "0": 39.83739837398374,
            "10": 65.85365853658537
          }
        },
        "hoffmann": {
          "time": {
            "0": 17.855,
            "10": 17.866
          },
          "accuracy": {
            "0": 39.83739837398374,
            "10": 65.85365853658537
          }
        },
        "observations_avg": 1.8170731707317074
      },
      "30": {
        "exhaust": {
          "time": {
            "0": 7.301,
            "10": 7.289
          },
          "accuracy": {
            "0": 48.78048780487805,
            "10": 84.14634146341463
          }
        },
        "hm": {
          "time": {
            "0": 23.251,
            "10": 23.257
          },
          "accuracy": {
            "0": 58.13008130081301,
            "10": 87.39837398373984
          }
        },
        "rhw": {
          "time": {
            "0": 7.297,
            "10": 7.296
          },
          "accuracy": {
            "0": 54.0650406504065,
            "10": 80.89430894308943
          }
        },
        "zg": {
          "time": {
            "0": 7.281,
            "10": 7.253
          },
          "accuracy": {
            "0": 57.3170731707317,
            "10": 86.99186991869918
          }
        },
        "hoffmann": {
          "time": {
            "0": 12.771,
            "10": 12.745
          },
          "accuracy": {
            "0": 57.3170731707317,
            "10": 86.99186991869918
          }
        },
        "observations_avg": 4.930894308943089
      },
      "50": {
        "exhaust": {
          "time": {
            "0": 9.425,
            "10": 9.394
          },
          "accuracy": {
            "0": 57.72357723577236,
            "10": 95.1219512195122
          }
        },
        "hm": {
          "time": {
            "0": 30.687,
            "10": 30.702
          },
          "accuracy": {
            "0": 67.47967479674797,
            "10": 94.3089430894309
          }
        },
        "rhw": {
          "time": {
            "0": 9.27,
            "10": 9.271
          },
          "accuracy": {
            "0": 65.4471544715447,
            "10": 92.27642276422763
          }
        },
        "zg": {
          "time": {
            "0": 9.356,
            "10": 9.352
          },
          "accuracy": {
            "0": 67.88617886178862,
            "10": 92.27642276422763
          }
        },
        "hoffmann": {
          "time": {
            "0": 17.117,
            "10": 17.106
          },
          "accuracy": {
            "0": 67.47967479674797,
            "10": 92.27642276422763
          }
        },
        "observations_avg": 7.662601626016261
      },
      "70": {
        "exhaust": {
          "time": {
            "0": 10.31,
            "10": 10.318
          },
          "accuracy": {
            "0": 80.08130081300813,
            "10": 100.0
          }
        },
        "hm": {
          "time": {
            "0": 32.454,
            "10": 32.48
          },
          "accuracy": {
            "0": 84.14634146341463,
            "10": 100.0
          }
        },
        "rhw": {
          "time": {
            "0": 10.26,
            "10": 10.275
          },
          "accuracy": {
            "0": 81.30081300813008,
            "10": 99.1869918699187
          }
        },
        "zg": {
          "time": {
            "0": 10.285,
            "10": 10.266
          },
          "accuracy": {
            "0": 85.36585365853658,
            "10": 99.1869918699187
          }
        },
        "hoffmann": {
          "time": {
            "0": 19.054,
            "10": 19.174
          },
          "accuracy": {
            "0": 85.36585365853658,
            "10": 99.1869918699187
          }
        },
        "observations_avg": 11.101626016260163
      },
      "100": {
        "exhaust": {
          "time": {
            "0": 11.777,
            "10": 11.769
          },
          "accuracy": {
            "0": 100.0,
            "10": 100.0
          }
        },
        "hm": {
          "time": {
            "0": 34.462,
            "10": 34.696
          },
          "accuracy": {
            "0": 100.0,
            "10": 100.0
          }
        },
        "rhw": {
          "time": {
            "0": 11.763,
            "10": 11.709
          },
          "accuracy": {
            "0": 100.0,
            "10": 100.0
          }
        },
        "zg": {
          "time": {
            "0": 11.708,
            "10": 11.707
          },
          "accuracy": {
            "0": 100.0,
            "10": 100.0
          }
        },
        "hoffmann": {
          "time": {
            "0": 22.379,
            "10": 22.177
          },
          "accuracy": {
            "0": 100.0,
            "10": 100.0
          }
        },
        "observations_avg": 14.5
      }
    },
    "landmarks_avg": {
      "exhaust": 35.945034519384656,
      "hm": 22.708443972384636,
      "rhw": 24.75938219153857,
      "zg": 21.91764914144051,
      "hoffmann": 22.079545052221192
    },
    "spread": {
      "10": {
        "exhaust": {
          "0": 1.434959349593496,
          "10": 6.597560975609756
        },
        "hm": {
          "0": 1.3333333333333333,
          "10": 6.191056910569106
        },
        "rhw": {
          "0": 1.3658536585365855,
          "10": 5.711382113821138
        },
        "zg": {
          "0": 1.3455284552845528,
          "10": 5.634146341463414
        },
        "hoffmann": {
          "0": 1.353658536585366,
          "10": 5.678861788617886
        }
      },
      "30": {
        "exhaust": {
          "0": 1.1341463414634145,
          "10": 6.780487804878049
        },
        "hm": {
          "0": 1.1788617886178863,
          "10": 5.2560975609756095
        },
        "rhw": {
          "0": 1.1991869918699187,
          "10": 5.430894308943089
        },
        "zg": {
          "0": 1.2113821138211383,
          "10": 5.105691056910569
        },
        "hoffmann": {
          "0": 1.2154471544715446,
          "10": 5.150406504065041
        }
      },
      "50": {
        "exhaust": {
          "0": 1.0731707317073171,
          "10": 6.666666666666667
        },
        "hm": {
          "0": 1.0934959349593496,
          "10": 4.646341463414634
        },
        "rhw": {
          "0": 1.113821138211382,
          "10": 5.121951219512195
        },
        "zg": {
          "0": 1.1260162601626016,
          "10": 4.487804878048781
        },
        "hoffmann": {
          "0": 1.1260162601626016,
          "10": 4.504065040650406
        }
      },
      "70": {
        "exhaust": {
          "0": 1.0934959349593496,
          "10": 6.361788617886178
        },
        "hm": {
          "0": 1.1504065040650406,
          "10": 4.121951219512195
        },
        "rhw": {
          "0": 1.1422764227642277,
          "10": 4.487804878048781
        },
        "zg": {
          "0": 1.1747967479674797,
          "10": 3.9065040650406506
        },
        "hoffmann": {
          "0": 1.1747967479674797,