{
  "blocks_world": {
    "problems": 1076,
    "goals_avg": 20.280669144981413,
    "observations": {
      "10": {
        "exhaust": {
          "time": {
            "0": 9.634,
            "10": 9.66,
            "20": 9.632,
            "30": 9.644
          },
          "accuracy": {
            "0": 37.39837398373984,
            "10": 72.76422764227642,
            "20": 94.3089430894309,
            "30": 100.0
          }
        },
        "hm": {
          "time": {
            "0": 24.67,
            "10": 24.694,
            "20": 24.674,
            "30": 24.677
          },
          "accuracy": {
            "0": 36.17886178861789,
            "10": 73.17073170731707,
            "20": 93.90243902439023,
            "30": 99.59349593495935
          }
        },
        "rhw": {
          "time": {
            "0": 9.516,
            "10": 9.511,
            "20": 9.528,
            "30": 9.517
          },
          "accuracy": {
            "0": 30.89430894308943,
            "10": 64.63414634146342,
            "20": 88.6178861788618,
            "30": 98.78048780487805
          }
        },
        "zg": {
          "time": {
            "0": 9.537,
            "10": 9.517,
            "20": 9.545,
            "30": 9.552
          },
          "accuracy": {
            "0": 39.83739837398374,
            "10": 65.85365853658537,
            "20": 94.3089430894309,
            "30": 99.1869918699187
          }
        },
        "observations_avg": 1.8170731707317074
      },
      "30": {
        "exhaust": {
          "time": {
            "0": 9.604,
            "10": 9.571,
            "20": 9.575,
            "30": 9.548
          },
          "accuracy": {
            "0": 48.78048780487805,
            "10": 84.14634146341463,
            "20": 98.3739837398374,
            "30": 100.0
          }
        },
        "hm": {
          "time": {
            "0": 24.911,
            "10": 24.901,
            "20": 24.958,
            "30": 24.996
          },
          "accuracy": {
            "0": 58.13008130081301,
            "10": 87.39837398373984,
            "20": 98.78048780487805,
            "30": 100.0
          }
        },
        "rhw": {
          "time": {
            "0": 9.407,
            "10": 9.443,
            "20": 9.421,
            "30": 9.441
          },
          "accuracy": {
            "0": 54.0650406504065,
            "10": 80.89430894308943,
            "20": 97.15447154471545,
            "30": 100.0
          }
        },
        "zg": {
          "time": {
            "0": 9.449,
            "10": 9.478,
            "20": 9.446,
            "30": 9.455
          },
          "accuracy": {
            "0": 57.3170731707317,
            "10": 86.99186991869918,
            "20": 98.78048780487805,
            "30": 100.0
          }
        },
        "observations_avg": 4.930894308943089
      },
      "50": {
        "exhaust": {
          "time": {
            "0": 12.549,
            "10": 12.586,
            "20": 12.521,
            "30": 12.495
          },
          "accuracy": {
            "0": 57.72357723577236,
            "10": 95.1219512195122,
            "20": 100.0,
            "30": 100.0
          }
        },
        "hm": {
          "time": {
            "0": 40.184,
            "10": 40.143,
            "20": 40.34,
            "30": 40.028
          },
          "accuracy": {
            "0": 67.47967479674797,
            "10": 94.3089430894309,
            "20": 100.0,
            "30": 100.0
          }
        },
        "rhw": {
          "time": {
            "0": 12.354,
            "10": 12.399,
            "20": 12.389,
            "30": 12.378
          },
          "accuracy": {
            "0": 65.4471544715447,
            "10": 92.27642276422763,
            "20": 98.78048780487805,
            "30": 100.0
          }
        },
        "zg": {
          "time": {
            "0": 12.412,
            "10": 12.446,
            "20": 12.352,
            "30": 12.346
          },
          "accuracy": {
            "0": 67.88617886178862,
            "10": 92.27642276422763,
            "20": 100.0,
            "30": 100.0
          }
        },
        "observations_avg": 7.662601626016261
      },
      "70": {
        "exhaust": {
          "time": {
            "0": 7.819,
            "10": 7.819,
            "20": 7.815,
            "30": 7.814
          },
          "accuracy": {
            "0": 80.08130081300813,
            "10": 100.0,
            "20": 100.0,
            "30": 100.0
          }
        },
        "hm": {
          "time": {
            "0": 24.211,
            "10": 24.212,
            "20": 24.213,
            "30": 24.267
          },
          "accuracy": {
            "0": 84.14634146341463,
            "10": 100.0,
            "20": 100.0,
            "30": 100.0
          }
        },
        "rhw": {
          "time": {
            "0": 7.72,
            "10": 7.734,
            "20": 7.73,
            "30": 7.731
          },
          "accuracy": {
            "0": 81.30081300813008,
            "10": 99.1869918699187,
            "20": 100.0,
            "30": 100.0
          }
        },
        "zg": {
          "time": {
            "0": 7.727,
            "10": 7.744,
            "20": 7.736,
            "30": 7.748
          },
          "accuracy": {
            "0": 85.36585365853658,
            "10": 99.1869918699187,
            "20": 100.0,
            "30": 100.0
          }
        },
        "observations_avg": 11.101626016260163
      },
      "100": {
        "exhaust": {
          "time": {
            "0": 24.304,
            "10": 24.192,
            "20": 24.274,
            "30": 24.464
          },
          "accuracy": {
            "0": 100.0,
            "10": 100.0,
            "20": 100.0,
            "30": 100.0
          }
        },
        "hm": {
          "time": {
            "0": 68.465,
            "10": 69.645,
            "20": 72.724,
            "30": 73.835
          },
          "accuracy": {
            "0": 100.0,
            "10": 100.0,
            "20": 100.0,
            "30": 100.0
          }
        },
        "rhw": {
          "time": {
            "0": 24.082,
            "10": 24.044,
            "20": 24.359,
            "30": 24.2
          },
          "accuracy": {
            "0": 100.0,
            "10": 100.0,
            "20": 100.0,
            "30": 100.0
          }
        },
        "zg": {
          "time": {
            "0": 24.098,
            "10": 24.292,
            "20": 24.369,
            "30": 24.247
          },
          "accuracy": {
            "0": 100.0,
            "10": 100.0,
            "20": 100.0,
            "30": 100.0
          }
        },
        "observations_avg": 14.5
      }
    },
    "landmarks_avg": {
      "exhaust": 35.945034519383555,
      "hm": 22.708443972384263,
      "rhw": 24.75938219153836,
      "zg": 21.917649141441967
    },
    "spread": {
      "10": {
        "exhaust": {
          "0": 1.434959349593496,
          "10": 6.597560975609756,
          "20": 14.528455284552846,
          "30": 19.369918699186993
        },
        "hm": {
          "0": 1.3333333333333333,
          "10": 6.191056910569106,
          "20": 13.036585365853659,
          "30": 18.036585365853657
        },
        "rhw": {
          "0": 1.3658536585365855,
          "10": 5.711382113821138,
          "20": 11.296747967479675,
          "30": 16.447154471544714
        },
        "zg": {
          "0": 1.3455284552845528,
          "10": 5.634146341463414,
          "20": 12.845528455284553,
          "30": 17.650406504065042
        }
      },
      "30": {
        "exhaust": {
          "0": 1.1341463414634145,
          "10": 6.780487804878049,
          "20": 13.975609756097562,
          "30": 18.833333333333332
        },
        "hm": {
          "0": 1.1788617886178863,
          "10": 5.2560975609756095,