{
  "blocks_world": {
    "problems": 1076,
    "goals_avg": 20.280669144981413,
    "observations": {
      "10": {
        "exhaust": {
          "time": {
            "0": 9.801,
            "10": 9.808,
            "20": 9.804,
            "30": 9.806
          },
          "accuracy": {
            "0": 46.7479674796748,
            "10": 75.20325203252033,
            "20": 93.08943089430895,
            "30": 99.1869918699187
          }
        },
        "hm": {
          "time": {
            "0": 24.915,
            "10": 24.889,
            "20": 24.875,
            "30": 24.885
          },
          "accuracy": {
            "0": 41.05691056910569,
            "10": 58.536585365853654,
            "20": 70.32520325203252,
            "30": 83.33333333333334
          }
        },
        "rhw": {
          "time": {
            "0": 9.697,
            "10": 9.671,
            "20": 9.671,
            "30": 9.658
          },
          "accuracy": {
            "0": 36.99186991869919,
            "10": 53.65853658536586,
            "20": 70.73170731707317,
            "30": 80.48780487804879
          }
        },
        "zg": {
          "time": {
            "0": 9.709,
            "10": 9.691,
            "20": 9.692,
            "30": 9.709
          },
          "accuracy": {
            "0": 36.58536585365854,
            "10": 49.1869918699187,
            "20": 69.91869918699187,
            "30": 79.67479674796748
          }
        },
        "observations_avg": 1.8170731707317074
      },
      "30": {
        "exhaust": {
          "time": {
            "0": 9.784,
            "10": 9.804,
            "20": 9.8,
            "30": 9.792
          },
          "accuracy": {
            "0": 68.69918699186992,
            "10": 88.21138211382113,
            "20": 98.3739837398374,
            "30": 100.0
          }
        },
        "hm": {
          "time": {
            "0": 24.846,
            "10": 24.82,
            "20": 24.849,
            "30": 24.842
          },
          "accuracy": {
            "0": 58.94308943089431,
            "10": 78.04878048780488,
            "20": 85.36585365853658,
            "30": 94.3089430894309
          }
        },
        "rhw": {
          "time": {
            "0": 9.668,
            "10": 9.666,
            "20": 9.673,
            "30": 9.674
          },
          "accuracy": {
            "0": 56.91056910569105,
            "10": 76.42276422764228,
            "20": 85.77235772357723,
            "30": 93.4959349593496
          }
        },
        "zg": {
          "time": {
            "0": 9.693,
            "10": 9.687,
            "20": 9.704,
            "30": 9.697
          },
          "accuracy": {
            "0": 60.97560975609756,
            "10": 75.60975609756098,
            "20": 83.73983739837398,
            "30": 93.4959349593496
          }
        },
        "observations_avg": 4.930894308943089
      },
      "50": {
        "exhaust": {
          "time": {
            "0": 9.795,
            "10": 9.801,
            "20": 9.802,
            "30": 9.799
          },
          "accuracy": {
            "0": 82.52032520325203,
            "10": 97.5609756097561,
            "20": 100.0,
            "30": 100.0
          }
        },
        "hm": {
          "time": {
            "0": 24.86,
            "10": 24.846,
            "20": 24.821,
            "30": 24.856
          },
          "accuracy": {
            "0": 71.54471544715447,
            "10": 87.8048780487805,
            "20": 95.9349593495935,
            "30": 98.78048780487805
          }
        },
        "rhw": {
          "time": {
            "0": 9.672,
            "10": 9.666,
            "20": 9.663,
            "30": 9.659
          },
          "accuracy": {
            "0": 71.95121951219512,
            "10": 86.58536585365853,
            "20": 94.71544715447155,
            "30": 99.1869918699187
          }
        },
        "zg": {
          "time": {
            "0": 9.672,
            "10": 9.698,
            "20": 9.678,
            "30": 9.698
          },
          "accuracy": {
            "0": 71.95121951219512,
            "10": 86.1788617886179,
            "20": 95.52845528455285,
            "30": 98.78048780487805
          }
        },
        "observations_avg": 7.662601626016261
      },
      "70": {
        "exhaust": {
          "time": {
            "0": 9.806,
            "10": 9.801,
            "20": 9.808,
            "30": 9.794
          },
          "accuracy": {
            "0": 93.4959349593496,
            "10": 100.0,
            "20": 100.0,
            "30": 100.0
          }
        },
        "hm": {
          "time": {
            "0": 24.853,
            "10": 24.853,
            "20": 24.837,
            "30": 24.817
          },
          "accuracy": {
            "0": 82.11382113821138,
            "10": 97.96747967479675,
            "20": 100.0,
            "30": 100.0
          }
        },
        "rhw": {
          "time": {
            "0": 9.68,
            "10": 9.659,
            "20": 9.674,
            "30": 9.668
          },
          "accuracy": {
            "0": 81.70731707317073,
            "10": 95.9349593495935,
            "20": 100.0,
            "30": 100.0
          }
        },
        "zg": {
          "time": {
            "0": 9.705,
            "10": 9.69,
            "20": 9.692,
            "30": 9.69
          },
          "accuracy": {
            "0": 84.5528455284553,
            "10": 97.5609756097561,
            "20": 100.0,
            "30": 100.0
          }
        },
        "observations_avg": 11.101626016260163
      },
      "100": {
        "exhaust": {
          "time": {
            "0": 9.748,
            "10": 9.731,
            "20": 9.767,
            "30": 9.752
          },
          "accuracy": {
            "0": 100.0,
            "10": 100.0,
            "20": 100.0,
            "30": 100.0
          }
        },
        "hm": {
          "time": {
            "0": 23.583,
            "10": 23.667,
            "20": 23.503,
            "30": 23.447
          },
          "accuracy": {
            "0": 98.91304347826086,
            "10": 100.0,
            "20": 100.0,
            "30": 100.0
          }
        },
        "rhw": {
          "time": {
            "0": 9.636,
            "10": 9.635,
            "20": 9.66,
            "30": 9.637
          },
          "accuracy": {
            "0": 98.91304347826086,
            "10": 100.0,
            "20": 100.0,
            "30": 100.0
          }
        },
        "zg": {
          "time": {
            "0": 9.662,
            "10": 9.678,
            "20": 9.644,
            "30": 9.653
          },
          "accuracy": {
            "0": 98.91304347826086,
            "10": 100.0,
            "20": 100.0,
            "30": 100.0
          }
        },
        "observations_avg": 14.5
      }
    },
    "landmarks_avg": {
      "exhaust": 35.945034519383555,
      "hm": 22.708443972384263,
      "rhw": 24.75938219153836,
      "zg": 21.917649141441967
    },
    "spread": {
      "10": {
        "exhaust": {
          "0": 1.3902439024390243,
          "10": 5.223577235772358,
          "20": 9.085365853658537,
          "30": 11.597560975609756
        },
        "hm": {
          "0": 1.2764227642276422,
          "10": 3.6463414634146343,
          "20": 5.780487804878049,
          "30": 7.845528455284553
        },
        "rhw": {
          "0": 1.2967479674796747,
          "10": 3.532520325203252,
          "20": 5.634146341463414,
          "30": 7.341463414634147
        },
        "zg": {
          "0": 1.3089430894308942,
          "10": 3.073170731707317,
          "20": 5.317073170731708,
          "30": 7.2560975609756095
        }
      },
      "30": {
        "exhaust": {
          "0": 1.170731707317073,
          "10": 5.296747967479675,
          "20": 9.109756097560975,