{
  "satellite": {
    "problems": 364,
    "goals_avg": 6.428571428571429,
    "observations": {
      "10": {
        "exhaust": {
          "time": {
            "0": 4.644,
            "10": 4.643,
            "20": 4.649,
            "30": 4.641
          },
          "accuracy": {
            "0": 58.333333333333336,
            "10": 61.904761904761905,
            "20": 72.61904761904762,
            "30": 73.80952380952381
          }
        },
        "hm": {
          "time": {
            "0": 6.275,
            "10": 6.247,
            "20": 6.25,
            "30": 6.248
          },
          "accuracy": {
            "0": 64.28571428571429,
            "10": 67.85714285714286,
            "20": 76.19047619047619,
            "30": 80.95238095238095
          }
        },
        "rhw": {
          "time": {
            "0": 4.562,
            "10": 4.611,
            "20": 4.616,
            "30": 4.587
          },
          "accuracy": {
            "0": 63.095238095238095,
            "10": 66.66666666666666,
            "20": 72.61904761904762,
            "30": 78.57142857142857
          }
        },
        "zg": {
          "time": {
            "0": 4.567,
            "10": 4.572,
            "20": 4.57,
            "30": 4.566
          },
          "accuracy": {
            "0": 64.28571428571429,
            "10": 67.85714285714286,
            "20": 76.19047619047619,
            "30": 80.95238095238095
          }
        },
        "observations_avg": 2.0714285714285716
      },
      "30": {
        "exhaust": {
          "time": {
            "0": 4.509,
            "10": 4.486,
            "20": 4.488,
            "30": 4.515
          },
          "accuracy": {
            "0": 75.0,
            "10": 80.95238095238095,
            "20": 91.66666666666666,
            "30": 92.85714285714286
          }
        },
        "hm": {
          "time": {
            "0": 6.087,
            "10": 6.106,
            "20": 6.151,
            "30": 6.144
          },
          "accuracy": {
            "0": 71.42857142857143,
            "10": 75.0,
            "20": 85.71428571428571,
            "30": 89.28571428571429
          }
        },
        "rhw": {
          "time": {
            "0": 4.485,
            "10": 4.49,
            "20": 4.502,
            "30": 4.483
          },
          "accuracy": {
            "0": 64.28571428571429,
            "10": 72.61904761904762,
            "20": 80.95238095238095,
            "30": 86.90476190476191
          }
        },
        "zg": {
          "time": {
            "0": 4.482,
            "10": 4.483,
            "20": 4.49,
            "30": 4.435
          },
          "accuracy": {
            "0": 71.42857142857143,
            "10": 75.0,
            "20": 85.71428571428571,
            "30": 89.28571428571429
          }
        },
        "observations_avg": 5.428571428571429
      },
      "50": {
        "exhaust": {
          "time": {
            "0": 4.558,
            "10": 4.609,
            "20": 4.614,
            "30": 4.587
          },
          "accuracy": {
            "0": 78.57142857142857,
            "10": 83.33333333333334,
            "20": 86.90476190476191,
            "30": 91.66666666666666
          }
        },
        "hm": {
          "time": {
            "0": 6.224,
            "10": 6.224,
            "20": 6.172,
            "30": 6.22
          },
          "accuracy": {
            "0": 78.57142857142857,
            "10": 80.95238095238095,
            "20": 88.09523809523809,
            "30": 89.28571428571429
          }
        },
        "rhw": {
          "time": {
            "0": 4.545,
            "10": 4.545,
            "20": 4.567,
            "30": 4.545
          },
          "accuracy": {
            "0": 70.23809523809523,
            "10": 76.19047619047619,
            "20": 82.14285714285714,
            "30": 88.09523809523809
          }
        },
        "zg": {
          "time": {
            "0": 4.555,
            "10": 4.52,
            "20": 4.545,
            "30": 4.591
          },
          "accuracy": {
            "0": 78.57142857142857,
            "10": 80.95238095238095,
            "20": 88.09523809523809,
            "30": 89.28571428571429
          }
        },
        "observations_avg": 8.714285714285714
      },
      "70": {
        "exhaust": {
          "time": {
            "0": 4.638,
            "10": 4.608,
            "20": 4.628,
            "30": 4.639
          },
          "accuracy": {
            "0": 86.90476190476191,
            "10": 91.66666666666666,
            "20": 96.42857142857143,
            "30": 98.80952380952381
          }
        },
        "hm": {
          "time": {
            "0": 6.227,
            "10": 6.258,
            "20": 6.282,
            "30": 6.219
          },
          "accuracy": {
            "0": 88.09523809523809,
            "10": 92.85714285714286,
            "20": 96.42857142857143,
            "30": 97.61904761904762
          }
        },
        "rhw": {
          "time": {
            "0": 4.607,
            "10": 4.597,
            "20": 4.562,
            "30": 4.576
          },
          "accuracy": {
            "0": 80.95238095238095,
            "10": 90.47619047619048,
            "20": 91.66666666666666,
            "30": 97.61904761904762
          }
        },
        "zg": {
          "time": {
            "0": 4.533,
            "10": 4.601,
            "20": 4.567,
            "30": 4.632
          },
          "accuracy": {
            "0": 88.09523809523809,
            "10": 92.85714285714286,
            "20": 96.42857142857143,
            "30": 97.61904761904762
          }
        },
        "observations_avg": 12.285714285714286
      },
      "100": {
        "exhaust": {
          "time": {
            "0": 4.915,
            "10": 4.889,
            "20": 4.887,
            "30": 4.977
          },
          "accuracy": {
            "0": 96.42857142857143,
            "10": 100.0,
            "20": 100.0,
            "30": 100.0
          }
        },
        "hm": {
          "time": {
            "0": 6.714,
            "10": 6.824,
            "20": 6.793,
            "30": 6.659
          },
          "accuracy": {
            "0": 100.0,
            "10": 100.0,
            "20": 100.0,
            "30": 100.0
          }
        },
        "rhw": {
          "time": {
            "0": 4.867,
            "10": 4.892,
            "20": 4.83,
            "30": 4.837
          },
          "accuracy": {
            "0": 92.85714285714286,
            "10": 100.0,
            "20": 100.0,
            "30": 100.0
          }
        },
        "zg": {
          "time": {
            "0": 4.867,
            "10": 4.899,
            "20": 4.852,
            "30": 4.899
          },
          "accuracy": {
            "0": 100.0,
            "10": 100.0,
            "20": 100.0,
            "30": 100.0
          }
        },
        "observations_avg": 16.892857142857142
      }
    },
    "landmarks_avg": {
      "exhaust": 30.572278911564528,
      "hm": 10.342687074830016,
      "rhw": 15.423469387755135,
      "zg": 10.342687074830016
    },
    "spread": {
      "10": {
        "exhaust": {
          "0": 1.7976190476190477,
          "10": 1.9166666666666667,
          "20": 2.4166666666666665,
          "30": 2.4404761904761907
        },
        "hm": {
          "0": 2.1666666666666665,
          "10": 2.369047619047619,
          "20": 2.7857142857142856,
          "30": 2.880952380952381
        },
        "rhw": {
          "0": 2.1666666666666665,
          "10": 2.2976190476190474,
          "20": 2.75,
          "30": 2.869047619047619
        },
        "zg": {
          "0": 2.1666666666666665,
          "10": 2.369047619047619,
          "20": 2.7857142857142856,
          "30": 2.880952380952381
        }
      },