{
  "satellite": {
    "problems": 364,
    "goals_avg": 6.428571428571429,
    "observations": {
      "10": {
        "exhaust": {
          "time": {
            "0": 5.681,
            "10": 5.715
          },
          "accuracy": {
            "0": 78.57142857142857,
            "10": 95.23809523809523
          },
          "prob_accuracy": {
            "0": 100.0,
            "10": 100.0
          }
        },
        "hm": {
          "time": {
            "0": 7.703,
            "10": 7.801
          },
          "accuracy": {
            "0": 89.28571428571429,
            "10": 92.85714285714286
          },
          "prob_accuracy": {
            "0": 100.0,
            "10": 100.0
          }
        },
        "rhw": {
          "time": {
            "0": 5.762,
            "10": 5.742
          },
          "accuracy": {
            "0": 89.28571428571429,
            "10": 91.66666666666666
          },
          "prob_accuracy": {
            "0": 100.0,
            "10": 100.0
          }
        },
        "zg": {
          "time": {
            "0": 5.713,
            "10": 5.745
          },
          "accuracy": {
            "0": 89.28571428571429,
            "10": 92.85714285714286
          },
          "prob_accuracy": {
            "0": 100.0,
            "10": 100.0
          }
        },
        "hoffmann": {
          "time": {
            "0": 46.627,
            "10": 46.473
          },
          "accuracy": {
            "0": 88.09523809523809,
            "10": 92.85714285714286
          },
          "prob_accuracy": {
            "0": 100.0,
            "10": 100.0
          }
        },
        "observations_avg": 2.0714285714285716
      },
      "30": {
        "exhaust": {
          "time": {
            "0": 5.822,
            "10": 5.74
          },
          "accuracy": {
            "0": 92.85714285714286,
            "10": 100.0
          },
          "prob_accuracy": {
            "0": 100.0,
            "10": 100.0
          }
        },
        "hm": {
          "time": {
            "0": 7.762,
            "10": 7.789
          },
          "accuracy": {
            "0": 91.66666666666666,
            "10": 94.04761904761905
          },
          "prob_accuracy": {
            "0": 100.0,
            "10": 100.0
          }
        },
        "rhw": {
          "time": {
            "0": 5.684,
            "10": 5.689
          },
          "accuracy": {
            "0": 91.66666666666666,
            "10": 91.66666666666666
          },
          "prob_accuracy": {
            "0": 100.0,
            "10": 100.0
          }
        },
        "zg": {
          "time": {
            "0": 5.766,
            "10": 5.766
          },
          "accuracy": {
            "0": 91.66666666666666,
            "10": 94.04761904761905
          },
          "prob_accuracy": {
            "0": 100.0,
            "10": 100.0
          }
        },
        "hoffmann": {
          "time": {
            "0": 46.759,
            "10": 46.6
          },
          "accuracy": {
            "0": 91.66666666666666,
            "10": 95.23809523809523
          },
          "prob_accuracy": {
            "0": 100.0,
            "10": 100.0
          }
        },
        "observations_avg": 5.428571428571429
      },
      "50": {
        "exhaust": {
          "time": {
            "0": 5.623,
            "10": 5.668
          },
          "accuracy": {
            "0": 95.23809523809523,
            "10": 100.0
          },
          "prob_accuracy": {
            "0": 100.0,
            "10": 100.0
          }
        },
        "hm": {
          "time": {
            "0": 7.646,
            "10": 7.581
          },
          "accuracy": {
            "0": 95.23809523809523,
            "10": 96.42857142857143
          },
          "prob_accuracy": {
            "0": 100.0,
            "10": 100.0
          }
        },
        "rhw": {
          "time": {
            "0": 5.659,
            "10": 5.635
          },
          "accuracy": {
            "0": 95.23809523809523,
            "10": 95.23809523809523
          },
          "prob_accuracy": {
            "0": 100.0,
            "10": 100.0
          }
        },
        "zg": {
          "time": {
            "0": 5.625,
            "10": 5.598
          },
          "accuracy": {
            "0": 95.23809523809523,
            "10": 96.42857142857143
          },
          "prob_accuracy": {
            "0": 100.0,
            "10": 100.0
          }
        },
        "hoffmann": {
          "time": {
            "0": 46.362,
            "10": 46.409
          },
          "accuracy": {
            "0": 95.23809523809523,
            "10": 96.42857142857143
          },
          "prob_accuracy": {
            "0": 100.0,
            "10": 100.0
          }
        },
        "observations_avg": 8.714285714285714
      },
      "70": {
        "exhaust": {
          "time": {
            "0": 5.913,
            "10": 5.901
          },
          "accuracy": {
            "0": 100.0,
            "10": 100.0
          },
          "prob_accuracy": {
            "0": 100.0,
            "10": 100.0
          }
        },
        "hm": {
          "time": {
            "0": 7.864,
            "10": 7.875
          },
          "accuracy": {
            "0": 100.0,
            "10": 100.0
          },
          "prob_accuracy": {
            "0": 100.0,
            "10": 100.0
          }
        },
        "rhw": {
          "time": {
            "0": 5.845,
            "10": 5.815
          },
          "accuracy": {
            "0": 100.0,
            "10": 100.0
          },
          "prob_accuracy": {
            "0": 100.0,
            "10": 100.0
          }
        },
        "zg": {
          "time": {
            "0": 5.878,
            "10": 5.8
          },
          "accuracy": {
            "0": 100.0,
            "10": 100.0
          },
          "prob_accuracy": {
            "0": 100.0,
            "10": 100.0
          }
        },
        "hoffmann": {
          "time": {
            "0": 47.394,
            "10": 47.057
          },
          "accuracy": {
            "0": 100.0,
            "10": 100.0
          },
          "prob_accuracy": {
            "0": 100.0,
            "10": 100.0
          }
        },
        "observations_avg": 12.285714285714286
      },
      "100": {
        "exhaust": {
          "time": {
            "0": 5.685,
            "10": 5.698
          },
          "accuracy": {
            "0": 100.0,
            "10": 100.0
          },
          "prob_accuracy": {
            "0": 100.0,
            "10": 100.0
          }
        },
        "hm": {
          "time": {
            "0": 7.683,
            "10": 7.748
          },
          "accuracy": {
            "0": 100.0,
            "10": 100.0
          },
          "prob_accuracy": {
            "0": 100.0,
            "10": 100.0
          }
        },
        "rhw": {
          "time": {
            "0": 5.736,
            "10": 5.801
          },
          "accuracy": {
            "0": 96.42857142857143,
            "10": 100.0
          },
          "prob_accuracy": {
            "0": 100.0,
            "10": 100.0
          }
        },
        "zg": {
          "time": {
            "0": 5.659,
            "10": 5.627
          },
          "accuracy": {
            "0": 100.0,
            "10": 100.0
          },
          "prob_accuracy": {
            "0": 100.0,
            "10": 100.0
          }
        },
        "hoffmann": {
          "time": {
            "0": 46.385,
            "10": 46.858
          },
          "accuracy": {
            "0": 100.0,
            "10": 100.0
          },
          "prob_accuracy": {
            "0": 100.0,
            "10": 100.0
          }
        },
        "observations_avg": 16.892857142857142
      }
    },
    "landmarks_avg": {
      "exhaust": 30.572278911564663,