{
  "satellite": {
    "problems": 364,
    "goals_avg": 6.428571428571429,
    "observations": {
      "10": {
        "exhaust": {
          "time": {
            "0": 4.647,
            "10": 4.619,
            "20": 4.635,
            "30": 4.618
          },
          "accuracy": {
            "0": 78.57142857142857,
            "10": 95.23809523809523,
            "20": 96.42857142857143,
            "30": 96.42857142857143
          }
        },
        "hm": {
          "time": {
            "0": 6.274,
            "10": 6.252,
            "20": 6.19,
            "30": 6.238
          },
          "accuracy": {
            "0": 89.28571428571429,
            "10": 92.85714285714286,
            "20": 96.42857142857143,
            "30": 96.42857142857143
          }
        },
        "rhw": {
          "time": {
            "0": 4.59,
            "10": 4.6,
            "20": 4.592,
            "30": 4.604
          },
          "accuracy": {
            "0": 89.28571428571429,
            "10": 91.66666666666666,
            "20": 96.42857142857143,
            "30": 96.42857142857143
          }
        },
        "zg": {
          "time": {
            "0": 4.55,
            "10": 4.563,
            "20": 4.577,
            "30": 4.564
          },
          "accuracy": {
            "0": 89.28571428571429,
            "10": 92.85714285714286,
            "20": 96.42857142857143,
            "30": 96.42857142857143
          }
        },
        "observations_avg": 2.0714285714285716
      },
      "30": {
        "exhaust": {
          "time": {
            "0": 4.523,
            "10": 4.531,
            "20": 4.541,
            "30": 4.505
          },
          "accuracy": {
            "0": 92.85714285714286,
            "10": 100.0,
            "20": 100.0,
            "30": 100.0
          }
        },
        "hm": {
          "time": {
            "0": 6.107,
            "10": 6.082,
            "20": 6.033,
            "30": 6.06
          },
          "accuracy": {
            "0": 91.66666666666666,
            "10": 94.04761904761905,
            "20": 98.80952380952381,
            "30": 100.0
          }
        },
        "rhw": {
          "time": {
            "0": 4.458,
            "10": 4.463,
            "20": 4.496,
            "30": 4.54
          },
          "accuracy": {
            "0": 91.66666666666666,
            "10": 91.66666666666666,
            "20": 98.80952380952381,
            "30": 100.0
          }
        },
        "zg": {
          "time": {
            "0": 4.458,
            "10": 4.457,
            "20": 4.462,
            "30": 4.447
          },
          "accuracy": {
            "0": 91.66666666666666,
            "10": 94.04761904761905,
            "20": 98.80952380952381,
            "30": 100.0
          }
        },
        "observations_avg": 5.428571428571429
      },
      "50": {
        "exhaust": {
          "time": {
            "0": 4.573,
            "10": 4.598,
            "20": 4.587,
            "30": 4.623
          },
          "accuracy": {
            "0": 95.23809523809523,
            "10": 100.0,
            "20": 100.0,
            "30": 100.0
          }
        },
        "hm": {
          "time": {
            "0": 6.184,
            "10": 6.169,
            "20": 6.218,
            "30": 6.228
          },
          "accuracy": {
            "0": 95.23809523809523,
            "10": 96.42857142857143,
            "20": 100.0,
            "30": 100.0
          }
        },
        "rhw": {
          "time": {
            "0": 4.55,
            "10": 4.542,
            "20": 4.54,
            "30": 4.563
          },
          "accuracy": {
            "0": 95.23809523809523,
            "10": 95.23809523809523,
            "20": 100.0,
            "30": 100.0
          }
        },
        "zg": {
          "time": {
            "0": 4.576,
            "10": 4.55,
            "20": 4.548,
            "30": 4.594
          },
          "accuracy": {
            "0": 95.23809523809523,
            "10": 96.42857142857143,
            "20": 100.0,
            "30": 100.0
          }
        },
        "observations_avg": 8.714285714285714
      },
      "70": {
        "exhaust": {
          "time": {
            "0": 4.604,
            "10": 4.607,
            "20": 4.605,
            "30": 4.648
          },
          "accuracy": {
            "0": 100.0,
            "10": 100.0,
            "20": 100.0,
            "30": 100.0
          }
        },
        "hm": {
          "time": {
            "0": 6.232,
            "10": 6.286,
            "20": 6.202,
            "30": 6.198
          },
          "accuracy": {
            "0": 100.0,
            "10": 100.0,
            "20": 100.0,
            "30": 100.0
          }
        },
        "rhw": {
          "time": {
            "0": 4.56,
            "10": 4.565,
            "20": 4.62,
            "30": 4.554
          },
          "accuracy": {
            "0": 100.0,
            "10": 100.0,
            "20": 100.0,
            "30": 100.0
          }
        },
        "zg": {
          "time": {
            "0": 4.583,
            "10": 4.566,
            "20": 4.574,
            "30": 4.541
          },
          "accuracy": {
            "0": 100.0,
            "10": 100.0,
            "20": 100.0,
            "30": 100.0
          }
        },
        "observations_avg": 12.285714285714286
      },
      "100": {
        "exhaust": {
          "time": {
            "0": 4.849,
            "10": 4.877,
            "20": 4.863,
            "30": 4.899
          },
          "accuracy": {
            "0": 100.0,
            "10": 100.0,
            "20": 100.0,
            "30": 100.0
          }
        },
        "hm": {
          "time": {
            "0": 6.597,
            "10": 6.736,
            "20": 6.728,
            "30": 6.572
          },
          "accuracy": {
            "0": 100.0,
            "10": 100.0,
            "20": 100.0,
            "30": 100.0
          }
        },
        "rhw": {
          "time": {
            "0": 4.877,
            "10": 4.845,
            "20": 4.819,
            "30": 4.817
          },
          "accuracy": {
            "0": 96.42857142857143,
            "10": 100.0,
            "20": 100.0,
            "30": 100.0
          }
        },
        "zg": {
          "time": {
            "0": 4.849,
            "10": 4.818,
            "20": 4.886,
            "30": 4.892
          },
          "accuracy": {
            "0": 100.0,
            "10": 100.0,
            "20": 100.0,
            "30": 100.0
          }
        },
        "observations_avg": 16.892857142857142
      }
    },
    "landmarks_avg": {
      "exhaust": 30.572278911564528,
      "hm": 10.342687074830016,
      "rhw": 15.423469387755135,
      "zg": 10.342687074830016
    }
  }
}