{
  "satellite": {
    "problems": 364,
    "goals_avg": 6.428571428571429,
    "landmarks_avg": 30.57227891156462,
    "observations": {
      "10": {
        "exhaust": {
          "time": {
            "0": 22.402,
            "10": 22.373,
            "20": 22.498,
            "30": 22.503
          },
          "accuracy": {
            "0": 0.0,
            "10": 0.0,
            "20": 0.0,
            "30": 0.0
          }
        },
        "hm": {
          "time": {
            "0": 0.0,
            "10": 0.0,
            "20": 0.0,
            "30": 0.0
          },
          "accuracy": {
            "0": 0.0,
            "10": 0.0,
            "20": 0.0,
            "30": 0.0
          }
        },
        "rhw": {
          "time": {
            "0": 0.0,
            "10": 0.0,
            "20": 0.0,
            "30": 0.0
          },
          "accuracy": {
            "0": 0.0,
            "10": 0.0,
            "20": 0.0,
            "30": 0.0
          }
        },
        "zg": {
          "time": {
            "0": 0.0,
            "10": 0.0,
            "20": 0.0,
            "30": 0.0
          },
          "accuracy": {
            "0": 0.0,
            "10": 0.0,
            "20": 0.0,
            "30": 0.0
          }
        },
        "observations_avg": 2.0714285714285716
      },
      "30": {
        "exhaust": {
          "time": {
            "0": 20.486,
            "10": 20.512,
            "20": 20.518,
            "30": 20.516
          },
          "accuracy": {
            "0": 0.0,
            "10": 0.0,
            "20": 0.0,
            "30": 0.0
          }
        },
        "hm": {
          "time": {
            "0": 0.0,
            "10": 0.0,
            "20": 0.0,
            "30": 0.0
          },
          "accuracy": {
            "0": 0.0,
            "10": 0.0,
            "20": 0.0,
            "30": 0.0
          }
        },
        "rhw": {
          "time": {
            "0": 0.0,
            "10": 0.0,
            "20": 0.0,
            "30": 0.0
          },
          "accuracy": {
            "0": 0.0,
            "10": 0.0,
            "20": 0.0,
            "30": 0.0
          }
        },
        "zg": {
          "time": {
            "0": 0.0,
            "10": 0.0,
            "20": 0.0,
            "30": 0.0
          },
          "accuracy": {
            "0": 0.0,
            "10": 0.0,
            "20": 0.0,
            "30": 0.0
          }
        },
        "observations_avg": 5.428571428571429
      },
      "50": {
        "exhaust": {
          "time": {
            "0": 23.003,
            "10": 22.941,
            "20": 22.944,
            "30": 23.004
          },
          "accuracy": {
            "0": 0.0,
            "10": 0.0,
            "20": 0.0,
            "30": 0.0
          }
        },
        "hm": {
          "time": {
            "0": 0.0,
            "10": 0.0,
            "20": 0.0,
            "30": 0.0
          },
          "accuracy": {
            "0": 0.0,
            "10": 0.0,
            "20": 0.0,
            "30": 0.0
          }
        },
        "rhw": {
          "time": {
            "0": 0.0,
            "10": 0.0,
            "20": 0.0,
            "30": 0.0
          },
          "accuracy": {
            "0": 0.0,
            "10": 0.0,
            "20": 0.0,
            "30": 0.0
          }
        },
        "zg": {
          "time": {
            "0": 0.0,
            "10": 0.0,
            "20": 0.0,
            "30": 0.0
          },
          "accuracy": {
            "0": 0.0,
            "10": 0.0,
            "20": 0.0,
            "30": 0.0
          }
        },
        "observations_avg": 8.714285714285714
      },
      "70": {
        "exhaust": {
          "time": {
            "0": 23.002,
            "10": 22.96,
            "20": 22.935,
            "30": 23.027
          },
          "accuracy": {
            "0": 0.0,
            "10": 0.0,
            "20": 0.0,
            "30": 0.0
          }
        },
        "hm": {
          "time": {
            "0": 0.0,
            "10": 0.0,
            "20": 0.0,
            "30": 0.0
          },
          "accuracy": {
            "0": 0.0,
            "10": 0.0,
            "20": 0.0,
            "30": 0.0
          }
        },
        "rhw": {
          "time": {
            "0": 0.0,
            "10": 0.0,
            "20": 0.0,
            "30": 0.0
          },
          "accuracy": {
            "0": 0.0,
            "10": 0.0,
            "20": 0.0,
            "30": 0.0
          }
        },
        "zg": {
          "time": {
            "0": 0.0,
            "10": 0.0,
            "20": 0.0,
            "30": 0.0
          },
          "accuracy": {
            "0": 0.0,
            "10": 0.0,
            "20": 0.0,
            "30": 0.0
          }
        },
        "observations_avg": 12.285714285714286
      },
      "100": {
        "exhaust": {
          "time": {
            "0": 25.011,
            "10": 25.084,
            "20": 25.211,
            "30": 25.134
          },
          "accuracy": {
            "0": 0.0,
            "10": 0.0,
            "20": 0.0,
            "30": 0.0
          }
        },
        "hm": {
          "time": {
            "0": 0.0,
            "10": 0.0,
            "20": 0.0,
            "30": 0.0
          },
          "accuracy": {
            "0": 0.0,
            "10": 0.0,
            "20": 0.0,
            "30": 0.0
          }
        },
        "rhw": {
          "time": {
            "0": 0.0,
            "10": 0.0,
            "20": 0.0,
            "30": 0.0
          },
          "accuracy": {
            "0": 0.0,
            "10": 0.0,
            "20": 0.0,
            "30": 0.0
          }
        },
        "zg": {
          "time": {
            "0": 0.0,
            "10": 0.0,
            "20": 0.0,
            "30": 0.0
          },
          "accuracy": {
            "0": 0.0,
            "10": 0.0,
            "20": 0.0,
            "30": 0.0
          }
        },
        "observations_avg": 16.892857142857142
      }
    }
  }
}