{
  "satellite": {
    "problems": 364,
    "goals_avg": 6.428571428571429,
    "observations": {
      "10": {
        "exhaust": {
          "time": {
            "0": 5.906,
            "10": 5.954
          },
          "accuracy": {
            "0": 78.57142857142857,
            "10": 95.23809523809523
          }
        },
        "hm": {
          "time": {
            "0": 8.14,
            "10": 8.191
          },
          "accuracy": {
            "0": 89.28571428571429,
            "10": 92.85714285714286
          }
        },
        "rhw": {
          "time": {
            "0": 5.935,
            "10": 5.844
          },
          "accuracy": {
            "0": 89.28571428571429,
            "10": 91.66666666666666
          }
        },
        "zg": {
          "time": {
            "0": 5.912,
            "10": 5.837
          },
          "accuracy": {
            "0": 89.28571428571429,
            "10": 92.85714285714286
          }
        },
        "hoffmann": {
          "time": {
            "0": 12.158,
            "10": 12.046
          },
          "accuracy": {
            "0": 88.09523809523809,
            "10": 92.85714285714286
          }
        },
        "observations_avg": 2.0714285714285716
      },
      "30": {
        "exhaust": {
          "time": {
            "0": 5.613,
            "10": 5.681
          },
          "accuracy": {
            "0": 92.85714285714286,
            "10": 100.0
          }
        },
        "hm": {
          "time": {
            "0": 7.704,
            "10": 7.66
          },
          "accuracy": {
            "0": 91.66666666666666,
            "10": 94.04761904761905
          }
        },
        "rhw": {
          "time": {
            "0": 5.628,
            "10": 5.619
          },
          "accuracy": {
            "0": 91.66666666666666,
            "10": 91.66666666666666
          }
        },
        "zg": {
          "time": {
            "0": 5.572,
            "10": 5.576
          },
          "accuracy": {
            "0": 91.66666666666666,
            "10": 94.04761904761905
          }
        },
        "hoffmann": {
          "time": {
            "0": 11.468,
            "10": 11.507
          },
          "accuracy": {
            "0": 91.66666666666666,
            "10": 95.23809523809523
          }
        },
        "observations_avg": 5.428571428571429
      },
      "50": {
        "exhaust": {
          "time": {
            "0": 5.84,
            "10": 5.894
          },
          "accuracy": {
            "0": 95.23809523809523,
            "10": 100.0
          }
        },
        "hm": {
          "time": {
            "0": 8.085,
            "10": 8.053
          },
          "accuracy": {
            "0": 95.23809523809523,
            "10": 96.42857142857143
          }
        },
        "rhw": {
          "time": {
            "0": 5.8,
            "10": 5.859
          },
          "accuracy": {
            "0": 95.23809523809523,
            "10": 95.23809523809523
          }
        },
        "zg": {
          "time": {
            "0": 5.89,
            "10": 5.861
          },
          "accuracy": {
            "0": 95.23809523809523,
            "10": 96.42857142857143
          }
        },
        "hoffmann": {
          "time": {
            "0": 11.997,
            "10": 11.92
          },
          "accuracy": {
            "0": 95.23809523809523,
            "10": 96.42857142857143
          }
        },
        "observations_avg": 8.714285714285714
      },
      "70": {
        "exhaust": {
          "time": {
            "0": 5.918,
            "10": 5.956
          },
          "accuracy": {
            "0": 100.0,
            "10": 100.0
          }
        },
        "hm": {
          "time": {
            "0": 8.091,
            "10": 8.121
          },
          "accuracy": {
            "0": 100.0,
            "10": 100.0
          }
        },
        "rhw": {
          "time": {
            "0": 5.792,
            "10": 5.883
          },
          "accuracy": {
            "0": 100.0,
            "10": 100.0
          }
        },
        "zg": {
          "time": {
            "0": 5.906,
            "10": 5.857
          },
          "accuracy": {
            "0": 100.0,
            "10": 100.0
          }
        },
        "hoffmann": {
          "time": {
            "0": 12.087,
            "10": 12.233
          },
          "accuracy": {
            "0": 100.0,
            "10": 100.0
          }
        },
        "observations_avg": 12.285714285714286
      },
      "100": {
        "exhaust": {
          "time": {
            "0": 6.067,
            "10": 6.076
          },
          "accuracy": {
            "0": 100.0,
            "10": 100.0
          }
        },
        "hm": {
          "time": {
            "0": 8.393,
            "10": 8.302
          },
          "accuracy": {
            "0": 100.0,
            "10": 100.0
          }
        },
        "rhw": {
          "time": {
            "0": 6.086,
            "10": 5.93
          },
          "accuracy": {
            "0": 96.42857142857143,
            "10": 100.0
          }
        },
        "zg": {
          "time": {
            "0": 6.097,
            "10": 6.02
          },
          "accuracy": {
            "0": 100.0,
            "10": 100.0
          }
        },
        "hoffmann": {
          "time": {
            "0": 12.534,
            "10": 12.492
          },
          "accuracy": {
            "0": 100.0,
            "10": 100.0
          }
        },
        "observations_avg": 16.892857142857142
      }
    },
    "landmarks_avg": {
      "exhaust": 30.572278911564673,
      "hm": 10.342687074829913,
      "rhw": 15.423469387755102,
      "zg": 10.342687074829913,
      "hoffmann": 10.454931972789073
    },
    "spread": {
      "10": {
        "exhaust": {
          "0": 2.4404761904761907,
          "10": 3.1904761904761907
        },
        "hm": {
          "0": 2.988095238095238,
          "10": 3.25
        },
        "rhw": {
          "0": 2.988095238095238,
          "10": 3.2142857142857144
        },
        "zg": {
          "0": 2.988095238095238,
          "10": 3.25
        },
        "hoffmann": {
          "0": 2.892857142857143,
          "10": 3.1904761904761907
        }
      },
      "30": {
        "exhaust": {
          "0": 1.5238095238095237,
          "10": 1.8928571428571428
        },
        "hm": {
          "0": 1.7261904761904763,
          "10": 1.8928571428571428
        },
        "rhw": {
          "0": 1.7380952380952381,
          "10": 1.7976190476190477
        },
        "zg": {
          "0": 1.7261904761904763,
          "10": 1.8928571428571428
        },
        "hoffmann": {
          "0": 1.7142857142857142,
          "10": 1.8452380952380953
        }
      },
      "50": {
        "exhaust": {
          "0": 1.2976190476190477,
          "10": 1.8571428571428572
        },
        "hm": {
          "0": 1.3928571428571428,
          "10": 1.7619047619047619
        },
        "rhw": {
          "0": 1.4047619047619047,
          "10": 1.7857142857142858
        },
        "zg": {
          "0": 1.3928571428571428,
          "10": 1.7619047619047619
        },
        "hoffmann": {
          "0": 1.380952380952381,
          "10": 1.7380952380952381
        }
      },
      "70": {
        "exhaust": {
          "0": 1.1071428571428572,
          "10": 1.6071428571428572
        },
        "hm": {
          "0": 1.1071428571428572,
          "10": 1.5714285714285714
        },
        "rhw": {
          "0": 1.1428571428571428,
          "10": 1.5595238095238095
        },
        "zg": {
          "0": 1.1071428571428572,
          "10": 1.5714285714285714
        },
        "hoffmann": {
          "0": 1.1071428571428572,
          "10": 1.5833333333333333
        }
      },
      "100": {
        "exhaust": {
          "0": 1.0357142857142858,