{
  "satellite": {
    "problems": 364,
    "goals_avg": 6.428571428571429,
    "observations": {
      "10": {
        "hoffmann": {
          "time": {
            "0": 32.344,
            "10": 32.572,
            "20": 32.487,
            "30": 32.147
          },
          "accuracy": {
            "0": 88.09523809523809,
            "10": 92.85714285714286,
            "20": 96.42857142857143,
            "30": 96.42857142857143
          }
        },
        "observations_avg": 2.0714285714285716
      },
      "30": {
        "hoffmann": {
          "time": {
            "0": 26.91,
            "10": 26.725,
            "20": 26.783,
            "30": 26.638
          },
          "accuracy": {
            "0": 91.66666666666666,
            "10": 95.23809523809523,
            "20": 100.0,
            "30": 100.0
          }
        },
        "observations_avg": 5.428571428571429
      },
      "50": {
        "hoffmann": {
          "time": {
            "0": 52.206,
            "10": 52.117,
            "20": 52.016,
            "30": 52.1
          },
          "accuracy": {
            "0": 95.23809523809523,
            "10": 96.42857142857143,
            "20": 100.0,
            "30": 100.0
          }
        },
        "observations_avg": 8.714285714285714
      },
      "70": {
        "hoffmann": {
          "time": {
            "0": 39.249,
            "10": 38.928,
            "20": 39.299,
            "30": 38.91
          },
          "accuracy": {
            "0": 100.0,
            "10": 100.0,
            "20": 100.0,
            "30": 100.0
          }
        },
        "observations_avg": 12.285714285714286
      },
      "100": {
        "hoffmann": {
          "time": {
            "0": 49.398,
            "10": 49.993,
            "20": 49.921,
            "30": 50.693
          },
          "accuracy": {
            "0": 100.0,
            "10": 100.0,
            "20": 100.0,
            "30": 100.0
          }
        },
        "observations_avg": 16.892857142857142
      }
    },
    "landmarks_avg": {
      "hoffmann": 10.454931972789156
    },
    "spread": {
      "10": {
        "hoffmann": {
          "0": 2.892857142857143,
          "10": 3.1904761904761907,
          "20": 3.5476190476190474,
          "30": 3.5952380952380953
        }
      },
      "30": {
        "hoffmann": {
          "0": 1.7142857142857142,
          "10": 1.8452380952380953,
          "20": 2.5714285714285716,
          "30": 3.142857142857143
        }
      },
      "50": {
        "hoffmann": {
          "0": 1.380952380952381,
          "10": 1.7380952380952381,
          "20": 2.4404761904761907,
          "30": 3.0238095238095237
        }
      },
      "70": {
        "hoffmann": {
          "0": 1.1071428571428572,
          "10": 1.5833333333333333,
          "20": 2.0714285714285716,
          "30": 2.6785714285714284
        }
      },
      "100": {
        "hoffmann": {
          "0": 1.0714285714285714,
          "10": 1.3928571428571428,
          "20": 1.8214285714285714,
          "30": 2.392857142857143
        }
      }
    }
  }
}