{
  "satellite": {
    "problems": 364,
    "goals_avg": 6.428571428571429,
    "observations": {
      "10": {
        "exhaust": {
          "time": {
            "0": 4.831,
            "10": 4.816,
            "20": 4.792,
            "30": 4.825
          },
          "accuracy": {
            "0": 78.57142857142857,
            "10": 95.23809523809523,
            "20": 96.42857142857143,
            "30": 96.42857142857143
          }
        },
        "hm": {
          "time": {
            "0": 6.513,
            "10": 6.505,
            "20": 6.567,
            "30": 6.54
          },
          "accuracy": {
            "0": 89.28571428571429,
            "10": 92.85714285714286,
            "20": 96.42857142857143,
            "30": 96.42857142857143
          }
        },
        "rhw": {
          "time": {
            "0": 4.794,
            "10": 4.792,
            "20": 4.818,
            "30": 4.829
          },
          "accuracy": {
            "0": 89.28571428571429,
            "10": 91.66666666666666,
            "20": 96.42857142857143,
            "30": 96.42857142857143
          }
        },
        "zg": {
          "time": {
            "0": 4.792,
            "10": 4.802,
            "20": 4.79,
            "30": 4.798
          },
          "accuracy": {
            "0": 89.28571428571429,
            "10": 92.85714285714286,
            "20": 96.42857142857143,
            "30": 96.42857142857143
          }
        },
        "observations_avg": 2.0714285714285716
      },
      "30": {
        "exhaust": {
          "time": {
            "0": 4.711,
            "10": 4.698,
            "20": 4.686,
            "30": 4.707
          },
          "accuracy": {
            "0": 92.85714285714286,
            "10": 100.0,
            "20": 100.0,
            "30": 100.0
          }
        },
        "hm": {
          "time": {
            "0": 6.316,
            "10": 6.374,
            "20": 6.409,
            "30": 6.375
          },
          "accuracy": {
            "0": 91.66666666666666,
            "10": 94.04761904761905,
            "20": 98.80952380952381,
            "30": 100.0
          }
        },
        "rhw": {
          "time": {
            "0": 4.736,
            "10": 4.722,
            "20": 4.696,
            "30": 4.684
          },
          "accuracy": {
            "0": 91.66666666666666,
            "10": 91.66666666666666,
            "20": 98.80952380952381,
            "30": 100.0
          }
        },
        "zg": {
          "time": {
            "0": 4.646,
            "10": 4.667,
            "20": 4.637,
            "30": 4.675
          },
          "accuracy": {
            "0": 91.66666666666666,
            "10": 94.04761904761905,
            "20": 98.80952380952381,
            "30": 100.0
          }
        },
        "observations_avg": 5.428571428571429
      },
      "50": {
        "exhaust": {
          "time": {
            "0": 4.769,
            "10": 4.785,
            "20": 4.777,
            "30": 4.818
          },
          "accuracy": {
            "0": 95.23809523809523,
            "10": 100.0,
            "20": 100.0,
            "30": 100.0
          }
        },
        "hm": {
          "time": {
            "0": 6.495,
            "10": 6.437,
            "20": 6.5,
            "30": 6.503
          },
          "accuracy": {
            "0": 95.23809523809523,
            "10": 96.42857142857143,
            "20": 100.0,
            "30": 100.0
          }
        },
        "rhw": {
          "time": {
            "0": 4.817,
            "10": 4.803,
            "20": 4.756,
            "30": 4.734
          },
          "accuracy": {
            "0": 95.23809523809523,
            "10": 95.23809523809523,
            "20": 100.0,
            "30": 100.0
          }
        },
        "zg": {
          "time": {
            "0": 4.751,
            "10": 4.753,
            "20": 4.741,
            "30": 4.757
          },
          "accuracy": {
            "0": 95.23809523809523,
            "10": 96.42857142857143,
            "20": 100.0,
            "30": 100.0
          }
        },
        "observations_avg": 8.714285714285714
      },
      "70": {
        "exhaust": {
          "time": {
            "0": 4.788,
            "10": 4.837,
            "20": 4.792,
            "30": 4.856
          },
          "accuracy": {
            "0": 100.0,
            "10": 100.0,
            "20": 100.0,
            "30": 100.0
          }
        },
        "hm": {
          "time": {
            "0": 6.469,
            "10": 6.516,
            "20": 6.534,
            "30": 6.496
          },
          "accuracy": {
            "0": 100.0,
            "10": 100.0,
            "20": 100.0,
            "30": 100.0
          }
        },
        "rhw": {
          "time": {
            "0": 4.81,
            "10": 4.79,
            "20": 4.819,
            "30": 4.8
          },
          "accuracy": {
            "0": 100.0,
            "10": 100.0,
            "20": 100.0,
            "30": 100.0
          }
        },
        "zg": {
          "time": {
            "0": 4.817,
            "10": 4.821,
            "20": 4.793,
            "30": 4.775
          },
          "accuracy": {
            "0": 100.0,
            "10": 100.0,
            "20": 100.0,
            "30": 100.0
          }
        },
        "observations_avg": 12.285714285714286
      },
      "100": {
        "exhaust": {
          "time": {
            "0": 5.285,
            "10": 5.249,
            "20": 5.162,
            "30": 5.099
          },
          "accuracy": {
            "0": 100.0,
            "10": 100.0,
            "20": 100.0,
            "30": 100.0
          }
        },
        "hm": {
          "time": {
            "0": 6.936,
            "10": 6.9,
            "20": 6.919,
            "30": 6.963
          },
          "accuracy": {
            "0": 100.0,
            "10": 100.0,
            "20": 100.0,
            "30": 100.0
          }
        },
        "rhw": {
          "time": {
            "0": 5.308,
            "10": 5.15,
            "20": 5.188,
            "30": 5.17
          },
          "accuracy": {
            "0": 96.42857142857143,
            "10": 100.0,
            "20": 100.0,
            "30": 100.0
          }
        },
        "zg": {
          "time": {
            "0": 5.173,
            "10": 5.14,
            "20": 5.108,
            "30": 5.121
          },
          "accuracy": {
            "0": 100.0,
            "10": 100.0,
            "20": 100.0,
            "30": 100.0
          }
        },
        "observations_avg": 16.892857142857142
      }
    },
    "landmarks_avg": {
      "exhaust": 30.572278911564528,
      "hm": 10.342687074830016,
      "rhw": 15.423469387755135,
      "zg": 10.342687074830016
    }
  }
}