{
  "satellite": {
    "problems": 364,
    "goals_avg": 6.428571428571429,
    "observations": {
      "10": {
        "exhaust": {
          "time": {
            "0": 12.067,
            "10": 12.077,
            "20": 12.04,
            "30": 12.114
          },
          "accuracy": {
            "0": 78.57142857142857,
            "10": 95.23809523809523,
            "20": 96.42857142857143,
            "30": 96.42857142857143
          }
        },
        "hm": {
          "time": {
            "0": 16.117,
            "10": 16.17,
            "20": 16.212,
            "30": 16.222
          },
          "accuracy": {
            "0": 89.28571428571429,
            "10": 92.85714285714286,
            "20": 96.42857142857143,
            "30": 96.42857142857143
          }
        },
        "rhw": {
          "time": {
            "0": 11.976,
            "10": 11.963,
            "20": 12.001,
            "30": 12.037
          },
          "accuracy": {
            "0": 89.28571428571429,
            "10": 91.66666666666666,
            "20": 96.42857142857143,
            "30": 96.42857142857143
          }
        },
        "zg": {
          "time": {
            "0": 11.969,
            "10": 11.91,
            "20": 11.998,
            "30": 11.962
          },
          "accuracy": {
            "0": 89.28571428571429,
            "10": 92.85714285714286,
            "20": 96.42857142857143,
            "30": 96.42857142857143
          }
        },
        "observations_avg": 2.0714285714285716
      },
      "30": {
        "exhaust": {
          "time": {
            "0": 10.541,
            "10": 10.393,
            "20": 10.44,
            "30": 10.443
          },
          "accuracy": {
            "0": 92.85714285714286,
            "10": 100.0,
            "20": 100.0,
            "30": 100.0
          }
        },
        "hm": {
          "time": {
            "0": 13.934,
            "10": 13.846,
            "20": 13.971,
            "30": 13.866
          },
          "accuracy": {
            "0": 91.66666666666666,
            "10": 94.04761904761905,
            "20": 98.80952380952381,
            "30": 100.0
          }
        },
        "rhw": {
          "time": {
            "0": 10.405,
            "10": 10.404,
            "20": 10.418,
            "30": 10.311
          },
          "accuracy": {
            "0": 91.66666666666666,
            "10": 91.66666666666666,
            "20": 98.80952380952381,
            "30": 100.0
          }
        },
        "zg": {
          "time": {
            "0": 10.42,
            "10": 10.399,
            "20": 10.293,
            "30": 10.359
          },
          "accuracy": {
            "0": 91.66666666666666,
            "10": 94.04761904761905,
            "20": 98.80952380952381,
            "30": 100.0
          }
        },
        "observations_avg": 5.428571428571429
      },
      "50": {
        "exhaust": {
          "time": {
            "0": 12.869,
            "10": 12.974,
            "20": 13.02,
            "30": 12.941
          },
          "accuracy": {
            "0": 95.23809523809523,
            "10": 100.0,
            "20": 100.0,
            "30": 100.0
          }
        },
        "hm": {
          "time": {
            "0": 17.558,
            "10": 17.685,
            "20": 17.661,
            "30": 17.761
          },
          "accuracy": {
            "0": 95.23809523809523,
            "10": 96.42857142857143,
            "20": 100.0,
            "30": 100.0
          }
        },
        "rhw": {
          "time": {
            "0": 12.787,
            "10": 12.759,
            "20": 12.922,
            "30": 12.939
          },
          "accuracy": {
            "0": 95.23809523809523,
            "10": 95.23809523809523,
            "20": 100.0,
            "30": 100.0
          }
        },
        "zg": {
          "time": {
            "0": 12.835,
            "10": 12.954,
            "20": 12.937,
            "30": 12.858
          },
          "accuracy": {
            "0": 95.23809523809523,
            "10": 96.42857142857143,
            "20": 100.0,
            "30": 100.0
          }
        },
        "observations_avg": 8.714285714285714
      },
      "70": {
        "exhaust": {
          "time": {
            "0": 14.949,
            "10": 14.989,
            "20": 14.83,
            "30": 14.864
          },
          "accuracy": {
            "0": 100.0,
            "10": 100.0,
            "20": 100.0,
            "30": 100.0
          }
        },
        "hm": {
          "time": {
            "0": 20.442,
            "10": 20.282,
            "20": 20.373,
            "30": 20.308
          },
          "accuracy": {
            "0": 100.0,
            "10": 100.0,
            "20": 100.0,
            "30": 100.0
          }
        },
        "rhw": {
          "time": {
            "0": 14.808,
            "10": 14.857,
            "20": 14.704,
            "30": 14.8
          },
          "accuracy": {
            "0": 100.0,
            "10": 100.0,
            "20": 100.0,
            "30": 100.0
          }
        },
        "zg": {
          "time": {
            "0": 14.726,
            "10": 14.735,
            "20": 14.84,
            "30": 14.793
          },
          "accuracy": {
            "0": 100.0,
            "10": 100.0,
            "20": 100.0,
            "30": 100.0
          }
        },
        "observations_avg": 12.285714285714286
      },
      "100": {
        "exhaust": {
          "time": {
            "0": 5.46,
            "10": 5.44,
            "20": 5.444,
            "30": 5.62
          },
          "accuracy": {
            "0": 100.0,
            "10": 100.0,
            "20": 100.0,
            "30": 100.0
          }
        },
        "hm": {
          "time": {
            "0": 7.475,
            "10": 7.452,
            "20": 7.594,
            "30": 7.66
          },
          "accuracy": {
            "0": 100.0,
            "10": 100.0,
            "20": 100.0,
            "30": 100.0
          }
        },
        "rhw": {
          "time": {
            "0": 5.509,
            "10": 5.416,
            "20": 5.544,
            "30": 5.5
          },
          "accuracy": {
            "0": 96.42857142857143,
            "10": 100.0,
            "20": 100.0,
            "30": 100.0
          }
        },
        "zg": {
          "time": {
            "0": 5.533,
            "10": 5.495,
            "20": 5.488,
            "30": 5.581
          },
          "accuracy": {
            "0": 100.0,
            "10": 100.0,
            "20": 100.0,
            "30": 100.0
          }
        },
        "observations_avg": 16.892857142857142
      }
    },
    "landmarks_avg": {
      "exhaust": 30.572278911564528,
      "hm": 10.342687074830016,
      "rhw": 15.423469387755135,
      "zg": 10.342687074830016
    },
    "spread": {
      "10": {
        "exhaust": {
          "0": 2.4404761904761907,
          "10": 3.1904761904761907,
          "20": 3.488095238095238,
          "30": 3.738095238095238
        },
        "hm": {
          "0": 2.988095238095238,
          "10": 3.25,
          "20": 3.607142857142857,
          "30": 3.6904761904761907
        },
        "rhw": {
          "0": 2.988095238095238,
          "10": 3.2142857142857144,
          "20": 3.607142857142857,
          "30": 3.7261904761904763
        },
        "zg": {
          "0": 2.988095238095238,
          "10": 3.25,
          "20": 3.607142857142857,
          "30": 3.6904761904761907
        }
      },
      "30": {
        "exhaust": {
          "0": 1.5238095238095237,
          "10": 1.8928571428571428,
          "20": 3.0238095238095237,
          "30": 3.9642857142857144
        },
        "hm": {
          "0": 1.7261904761904763,
          "10": 1.8928571428571428,
          "20": 2.5833333333333335,
          "30": 3.2023809523809526
        },