{
  "satellite": {
    "problems": 364,
    "goals_avg": 6.428571428571429,
    "observations": {
      "10": {
        "exhaust": {
          "time": {
            "0": 4.89,
            "10": 4.868,
            "20": 4.859,
            "30": 4.907
          },
          "accuracy": {
            "0": 78.57142857142857,
            "10": 95.23809523809523,
            "20": 96.42857142857143,
            "30": 96.42857142857143
          }
        },
        "hm": {
          "time": {
            "0": 6.62,
            "10": 6.535,
            "20": 6.573,
            "30": 6.611
          },
          "accuracy": {
            "0": 89.28571428571429,
            "10": 92.85714285714286,
            "20": 96.42857142857143,
            "30": 96.42857142857143
          }
        },
        "rhw": {
          "time": {
            "0": 4.854,
            "10": 4.866,
            "20": 4.781,
            "30": 4.792
          },
          "accuracy": {
            "0": 89.28571428571429,
            "10": 91.66666666666666,
            "20": 96.42857142857143,
            "30": 96.42857142857143
          }
        },
        "zg": {
          "time": {
            "0": 4.801,
            "10": 4.84,
            "20": 4.893,
            "30": 4.805
          },
          "accuracy": {
            "0": 89.28571428571429,
            "10": 92.85714285714286,
            "20": 96.42857142857143,
            "30": 96.42857142857143
          }
        },
        "observations_avg": 2.0714285714285716
      },
      "30": {
        "exhaust": {
          "time": {
            "0": 4.81,
            "10": 4.764,
            "20": 4.74,
            "30": 4.804
          },
          "accuracy": {
            "0": 92.85714285714286,
            "10": 100.0,
            "20": 100.0,
            "30": 100.0
          }
        },
        "hm": {
          "time": {
            "0": 6.467,
            "10": 6.45,
            "20": 6.421,
            "30": 6.467
          },
          "accuracy": {
            "0": 91.66666666666666,
            "10": 94.04761904761905,
            "20": 98.80952380952381,
            "30": 100.0
          }
        },
        "rhw": {
          "time": {
            "0": 4.709,
            "10": 4.725,
            "20": 4.723,
            "30": 4.727
          },
          "accuracy": {
            "0": 91.66666666666666,
            "10": 91.66666666666666,
            "20": 98.80952380952381,
            "30": 100.0
          }
        },
        "zg": {
          "time": {
            "0": 4.729,
            "10": 4.7,
            "20": 4.764,
            "30": 4.731
          },
          "accuracy": {
            "0": 91.66666666666666,
            "10": 94.04761904761905,
            "20": 98.80952380952381,
            "30": 100.0
          }
        },
        "observations_avg": 5.428571428571429
      },
      "50": {
        "exhaust": {
          "time": {
            "0": 4.6,
            "10": 4.565,
            "20": 4.55,
            "30": 4.585
          },
          "accuracy": {
            "0": 95.23809523809523,
            "10": 100.0,
            "20": 100.0,
            "30": 100.0
          }
        },
        "hm": {
          "time": {
            "0": 6.143,
            "10": 6.199,
            "20": 6.243,
            "30": 6.203
          },
          "accuracy": {
            "0": 95.23809523809523,
            "10": 96.42857142857143,
            "20": 100.0,
            "30": 100.0
          }
        },
        "rhw": {
          "time": {
            "0": 4.583,
            "10": 4.563,
            "20": 4.554,
            "30": 4.574
          },
          "accuracy": {
            "0": 95.23809523809523,
            "10": 95.23809523809523,
            "20": 100.0,
            "30": 100.0
          }
        },
        "zg": {
          "time": {
            "0": 4.535,
            "10": 4.571,
            "20": 4.572,
            "30": 4.597
          },
          "accuracy": {
            "0": 95.23809523809523,
            "10": 96.42857142857143,
            "20": 100.0,
            "30": 100.0
          }
        },
        "observations_avg": 8.714285714285714
      },
      "70": {
        "exhaust": {
          "time": {
            "0": 4.843,
            "10": 4.8,
            "20": 4.8,
            "30": 4.815
          },
          "accuracy": {
            "0": 100.0,
            "10": 100.0,
            "20": 100.0,
            "30": 100.0
          }
        },
        "hm": {
          "time": {
            "0": 6.561,
            "10": 6.555,
            "20": 6.501,
            "30": 6.523
          },
          "accuracy": {
            "0": 100.0,
            "10": 100.0,
            "20": 100.0,
            "30": 100.0
          }
        },
        "rhw": {
          "time": {
            "0": 4.77,
            "10": 4.805,
            "20": 4.747,
            "30": 4.801
          },
          "accuracy": {
            "0": 100.0,
            "10": 100.0,
            "20": 100.0,
            "30": 100.0
          }
        },
        "zg": {
          "time": {
            "0": 4.775,
            "10": 4.765,
            "20": 4.808,
            "30": 4.748
          },
          "accuracy": {
            "0": 100.0,
            "10": 100.0,
            "20": 100.0,
            "30": 100.0
          }
        },
        "observations_avg": 12.285714285714286
      },
      "100": {
        "exhaust": {
          "time": {
            "0": 5.025,
            "10": 4.936,
            "20": 5.14,
            "30": 4.952
          },
          "accuracy": {
            "0": 100.0,
            "10": 100.0,
            "20": 100.0,
            "30": 100.0
          }
        },
        "hm": {
          "time": {
            "0": 6.595,
            "10": 6.687,
            "20": 6.761,
            "30": 6.784
          },
          "accuracy": {
            "0": 100.0,
            "10": 100.0,
            "20": 100.0,
            "30": 100.0
          }
        },
        "rhw": {
          "time": {
            "0": 4.977,
            "10": 4.985,
            "20": 4.988,
            "30": 4.991
          },
          "accuracy": {
            "0": 96.42857142857143,
            "10": 100.0,
            "20": 100.0,
            "30": 100.0
          }
        },
        "zg": {
          "time": {
            "0": 4.916,
            "10": 4.904,
            "20": 4.946,
            "30": 5.012
          },
          "accuracy": {
            "0": 100.0,
            "10": 100.0,
            "20": 100.0,
            "30": 100.0
          }
        },
        "observations_avg": 16.892857142857142
      }
    },
    "landmarks_avg": {
      "exhaust": 30.572278911564528,
      "hm": 10.342687074830016,
      "rhw": 15.423469387755135,
      "zg": 10.342687074830016
    },
    "spread": {
      "10": {
        "exhaust": {
          "0": 2.4404761904761907,
          "10": 3.1904761904761907,
          "20": 3.488095238095238,
          "30": 3.738095238095238
        },
        "hm": {
          "0": 2.988095238095238,
          "10": 3.25,
          "20": 3.607142857142857,
          "30": 3.6904761904761907
        },
        "rhw": {
          "0": 2.988095238095238,
          "10": 3.2142857142857144,
          "20": 3.607142857142857,
          "30": 3.7261904761904763
        },
        "zg": {
          "0": 2.988095238095238,
          "10": 3.25,
          "20": 3.607142857142857,
          "30": 3.6904761904761907
        }
      },
      "30": {
        "exhaust": {
          "0": 1.5238095238095237,
          "10": 1.8928571428571428,
          "20": 3.0238095238095237,
          "30": 3.9642857142857144
        },
        "hm": {
          "0": 1.7261904761904763,
          "10": 1.8928571428571428,
          "20": 2.5833333333333335,
          "30": 3.2023809523809526
        },
        "rhw": {
          "0": 1.7380952380952381,