{
  "zeno_travel_noisy": {
    "problems": 144,
    "goals_avg": 6.666666666666667,
    "observations": {
      "25": {
        "exhaust": {
          "time": {
            "0": 3.93,
            "10": 3.935,
            "20": 3.936,
            "30": 3.939
          },
          "accuracy": {
            "0": 58.333333333333336,
            "10": 77.77777777777779,
            "20": 80.55555555555556,
            "30": 83.33333333333334
          }
        },
        "hm": {
          "time": {
            "0": 5.271,
            "10": 5.246,
            "20": 5.292,
            "30": 5.262
          },
          "accuracy": {
            "0": 61.111111111111114,
            "10": 66.66666666666666,
            "20": 77.77777777777779,
            "30": 83.33333333333334
          }
        },
        "rhw": {
          "time": {
            "0": 3.93,
            "10": 3.923,
            "20": 3.904,
            "30": 3.907
          },
          "accuracy": {
            "0": 63.888888888888886,
            "10": 69.44444444444444,
            "20": 77.77777777777779,
            "30": 83.33333333333334
          }
        },
        "zg": {
          "time": {
            "0": 3.939,
            "10": 3.938,
            "20": 3.934,
            "30": 3.931
          },
          "accuracy": {
            "0": 61.111111111111114,
            "10": 66.66666666666666,
            "20": 77.77777777777779,
            "30": 83.33333333333334
          }
        },
        "observations_avg": 3.0
      },
      "50": {
        "exhaust": {
          "time": {
            "0": 4.879,
            "10": 4.95,
            "20": 4.925,
            "30": 4.9
          },
          "accuracy": {
            "0": 91.66666666666666,
            "10": 91.66666666666666,
            "20": 100.0,
            "30": 100.0
          }
        },
        "hm": {
          "time": {
            "0": 6.532,
            "10": 6.544,
            "20": 6.554,
            "30": 6.569
          },
          "accuracy": {
            "0": 91.66666666666666,
            "10": 91.66666666666666,
            "20": 91.66666666666666,
            "30": 94.44444444444444
          }
        },
        "rhw": {
          "time": {
            "0": 4.934,
            "10": 4.915,
            "20": 4.976,
            "30": 4.865
          },
          "accuracy": {
            "0": 91.66666666666666,
            "10": 91.66666666666666,
            "20": 94.44444444444444,
            "30": 94.44444444444444
          }
        },
        "zg": {
          "time": {
            "0": 4.945,
            "10": 4.937,
            "20": 4.904,
            "30": 4.929
          },
          "accuracy": {
            "0": 91.66666666666666,
            "10": 91.66666666666666,
            "20": 91.66666666666666,
            "30": 94.44444444444444
          }
        },
        "observations_avg": 5.833333333333333
      },
      "75": {
        "exhaust": {
          "time": {
            "0": 4.397,
            "10": 4.4,
            "20": 4.367,
            "30": 4.376
          },
          "accuracy": {
            "0": 94.44444444444444,
            "10": 97.22222222222221,
            "20": 100.0,
            "30": 100.0
          }
        },
        "hm": {
          "time": {
            "0": 5.834,
            "10": 5.847,
            "20": 5.87,
            "30": 5.808
          },
          "accuracy": {
            "0": 94.44444444444444,
            "10": 94.44444444444444,
            "20": 97.22222222222221,
            "30": 100.0
          }
        },
        "rhw": {
          "time": {
            "0": 4.381,
            "10": 4.363,
            "20": 4.384,
            "30": 4.348
          },
          "accuracy": {
            "0": 94.44444444444444,
            "10": 97.22222222222221,
            "20": 97.22222222222221,
            "30": 100.0
          }
        },
        "zg": {
          "time": {
            "0": 4.359,
            "10": 4.38,
            "20": 4.353,
            "30": 4.363
          },
          "accuracy": {
            "0": 94.44444444444444,
            "10": 94.44444444444444,
            "20": 97.22222222222221,
            "30": 100.0
          }
        },
        "observations_avg": 8.833333333333334
      },
      "100": {
        "exhaust": {
          "time": {
            "0": 5.095,
            "10": 5.091,
            "20": 5.14,
            "30": 5.127
          },
          "accuracy": {
            "0": 100.0,
            "10": 100.0,
            "20": 100.0,
            "30": 100.0
          }
        },
        "hm": {
          "time": {
            "0": 6.794,
            "10": 6.78,
            "20": 6.761,
            "30": 6.808
          },
          "accuracy": {
            "0": 100.0,
            "10": 100.0,
            "20": 100.0,
            "30": 100.0
          }
        },
        "rhw": {
          "time": {
            "0": 5.051,
            "10": 5.091,
            "20": 5.098,
            "30": 5.091
          },
          "accuracy": {
            "0": 100.0,
            "10": 100.0,
            "20": 100.0,
            "30": 100.0
          }
        },
        "zg": {
          "time": {
            "0": 5.085,
            "10": 5.086,
            "20": 5.1,
            "30": 5.093
          },
          "accuracy": {
            "0": 100.0,
            "10": 100.0,
            "20": 100.0,
            "30": 100.0
          }
        },
        "observations_avg": 11.333333333333334
      }
    },
    "landmarks_avg": {
      "exhaust": 14.097222222222143,
      "hm": 9.9861111111111,
      "rhw": 9.763888888888863,
      "zg": 9.9861111111111
    },
    "spread": {
      "25": {
        "exhaust": {
          "0": 2.4166666666666665,
          "10": 3.6666666666666665,
          "20": 3.7777777777777777,
          "30": 4.694444444444445
        },
        "hm": {
          "0": 3.0555555555555554,
          "10": 3.638888888888889,
          "20": 4.0,
          "30": 4.25
        },
        "rhw": {
          "0": 3.111111111111111,
          "10": 3.7222222222222223,
          "20": 3.9444444444444446,
          "30": 4.222222222222222
        },
        "zg": {
          "0": 3.0555555555555554,
          "10": 3.638888888888889,
          "20": 4.0,
          "30": 4.25
        }
      },
      "50": {
        "exhaust": {
          "0": 1.75,
          "10": 2.138888888888889,
          "20": 3.638888888888889,
          "30": 4.666666666666667
        },
        "hm": {
          "0": 1.7222222222222223,
          "10": 2.0833333333333335,
          "20": 2.3055555555555554,
          "30": 3.0
        },
        "rhw": {
          "0": 1.75,
          "10": 2.138888888888889,
          "20": 2.4722222222222223,
          "30": 3.111111111111111
        },
        "zg": {
          "0": 1.7222222222222223,
          "10": 2.0833333333333335,
          "20": 2.3055555555555554,
          "30": 3.0
        }
      },
      "75": {
        "exhaust": {
          "0": 1.1666666666666667,
          "10": 1.5,
          "20": 2.9722222222222223,
          "30": 4.5
        },
        "hm": {
          "0": 1.1666666666666667,
          "10": 1.3888888888888888,
          "20": 1.8333333333333333,
          "30": 3.0555555555555554
        },
        "rhw": {
          "0": 1.1666666666666667,
          "10": 1.4444444444444444,
          "20": 1.7777777777777777,
          "30": 3.111111111111111
        },
        "zg": {
          "0": 1.1666666666666667,
          "10": 1.3888888888888888,
          "20": 1.8333333333333333,
          "30": 3.0555555555555554
        }
      },
      "100": {
        "exhaust": {
          "0": 1.0555555555555556,
          "10": 1.4444444444444444,
          "20": 2.7777777777777777,
          "30": 4.25
        },
        "hm": {
          "0": 1.0555555555555556,
          "10": 1.1388888888888888,
          "20": 1.9722222222222223,