{
  "zeno_travel_noisy": {
    "problems": 144,
    "goals_avg": 6.666666666666667,
    "observations": {
      "25": {
        "exhaust": {
          "time": {
            "0": 4.751,
            "10": 4.82
          },
          "accuracy": {
            "0": 58.333333333333336,
            "10": 77.77777777777779
          }
        },
        "hm": {
          "time": {
            "0": 6.245,
            "10": 6.233
          },
          "accuracy": {
            "0": 61.111111111111114,
            "10": 66.66666666666666
          }
        },
        "rhw": {
          "time": {
            "0": 4.683,
            "10": 4.668
          },
          "accuracy": {
            "0": 63.888888888888886,
            "10": 69.44444444444444
          }
        },
        "zg": {
          "time": {
            "0": 4.728,
            "10": 4.739
          },
          "accuracy": {
            "0": 61.111111111111114,
            "10": 66.66666666666666
          }
        },
        "hoffmann": {
          "time": {
            "0": 8.884,
            "10": 8.631
          },
          "accuracy": {
            "0": 47.22222222222222,
            "10": 47.22222222222222
          }
        },
        "observations_avg": 3.0
      },
      "50": {
        "exhaust": {
          "time": {
            "0": 6.734,
            "10": 6.651
          },
          "accuracy": {
            "0": 91.66666666666666,
            "10": 91.66666666666666
          }
        },
        "hm": {
          "time": {
            "0": 8.833,
            "10": 8.847
          },
          "accuracy": {
            "0": 91.66666666666666,
            "10": 91.66666666666666
          }
        },
        "rhw": {
          "time": {
            "0": 6.697,
            "10": 6.607
          },
          "accuracy": {
            "0": 91.66666666666666,
            "10": 91.66666666666666
          }
        },
        "zg": {
          "time": {
            "0": 6.667,
            "10": 6.609
          },
          "accuracy": {
            "0": 91.66666666666666,
            "10": 91.66666666666666
          }
        },
        "hoffmann": {
          "time": {
            "0": 13.127,
            "10": 13.154
          },
          "accuracy": {
            "0": 72.22222222222221,
            "10": 72.22222222222221
          }
        },
        "observations_avg": 5.833333333333333
      },
      "75": {
        "exhaust": {
          "time": {
            "0": 5.606,
            "10": 5.605
          },
          "accuracy": {
            "0": 94.44444444444444,
            "10": 97.22222222222221
          }
        },
        "hm": {
          "time": {
            "0": 7.384,
            "10": 7.398
          },
          "accuracy": {
            "0": 94.44444444444444,
            "10": 94.44444444444444
          }
        },
        "rhw": {
          "time": {
            "0": 5.611,
            "10": 5.542
          },
          "accuracy": {
            "0": 94.44444444444444,
            "10": 97.22222222222221
          }
        },
        "zg": {
          "time": {
            "0": 5.526,
            "10": 5.594
          },
          "accuracy": {
            "0": 94.44444444444444,
            "10": 94.44444444444444
          }
        },
        "hoffmann": {
          "time": {
            "0": 10.553,
            "10": 10.508
          },
          "accuracy": {
            "0": 66.66666666666666,
            "10": 66.66666666666666
          }
        },
        "observations_avg": 8.833333333333334
      },
      "100": {
        "exhaust": {
          "time": {
            "0": 7.151,
            "10": 7.04
          },
          "accuracy": {
            "0": 100.0,
            "10": 100.0
          }
        },
        "hm": {
          "time": {
            "0": 9.149,
            "10": 9.16
          },
          "accuracy": {
            "0": 100.0,
            "10": 100.0
          }
        },
        "rhw": {
          "time": {
            "0": 6.882,
            "10": 7.109
          },
          "accuracy": {
            "0": 100.0,
            "10": 100.0
          }
        },
        "zg": {
          "time": {
            "0": 7.207,
            "10": 7.085
          },
          "accuracy": {
            "0": 100.0,
            "10": 100.0
          }
        },
        "hoffmann": {
          "time": {
            "0": 14.82,
            "10": 14.204
          },
          "accuracy": {
            "0": 80.55555555555556,
            "10": 86.11111111111111
          }
        },
        "observations_avg": 11.333333333333334
      }
    },
    "landmarks_avg": {
      "exhaust": 14.097222222222262,
      "hm": 9.986111111111118,
      "rhw": 9.763888888888902,
      "zg": 9.986111111111118,
      "hoffmann": 6.708333333333336
    },
    "spread": {
      "25": {
        "exhaust": {
          "0": 2.4166666666666665,
          "10": 3.6666666666666665
        },
        "hm": {
          "0": 3.0555555555555554,
          "10": 3.638888888888889
        },
        "rhw": {
          "0": 3.111111111111111,
          "10": 3.7222222222222223
        },
        "zg": {
          "0": 3.0555555555555554,
          "10": 3.638888888888889
        },
        "hoffmann": {
          "0": 2.138888888888889,
          "10": 2.138888888888889
        }
      },
      "50": {
        "exhaust": {
          "0": 1.75,
          "10": 2.138888888888889
        },
        "hm": {
          "0": 1.7222222222222223,
          "10": 2.0833333333333335
        },
        "rhw": {
          "0": 1.75,
          "10": 2.138888888888889
        },
        "zg": {
          "0": 1.7222222222222223,
          "10": 2.0833333333333335
        },
        "hoffmann": {
          "0": 1.7222222222222223,
          "10": 1.7222222222222223
        }
      },
      "75": {
        "exhaust": {
          "0": 1.1666666666666667,
          "10": 1.5
        },
        "hm": {
          "0": 1.1666666666666667,
          "10": 1.3888888888888888
        },
        "rhw": {
          "0": 1.1666666666666667,
          "10": 1.4444444444444444
        },
        "zg": {
          "0": 1.1666666666666667,
          "10": 1.3888888888888888
        },
        "hoffmann": {
          "0": 1.5,
          "10": 1.5
        }
      },
      "100": {
        "exhaust": {
          "0": 1.0555555555555556,
          "10": 1.4444444444444444
        },
        "hm": {
          "0": 1.0555555555555556,
          "10": 1.1388888888888888
        },
        "rhw": {
          "0": 1.0555555555555556,
          "10": 1.0833333333333333
        },
        "zg": {
          "0": 1.0555555555555556,
          "10": 1.1388888888888888
        },
        "hoffmann": {
          "0": 1.3888888888888888,
          "10": 1.5833333333333333
        }
      }
    }
  }
}