{
  "zeno_travel_noisy": {
    "problems": 144,
    "goals_avg": 6.666666666666667,
    "observations": {
      "25": {
        "hoffmann": {
          "time": {
            "0": 41.793,
            "10": 40.984,
            "20": 41.682,
            "30": 41.442
          },
          "accuracy": {
            "0": 47.22222222222222,
            "10": 47.22222222222222,
            "20": 58.333333333333336,
            "30": 63.888888888888886
          }
        },
        "observations_avg": 3.0
      },
      "50": {
        "hoffmann": {
          "time": {
            "0": 50.117,
            "10": 50.923,
            "20": 50.412,
            "30": 50.355
          },
          "accuracy": {
            "0": 72.22222222222221,
            "10": 72.22222222222221,
            "20": 75.0,
            "30": 77.77777777777779
          }
        },
        "observations_avg": 5.833333333333333
      },
      "75": {
        "hoffmann": {
          "time": {
            "0": 48.526,
            "10": 48.215,
            "20": 48.795,
            "30": 48.655
          },
          "accuracy": {
            "0": 66.66666666666666,
            "10": 66.66666666666666,
            "20": 83.33333333333334,
            "30": 88.88888888888889
          }
        },
        "observations_avg": 8.833333333333334
      },
      "100": {
        "hoffmann": {
          "time": {
            "0": 50.682,
            "10": 51.087,
            "20": 50.998,
            "30": 51.864
          },
          "accuracy": {
            "0": 80.55555555555556,
            "10": 86.11111111111111,
            "20": 91.66666666666666,
            "30": 100.0
          }
        },
        "observations_avg": 11.333333333333334
      }
    },
    "landmarks_avg": {
      "hoffmann": 6.708333333333328
    },
    "spread": {
      "25": {
        "hoffmann": {
          "0": 2.138888888888889,
          "10": 2.138888888888889,
          "20": 2.7777777777777777,
          "30": 3.0555555555555554
        }
      },
      "50": {
        "hoffmann": {
          "0": 1.7222222222222223,
          "10": 1.7222222222222223,
          "20": 2.111111111111111,
          "30": 2.75
        }
      },
      "75": {
        "hoffmann": {
          "0": 1.5,
          "10": 1.5,
          "20": 2.3333333333333335,
          "30": 3.0
        }
      },
      "100": {
        "hoffmann": {
          "0": 1.3888888888888888,
          "10": 1.5833333333333333,
          "20": 2.5,
          "30": 3.1944444444444446
        }
      }
    }
  }
}