{
  "zeno_travel_noisy": {
    "problems": 144,
    "goals_avg": 6.666666666666667,
    "observations": {
      "25": {
        "exhaust": {
          "time": {
            "0": 14.897,
            "10": 14.755,
            "20": 14.668,
            "30": 14.648
          },
          "accuracy": {
            "0": 58.333333333333336,
            "10": 77.77777777777779,
            "20": 80.55555555555556,
            "30": 83.33333333333334
          }
        },
        "hm": {
          "time": {
            "0": 19.54,
            "10": 19.516,
            "20": 19.444,
            "30": 19.38
          },
          "accuracy": {
            "0": 61.111111111111114,
            "10": 66.66666666666666,
            "20": 77.77777777777779,
            "30": 83.33333333333334
          }
        },
        "rhw": {
          "time": {
            "0": 14.807,
            "10": 14.6,
            "20": 14.686,
            "30": 14.74
          },
          "accuracy": {
            "0": 63.888888888888886,
            "10": 69.44444444444444,
            "20": 80.55555555555556,
            "30": 83.33333333333334
          }
        },
        "zg": {
          "time": {
            "0": 14.867,
            "10": 14.727,
            "20": 14.663,
            "30": 14.714
          },
          "accuracy": {
            "0": 61.111111111111114,
            "10": 66.66666666666666,
            "20": 77.77777777777779,
            "30": 83.33333333333334
          }
        },
        "observations_avg": 3.0
      },
      "50": {
        "exhaust": {
          "time": {
            "0": 18.392,
            "10": 18.102,
            "20": 18.53,
            "30": 18.341
          },
          "accuracy": {
            "0": 91.66666666666666,
            "10": 91.66666666666666,
            "20": 100.0,
            "30": 100.0
          }
        },
        "hm": {
          "time": {
            "0": 24.333,
            "10": 24.56,
            "20": 24.296,
            "30": 24.33
          },
          "accuracy": {
            "0": 91.66666666666666,
            "10": 91.66666666666666,
            "20": 91.66666666666666,
            "30": 94.44444444444444
          }
        },
        "rhw": {
          "time": {
            "0": 18.335,
            "10": 18.385,
            "20": 18.278,
            "30": 18.262
          },
          "accuracy": {
            "0": 91.66666666666666,
            "10": 91.66666666666666,
            "20": 94.44444444444444,
            "30": 94.44444444444444
          }
        },
        "zg": {
          "time": {
            "0": 18.235,
            "10": 18.264,
            "20": 18.369,
            "30": 18.197
          },
          "accuracy": {
            "0": 91.66666666666666,
            "10": 91.66666666666666,
            "20": 91.66666666666666,
            "30": 94.44444444444444
          }
        },
        "observations_avg": 5.833333333333333
      },
      "75": {
        "exhaust": {
          "time": {
            "0": 16.671,
            "10": 16.547,
            "20": 16.772,
            "30": 16.608
          },
          "accuracy": {
            "0": 94.44444444444444,
            "10": 97.22222222222221,
            "20": 100.0,
            "30": 100.0
          }
        },
        "hm": {
          "time": {
            "0": 22.248,
            "10": 22.386,
            "20": 22.205,
            "30": 22.316
          },
          "accuracy": {
            "0": 94.44444444444444,
            "10": 94.44444444444444,
            "20": 97.22222222222221,
            "30": 100.0
          }
        },
        "rhw": {
          "time": {
            "0": 16.619,
            "10": 16.574,
            "20": 16.511,
            "30": 16.894
          },
          "accuracy": {
            "0": 94.44444444444444,
            "10": 97.22222222222221,
            "20": 97.22222222222221,
            "30": 100.0
          }
        },
        "zg": {
          "time": {
            "0": 16.686,
            "10": 16.619,
            "20": 16.894,
            "30": 16.598
          },
          "accuracy": {
            "0": 94.44444444444444,
            "10": 94.44444444444444,
            "20": 97.22222222222221,
            "30": 100.0
          }
        },
        "observations_avg": 8.833333333333334
      },
      "100": {
        "exhaust": {
          "time": {
            "0": 9.987,
            "10": 10.052,
            "20": 10.087,
            "30": 10.376
          },
          "accuracy": {
            "0": 100.0,
            "10": 100.0,
            "20": 100.0,
            "30": 100.0
          }
        },
        "hm": {
          "time": {
            "0": 12.923,
            "10": 13.111,
            "20": 13.276,
            "30": 13.361
          },
          "accuracy": {
            "0": 100.0,
            "10": 100.0,
            "20": 100.0,
            "30": 100.0
          }
        },
        "rhw": {
          "time": {
            "0": 9.915,
            "10": 9.935,
            "20": 10.263,
            "30": 10.225
          },
          "accuracy": {
            "0": 100.0,
            "10": 100.0,
            "20": 100.0,
            "30": 100.0
          }
        },
        "zg": {
          "time": {
            "0": 9.906,
            "10": 10.041,
            "20": 10.068,
            "30": 10.146
          },
          "accuracy": {
            "0": 100.0,
            "10": 100.0,
            "20": 100.0,
            "30": 100.0
          }
        },
        "observations_avg": 11.333333333333334
      }
    },
    "landmarks_avg": {
      "exhaust": 14.097222222222143,
      "hm": 9.9861111111111,
      "rhw": 9.763888888888863,
      "zg": 9.9861111111111
    },
    "spread": {
      "25": {
        "exhaust": {
          "0": 2.4166666666666665,
          "10": 3.6666666666666665,
          "20": 3.8333333333333335,
          "30": 4.722222222222222
        },
        "hm": {
          "0": 3.0555555555555554,
          "10": 3.638888888888889,
          "20": 4.0,
          "30": 4.277777777777778
        },
        "rhw": {
          "0": 3.111111111111111,
          "10": 3.7222222222222223,
          "20": 4.0,
          "30": 4.277777777777778
        },
        "zg": {
          "0": 3.0555555555555554,
          "10": 3.638888888888889,
          "20": 4.0,
          "30": 4.277777777777778
        }
      },
      "50": {
        "exhaust": {
          "0": 1.75,
          "10": 2.138888888888889,
          "20": 3.6944444444444446,
          "30": 4.694444444444445
        },
        "hm": {
          "0": 1.7222222222222223,
          "10": 2.0833333333333335,
          "20": 2.3055555555555554,
          "30": 3.0
        },
        "rhw": {
          "0": 1.75,
          "10": 2.138888888888889,
          "20": 2.4722222222222223,
          "30": 3.111111111111111
        },
        "zg": {
          "0": 1.7222222222222223,
          "10": 2.0833333333333335,
          "20": 2.3055555555555554,
          "30": 3.0
        }
      },
      "75": {
        "exhaust": {
          "0": 1.1666666666666667,
          "10": 1.5,
          "20": 2.9722222222222223,
          "30": 4.527777777777778
        },
        "hm": {
          "0": 1.1666666666666667,
          "10": 1.3888888888888888,
          "20": 1.8333333333333333,
          "30": 3.0555555555555554
        },
        "rhw": {
          "0": 1.1666666666666667,
          "10": 1.4444444444444444,
          "20": 1.7777777777777777,
          "30": 3.111111111111111
        },
        "zg": {
          "0": 1.1666666666666667,
          "10": 1.3888888888888888,
          "20": 1.8333333333333333,
          "30": 3.0555555555555554
        }
      },
      "100": {
        "exhaust": {
          "0": 1.0555555555555556,
          "10": 1.4444444444444444,
          "20": 2.7777777777777777,
          "30": 4.25
        },
        "hm": {
          "0": 1.0555555555555556,