{
  "zeno_travel_noisy": {
    "problems": 144,
    "goals_avg": 6.666666666666667,
    "observations": {
      "25": {
        "exhaust": {
          "time": {
            "0": 6.777,
            "10": 6.829
          },
          "accuracy": {
            "0": 58.333333333333336,
            "10": 77.77777777777779
          },
          "prob_accuracy": {
            "0": 100.0,
            "10": 100.0
          }
        },
        "hm": {
          "time": {
            "0": 8.822,
            "10": 8.83
          },
          "accuracy": {
            "0": 61.111111111111114,
            "10": 66.66666666666666
          },
          "prob_accuracy": {
            "0": 100.0,
            "10": 100.0
          }
        },
        "rhw": {
          "time": {
            "0": 6.734,
            "10": 6.772
          },
          "accuracy": {
            "0": 63.888888888888886,
            "10": 69.44444444444444
          },
          "prob_accuracy": {
            "0": 100.0,
            "10": 100.0
          }
        },
        "zg": {
          "time": {
            "0": 6.751,
            "10": 6.764
          },
          "accuracy": {
            "0": 61.111111111111114,
            "10": 66.66666666666666
          },
          "prob_accuracy": {
            "0": 100.0,
            "10": 100.0
          }
        },
        "hoffmann": {
          "time": {
            "0": 50.802,
            "10": 51.039
          },
          "accuracy": {
            "0": 47.22222222222222,
            "10": 47.22222222222222
          },
          "prob_accuracy": {
            "0": 100.0,
            "10": 100.0
          }
        },
        "observations_avg": 3.0
      },
      "50": {
        "exhaust": {
          "time": {
            "0": 5.44,
            "10": 5.406
          },
          "accuracy": {
            "0": 91.66666666666666,
            "10": 91.66666666666666
          },
          "prob_accuracy": {
            "0": 100.0,
            "10": 100.0
          }
        },
        "hm": {
          "time": {
            "0": 7.222,
            "10": 7.099
          },
          "accuracy": {
            "0": 91.66666666666666,
            "10": 91.66666666666666
          },
          "prob_accuracy": {
            "0": 100.0,
            "10": 100.0
          }
        },
        "rhw": {
          "time": {
            "0": 5.424,
            "10": 5.399
          },
          "accuracy": {
            "0": 91.66666666666666,
            "10": 91.66666666666666
          },
          "prob_accuracy": {
            "0": 100.0,
            "10": 100.0
          }
        },
        "zg": {
          "time": {
            "0": 5.358,
            "10": 5.382
          },
          "accuracy": {
            "0": 91.66666666666666,
            "10": 91.66666666666666
          },
          "prob_accuracy": {
            "0": 100.0,
            "10": 100.0
          }
        },
        "hoffmann": {
          "time": {
            "0": 45.772,
            "10": 45.252
          },
          "accuracy": {
            "0": 72.22222222222221,
            "10": 72.22222222222221
          },
          "prob_accuracy": {
            "0": 100.0,
            "10": 100.0
          }
        },
        "observations_avg": 5.833333333333333
      },
      "75": {
        "exhaust": {
          "time": {
            "0": 6.433,
            "10": 6.412
          },
          "accuracy": {
            "0": 94.44444444444444,
            "10": 97.22222222222221
          },
          "prob_accuracy": {
            "0": 100.0,
            "10": 100.0
          }
        },
        "hm": {
          "time": {
            "0": 8.409,
            "10": 8.525
          },
          "accuracy": {
            "0": 94.44444444444444,
            "10": 94.44444444444444
          },
          "prob_accuracy": {
            "0": 100.0,
            "10": 100.0
          }
        },
        "rhw": {
          "time": {
            "0": 6.396,
            "10": 6.401
          },
          "accuracy": {
            "0": 94.44444444444444,
            "10": 97.22222222222221
          },
          "prob_accuracy": {
            "0": 100.0,
            "10": 100.0
          }
        },
        "zg": {
          "time": {
            "0": 6.414,
            "10": 6.393
          },
          "accuracy": {
            "0": 94.44444444444444,
            "10": 94.44444444444444
          },
          "prob_accuracy": {
            "0": 100.0,
            "10": 100.0
          }
        },
        "hoffmann": {
          "time": {
            "0": 49.439,
            "10": 49.427
          },
          "accuracy": {
            "0": 66.66666666666666,
            "10": 66.66666666666666
          },
          "prob_accuracy": {
            "0": 100.0,
            "10": 100.0
          }
        },
        "observations_avg": 8.833333333333334
      },
      "100": {
        "exhaust": {
          "time": {
            "0": 6.985,
            "10": 6.94
          },
          "accuracy": {
            "0": 100.0,
            "10": 100.0
          },
          "prob_accuracy": {
            "0": 100.0,
            "10": 100.0
          }
        },
        "hm": {
          "time": {
            "0": 9.085,
            "10": 8.982
          },
          "accuracy": {
            "0": 100.0,
            "10": 100.0
          },
          "prob_accuracy": {
            "0": 100.0,
            "10": 100.0
          }
        },
        "rhw": {
          "time": {
            "0": 6.997,
            "10": 6.951
          },
          "accuracy": {
            "0": 100.0,
            "10": 100.0
          },
          "prob_accuracy": {
            "0": 100.0,
            "10": 100.0
          }
        },
        "zg": {
          "time": {
            "0": 6.968,
            "10": 6.956
          },
          "accuracy": {
            "0": 100.0,
            "10": 100.0
          },
          "prob_accuracy": {
            "0": 100.0,
            "10": 100.0
          }
        },
        "hoffmann": {
          "time": {
            "0": 51.86,
            "10": 52.331
          },
          "accuracy": {
            "0": 80.55555555555556,
            "10": 86.11111111111111
          },
          "prob_accuracy": {
            "0": 100.0,
            "10": 100.0
          }
        },
        "observations_avg": 11.333333333333334
      }
    },
    "landmarks_avg": {
      "exhaust": 14.097222222222262,
      "hm": 9.986111111111118,
      "rhw": 9.763888888888902,
      "zg": 9.986111111111118,
      "hoffmann": 6.708333333333334
    },
    "spread": {
      "25": {
        "exhaust": {
          "0": 2.4166666666666665,
          "10": 3.6666666666666665
        },
        "hm": {
          "0": 3.0555555555555554,
          "10": 3.638888888888889
        },
        "rhw": {
          "0": 3.111111111111111,
          "10": 3.7222222222222223
        },
        "zg": {
          "0": 3.0555555555555554,
          "10": 3.638888888888889
        },
        "hoffmann": {
          "0": 2.138888888888889,
          "10": 2.138888888888889
        }
      },
      "50": {
        "exhaust": {
          "0": 1.75,
          "10": 2.138888888888889
        },
        "hm": {
          "0": 1.7222222222222223,
          "10": 2.0833333333333335
        },
        "rhw": {
          "0": 1.75,
          "10": 2.138888888888889
        },
        "zg": {
          "0": 1.7222222222222223,
          "10": 2.0833333333333335
        },
        "hoffmann": {
          "0": 1.7222222222222223,
          "10": 1.7222222222222223
        }
      },
      "75": {
        "exhaust": {
          "0": 1.1666666666666667,
          "10": 1.5
        },
        "hm": {
          "0": 1.1666666666666667,
          "10": 1.3888888888888888
        },
        "rhw": {
          "0": 1.1666666666666667,
          "10": 1.4444444444444444
        },