{
  "zeno_travel_noisy": {
    "problems": 144,
    "goals_avg": 6.666666666666667,
    "observations": {
      "25": {
        "exhaust": {
          "time": {
            "0": 3.796,
            "10": 3.769,
            "20": 3.757,
            "30": 3.757
          },
          "accuracy": {
            "0": 33.33333333333333,
            "10": 41.66666666666667,
            "20": 41.66666666666667,
            "30": 41.66666666666667
          }
        },
        "hm": {
          "time": {
            "0": 5.053,
            "10": 5.04,
            "20": 5.035,
            "30": 5.033
          },
          "accuracy": {
            "0": 38.88888888888889,
            "10": 47.22222222222222,
            "20": 47.22222222222222,
            "30": 47.22222222222222
          }
        },
        "rhw": {
          "time": {
            "0": 3.762,
            "10": 3.756,
            "20": 3.746,
            "30": 3.76
          },
          "accuracy": {
            "0": 38.88888888888889,
            "10": 47.22222222222222,
            "20": 47.22222222222222,
            "30": 47.22222222222222
          }
        },
        "zg": {
          "time": {
            "0": 3.751,
            "10": 3.769,
            "20": 3.767,
            "30": 3.753
          },
          "accuracy": {
            "0": 38.88888888888889,
            "10": 47.22222222222222,
            "20": 47.22222222222222,
            "30": 47.22222222222222
          }
        },
        "observations_avg": 3.0
      },
      "50": {
        "exhaust": {
          "time": {
            "0": 4.71,
            "10": 4.714,
            "20": 4.743,
            "30": 4.694
          },
          "accuracy": {
            "0": 58.333333333333336,
            "10": 69.44444444444444,
            "20": 69.44444444444444,
            "30": 75.0
          }
        },
        "hm": {
          "time": {
            "0": 6.217,
            "10": 6.214,
            "20": 6.254,
            "30": 6.232
          },
          "accuracy": {
            "0": 58.333333333333336,
            "10": 69.44444444444444,
            "20": 69.44444444444444,
            "30": 69.44444444444444
          }
        },
        "rhw": {
          "time": {
            "0": 4.699,
            "10": 4.729,
            "20": 4.707,
            "30": 4.66
          },
          "accuracy": {
            "0": 58.333333333333336,
            "10": 69.44444444444444,
            "20": 69.44444444444444,
            "30": 69.44444444444444
          }
        },
        "zg": {
          "time": {
            "0": 4.697,
            "10": 4.671,
            "20": 4.724,
            "30": 4.693
          },
          "accuracy": {
            "0": 58.333333333333336,
            "10": 69.44444444444444,
            "20": 69.44444444444444,
            "30": 69.44444444444444
          }
        },
        "observations_avg": 5.833333333333333
      },
      "75": {
        "exhaust": {
          "time": {
            "0": 4.133,
            "10": 4.129,
            "20": 4.131,
            "30": 4.136
          },
          "accuracy": {
            "0": 80.55555555555556,
            "10": 86.11111111111111,
            "20": 88.88888888888889,
            "30": 91.66666666666666
          }
        },
        "hm": {
          "time": {
            "0": 5.493,
            "10": 5.491,
            "20": 5.478,
            "30": 5.48
          },
          "accuracy": {
            "0": 80.55555555555556,
            "10": 86.11111111111111,
            "20": 86.11111111111111,
            "30": 91.66666666666666
          }
        },
        "rhw": {
          "time": {
            "0": 4.121,
            "10": 4.093,
            "20": 4.103,
            "30": 4.116
          },
          "accuracy": {
            "0": 80.55555555555556,
            "10": 86.11111111111111,
            "20": 88.88888888888889,
            "30": 91.66666666666666
          }
        },
        "zg": {
          "time": {
            "0": 4.15,
            "10": 4.135,
            "20": 4.138,
            "30": 4.109
          },
          "accuracy": {
            "0": 80.55555555555556,
            "10": 86.11111111111111,
            "20": 86.11111111111111,
            "30": 91.66666666666666
          }
        },
        "observations_avg": 8.833333333333334
      },
      "100": {
        "exhaust": {
          "time": {
            "0": 4.836,
            "10": 4.854,
            "20": 4.861,
            "30": 4.844
          },
          "accuracy": {
            "0": 97.22222222222221,
            "10": 100.0,
            "20": 100.0,
            "30": 100.0
          }
        },
        "hm": {
          "time": {
            "0": 6.492,
            "10": 6.428,
            "20": 6.421,
            "30": 6.438
          },
          "accuracy": {
            "0": 97.22222222222221,
            "10": 100.0,
            "20": 100.0,
            "30": 100.0
          }
        },
        "rhw": {
          "time": {
            "0": 4.795,
            "10": 4.816,
            "20": 4.835,
            "30": 4.824
          },
          "accuracy": {
            "0": 97.22222222222221,
            "10": 100.0,
            "20": 100.0,
            "30": 100.0
          }
        },
        "zg": {
          "time": {
            "0": 4.82,
            "10": 4.805,
            "20": 4.837,
            "30": 4.838
          },
          "accuracy": {
            "0": 97.22222222222221,
            "10": 100.0,
            "20": 100.0,
            "30": 100.0
          }
        },
        "observations_avg": 11.333333333333334
      }
    },
    "landmarks_avg": {
      "exhaust": 14.097222222222143,
      "hm": 9.9861111111111,
      "rhw": 9.763888888888863,
      "zg": 9.9861111111111
    },
    "spread": {
      "25": {
        "exhaust": {
          "0": 1.0,
          "10": 1.4722222222222223,
          "20": 1.6111111111111112,
          "30": 1.7222222222222223
        },
        "hm": {
          "0": 1.6944444444444444,
          "10": 2.0833333333333335,
          "20": 2.1666666666666665,
          "30": 2.25
        },
        "rhw": {
          "0": 1.6944444444444444,
          "10": 2.0,
          "20": 2.1666666666666665,
          "30": 2.25
        },
        "zg": {
          "0": 1.6944444444444444,
          "10": 2.0833333333333335,
          "20": 2.1666666666666665,
          "30": 2.25
        }
      },
      "50": {
        "exhaust": {
          "0": 1.0,
          "10": 1.25,
          "20": 1.3333333333333333,
          "30": 1.5277777777777777
        },
        "hm": {
          "0": 1.0,
          "10": 1.25,
          "20": 1.3333333333333333,
          "30": 1.4444444444444444
        },
        "rhw": {
          "0": 1.0,
          "10": 1.25,
          "20": 1.3333333333333333,
          "30": 1.4444444444444444
        },
        "zg": {
          "0": 1.0,
          "10": 1.25,
          "20": 1.3333333333333333,
          "30": 1.4444444444444444
        }
      },
      "75": {
        "exhaust": {
          "0": 1.0277777777777777,
          "10": 1.2222222222222223,
          "20": 1.4444444444444444,
          "30": 1.6111111111111112
        },
        "hm": {
          "0": 1.0277777777777777,
          "10": 1.1666666666666667,
          "20": 1.3888888888888888,
          "30": 1.5555555555555556
        },
        "rhw": {
          "0": 1.0277777777777777,
          "10": 1.1944444444444444,
          "20": 1.3888888888888888,
          "30": 1.5555555555555556
        },
        "zg": {
          "0": 1.0277777777777777,
          "10": 1.1666666666666667,
          "20": 1.3888888888888888,
          "30": 1.5555555555555556
        }
      },
      "100": {
        "exhaust": {
          "0": 1.0,
          "10": 1.1666666666666667,
          "20": 1.25,
          "30": 1.3888888888888888
        },
        "hm": {
          "0": 1.0,