{
  "ferry": {
    "problems": 364,
    "goals_avg": 7.571428571428571,
    "observations": {
      "10": {
        "exhaust": {
          "time": {
            "0": 4.9,
            "10": 4.918
          },
          "accuracy": {
            "0": 70.23809523809523,
            "10": 97.61904761904762
          },
          "prob_accuracy": {
            "0": 100.0,
            "10": 100.0
          }
        },
        "hm": {
          "time": {
            "0": 8.06,
            "10": 8.015
          },
          "accuracy": {
            "0": 69.04761904761905,
            "10": 95.23809523809523
          },
          "prob_accuracy": {
            "0": 100.0,
            "10": 100.0
          }
        },
        "rhw": {
          "time": {
            "0": 4.86,
            "10": 4.845
          },
          "accuracy": {
            "0": 69.04761904761905,
            "10": 95.23809523809523
          },
          "prob_accuracy": {
            "0": 100.0,
            "10": 100.0
          }
        },
        "zg": {
          "time": {
            "0": 4.915,
            "10": 4.871
          },
          "accuracy": {
            "0": 69.04761904761905,
            "10": 95.23809523809523
          },
          "prob_accuracy": {
            "0": 100.0,
            "10": 100.0
          }
        },
        "hoffmann": {
          "time": {
            "0": 50.17,
            "10": 49.977
          },
          "accuracy": {
            "0": 69.04761904761905,
            "10": 95.23809523809523
          },
          "prob_accuracy": {
            "0": 100.0,
            "10": 100.0
          }
        },
        "observations_avg": 2.9285714285714284
      },
      "30": {
        "exhaust": {
          "time": {
            "0": 4.937,
            "10": 4.904
          },
          "accuracy": {
            "0": 90.47619047619048,
            "10": 100.0
          },
          "prob_accuracy": {
            "0": 100.0,
            "10": 100.0
          }
        },
        "hm": {
          "time": {
            "0": 8.107,
            "10": 8.046
          },
          "accuracy": {
            "0": 90.47619047619048,
            "10": 100.0
          },
          "prob_accuracy": {
            "0": 100.0,
            "10": 100.0
          }
        },
        "rhw": {
          "time": {
            "0": 4.898,
            "10": 4.903
          },
          "accuracy": {
            "0": 90.47619047619048,
            "10": 100.0
          },
          "prob_accuracy": {
            "0": 100.0,
            "10": 100.0
          }
        },
        "zg": {
          "time": {
            "0": 4.909,
            "10": 4.906
          },
          "accuracy": {
            "0": 90.47619047619048,
            "10": 100.0
          },
          "prob_accuracy": {
            "0": 100.0,
            "10": 100.0
          }
        },
        "hoffmann": {
          "time": {
            "0": 49.756,
            "10": 50.034
          },
          "accuracy": {
            "0": 90.47619047619048,
            "10": 100.0
          },
          "prob_accuracy": {
            "0": 100.0,
            "10": 100.0
          }
        },
        "observations_avg": 7.678571428571429
      },
      "50": {
        "exhaust": {
          "time": {
            "0": 4.851,
            "10": 4.845
          },
          "accuracy": {
            "0": 97.61904761904762,
            "10": 100.0
          },
          "prob_accuracy": {
            "0": 100.0,
            "10": 100.0
          }
        },
        "hm": {
          "time": {
            "0": 7.95,
            "10": 7.874
          },
          "accuracy": {
            "0": 96.42857142857143,
            "10": 100.0
          },
          "prob_accuracy": {
            "0": 100.0,
            "10": 100.0
          }
        },
        "rhw": {
          "time": {
            "0": 4.863,
            "10": 4.795
          },
          "accuracy": {
            "0": 96.42857142857143,
            "10": 100.0
          },
          "prob_accuracy": {
            "0": 100.0,
            "10": 100.0
          }
        },
        "zg": {
          "time": {
            "0": 4.782,
            "10": 4.827
          },
          "accuracy": {
            "0": 96.42857142857143,
            "10": 100.0
          },
          "prob_accuracy": {
            "0": 100.0,
            "10": 100.0
          }
        },
        "hoffmann": {
          "time": {
            "0": 49.51,
            "10": 49.764
          },
          "accuracy": {
            "0": 96.42857142857143,
            "10": 100.0
          },
          "prob_accuracy": {
            "0": 100.0,
            "10": 100.0
          }
        },
        "observations_avg": 12.357142857142858
      },
      "70": {
        "exhaust": {
          "time": {
            "0": 4.991,
            "10": 4.986
          },
          "accuracy": {
            "0": 100.0,
            "10": 100.0
          },
          "prob_accuracy": {
            "0": 100.0,
            "10": 100.0
          }
        },
        "hm": {
          "time": {
            "0": 8.233,
            "10": 8.327
          },
          "accuracy": {
            "0": 100.0,
            "10": 100.0
          },
          "prob_accuracy": {
            "0": 100.0,
            "10": 100.0
          }
        },
        "rhw": {
          "time": {
            "0": 4.984,
            "10": 5.022
          },
          "accuracy": {
            "0": 100.0,
            "10": 100.0
          },
          "prob_accuracy": {
            "0": 100.0,
            "10": 100.0
          }
        },
        "zg": {
          "time": {
            "0": 4.923,
            "10": 4.975
          },
          "accuracy": {
            "0": 100.0,
            "10": 100.0
          },
          "prob_accuracy": {
            "0": 100.0,
            "10": 100.0
          }
        },
        "hoffmann": {
          "time": {
            "0": 50.349,
            "10": 50.44
          },
          "accuracy": {
            "0": 100.0,
            "10": 100.0
          },
          "prob_accuracy": {
            "0": 100.0,
            "10": 100.0
          }
        },
        "observations_avg": 17.357142857142858
      },
      "100": {
        "exhaust": {
          "time": {
            "0": 4.847,
            "10": 4.969
          },
          "accuracy": {
            "0": 100.0,
            "10": 100.0
          },
          "prob_accuracy": {
            "0": 100.0,
            "10": 100.0
          }
        },
        "hm": {
          "time": {
            "0": 7.993,
            "10": 7.885
          },
          "accuracy": {
            "0": 100.0,
            "10": 100.0
          },
          "prob_accuracy": {
            "0": 100.0,
            "10": 100.0
          }
        },
        "rhw": {
          "time": {
            "0": 4.828,
            "10": 4.925
          },
          "accuracy": {
            "0": 100.0,
            "10": 100.0
          },
          "prob_accuracy": {
            "0": 100.0,
            "10": 100.0
          }
        },
        "zg": {
          "time": {
            "0": 4.79,
            "10": 4.792
          },
          "accuracy": {
            "0": 100.0,
            "10": 100.0
          },
          "prob_accuracy": {
            "0": 100.0,
            "10": 100.0
          }
        },
        "hoffmann": {
          "time": {
            "0": 49.845,
            "10": 49.989
          },
          "accuracy": {
            "0": 100.0,
            "10": 100.0
          },
          "prob_accuracy": {
            "0": 100.0,
            "10": 100.0
          }
        },
        "observations_avg": 24.214285714285715
      }
    },
    "landmarks_avg": {
      "exhaust": 30.887755102040856,
      "hm": 28.992346938775512,
      "rhw": 28.992346938775512,
      "zg": 28.992346938775512,