{
  "ferry": {
    "problems": 364,
    "goals_avg": 7.571428571428571,
    "observations": {
      "10": {
        "hoffmann": {
          "time": {
            "0": 27.177,
            "10": 26.874,
            "20": 26.904,
            "30": 26.875
          },
          "accuracy": {
            "0": 69.04761904761905,
            "10": 95.23809523809523,
            "20": 100.0,
            "30": 100.0
          }
        },
        "observations_avg": 2.9285714285714284
      },
      "30": {
        "hoffmann": {
          "time": {
            "0": 24.868,
            "10": 24.917,
            "20": 25.036,
            "30": 24.699
          },
          "accuracy": {
            "0": 90.47619047619048,
            "10": 100.0,
            "20": 100.0,
            "30": 100.0
          }
        },
        "observations_avg": 7.678571428571429
      },
      "50": {
        "hoffmann": {
          "time": {
            "0": 41.738,
            "10": 41.763,
            "20": 41.498,
            "30": 41.567
          },
          "accuracy": {
            "0": 96.42857142857143,
            "10": 100.0,
            "20": 100.0,
            "30": 100.0
          }
        },
        "observations_avg": 12.357142857142858
      },
      "70": {
        "hoffmann": {
          "time": {
            "0": 34.952,
            "10": 34.824,
            "20": 34.517,
            "30": 34.658
          },
          "accuracy": {
            "0": 100.0,
            "10": 100.0,
            "20": 100.0,
            "30": 100.0
          }
        },
        "observations_avg": 17.357142857142858
      },
      "100": {
        "hoffmann": {
          "time": {
            "0": 35.046,
            "10": 35.271,
            "20": 35.643,
            "30": 35.529
          },
          "accuracy": {
            "0": 100.0,
            "10": 100.0,
            "20": 100.0,
            "30": 100.0
          }
        },
        "observations_avg": 24.214285714285715
      }
    },
    "landmarks_avg": {
      "hoffmann": 28.99234693877545
    },
    "spread": {
      "10": {
        "hoffmann": {
          "0": 1.5833333333333333,
          "10": 3.642857142857143,
          "20": 6.464285714285714,
          "30": 7.5476190476190474
        }
      },
      "30": {
        "hoffmann": {
          "0": 1.2976190476190477,
          "10": 2.4047619047619047,
          "20": 5.119047619047619,
          "30": 7.166666666666667
        }
      },
      "50": {
        "hoffmann": {
          "0": 1.1547619047619047,
          "10": 1.9880952380952381,
          "20": 4.226190476190476,
          "30": 6.773809523809524
        }
      },
      "70": {
        "hoffmann": {
          "0": 1.0833333333333333,
          "10": 1.619047619047619,
          "20": 3.1666666666666665,
          "30": 5.9523809523809526
        }
      },
      "100": {
        "hoffmann": {
          "0": 1.0714285714285714,
          "10": 1.4285714285714286,
          "20": 2.4642857142857144,
          "30": 5.071428571428571
        }
      }
    }
  }
}