{
  "ferry": {
    "problems": 364,
    "goals_avg": 7.571428571428571,
    "observations": {
      "10": {
        "exhaust": {
          "time": {
            "0": 3.959,
            "10": 3.979,
            "20": 3.957,
            "30": 3.971
          },
          "accuracy": {
            "0": 65.47619047619048,
            "10": 66.66666666666666,
            "20": 77.38095238095238,
            "30": 83.33333333333334
          }
        },
        "hm": {
          "time": {
            "0": 6.556,
            "10": 6.525,
            "20": 6.518,
            "30": 6.532
          },
          "accuracy": {
            "0": 65.47619047619048,
            "10": 69.04761904761905,
            "20": 78.57142857142857,
            "30": 80.95238095238095
          }
        },
        "rhw": {
          "time": {
            "0": 3.95,
            "10": 3.943,
            "20": 3.94,
            "30": 3.96
          },
          "accuracy": {
            "0": 65.47619047619048,
            "10": 69.04761904761905,
            "20": 78.57142857142857,
            "30": 80.95238095238095
          }
        },
        "zg": {
          "time": {
            "0": 3.966,
            "10": 3.933,
            "20": 3.925,
            "30": 3.906
          },
          "accuracy": {
            "0": 65.47619047619048,
            "10": 69.04761904761905,
            "20": 78.57142857142857,
            "30": 80.95238095238095
          }
        },
        "observations_avg": 2.9285714285714284
      },
      "30": {
        "exhaust": {
          "time": {
            "0": 3.977,
            "10": 3.99,
            "20": 3.974,
            "30": 3.991
          },
          "accuracy": {
            "0": 85.71428571428571,
            "10": 88.09523809523809,
            "20": 89.28571428571429,
            "30": 90.47619047619048
          }
        },
        "hm": {
          "time": {
            "0": 6.591,
            "10": 6.564,
            "20": 6.511,
            "30": 6.529
          },
          "accuracy": {
            "0": 86.90476190476191,
            "10": 88.09523809523809,
            "20": 89.28571428571429,
            "30": 90.47619047619048
          }
        },
        "rhw": {
          "time": {
            "0": 3.903,
            "10": 3.951,
            "20": 3.949,
            "30": 3.954
          },
          "accuracy": {
            "0": 86.90476190476191,
            "10": 88.09523809523809,
            "20": 89.28571428571429,
            "30": 90.47619047619048
          }
        },
        "zg": {
          "time": {
            "0": 3.953,
            "10": 3.963,
            "20": 3.967,
            "30": 3.946
          },
          "accuracy": {
            "0": 86.90476190476191,
            "10": 88.09523809523809,
            "20": 89.28571428571429,
            "30": 90.47619047619048
          }
        },
        "observations_avg": 7.678571428571429
      },
      "50": {
        "exhaust": {
          "time": {
            "0": 3.961,
            "10": 3.991,
            "20": 3.962,
            "30": 3.963
          },
          "accuracy": {
            "0": 85.71428571428571,
            "10": 85.71428571428571,
            "20": 90.47619047619048,
            "30": 91.66666666666666
          }
        },
        "hm": {
          "time": {
            "0": 6.48,
            "10": 6.497,
            "20": 6.522,
            "30": 6.526
          },
          "accuracy": {
            "0": 85.71428571428571,
            "10": 85.71428571428571,
            "20": 90.47619047619048,
            "30": 91.66666666666666
          }
        },
        "rhw": {
          "time": {
            "0": 3.867,
            "10": 3.911,
            "20": 3.918,
            "30": 3.914
          },
          "accuracy": {
            "0": 85.71428571428571,
            "10": 85.71428571428571,
            "20": 90.47619047619048,
            "30": 91.66666666666666
          }
        },
        "zg": {
          "time": {
            "0": 3.917,
            "10": 3.892,
            "20": 3.903,
            "30": 3.878
          },
          "accuracy": {
            "0": 85.71428571428571,
            "10": 85.71428571428571,
            "20": 90.47619047619048,
            "30": 91.66666666666666
          }
        },
        "observations_avg": 12.357142857142858
      },
      "70": {
        "exhaust": {
          "time": {
            "0": 3.957,
            "10": 3.899,
            "20": 3.965,
            "30": 3.979
          },
          "accuracy": {
            "0": 96.42857142857143,
            "10": 97.61904761904762,
            "20": 97.61904761904762,
            "30": 97.61904761904762
          }
        },
        "hm": {
          "time": {
            "0": 6.509,
            "10": 6.569,
            "20": 6.49,
            "30": 6.537
          },
          "accuracy": {
            "0": 96.42857142857143,
            "10": 97.61904761904762,
            "20": 97.61904761904762,
            "30": 97.61904761904762
          }
        },
        "rhw": {
          "time": {
            "0": 3.925,
            "10": 3.911,
            "20": 3.944,
            "30": 3.933
          },
          "accuracy": {
            "0": 96.42857142857143,
            "10": 97.61904761904762,
            "20": 97.61904761904762,
            "30": 97.61904761904762
          }
        },
        "zg": {
          "time": {
            "0": 3.907,
            "10": 3.942,
            "20": 3.883,
            "30": 3.903
          },
          "accuracy": {
            "0": 96.42857142857143,
            "10": 97.61904761904762,
            "20": 97.61904761904762,
            "30": 97.61904761904762
          }
        },
        "observations_avg": 17.357142857142858
      },
      "100": {
        "exhaust": {
          "time": {
            "0": 4.134,
            "10": 4.177,
            "20": 4.167,
            "30": 4.2
          },
          "accuracy": {
            "0": 100.0,
            "10": 100.0,
            "20": 100.0,
            "30": 100.0
          }
        },
        "hm": {
          "time": {
            "0": 6.928,
            "10": 6.866,
            "20": 6.886,
            "30": 6.985
          },
          "accuracy": {
            "0": 100.0,
            "10": 100.0,
            "20": 100.0,
            "30": 100.0
          }
        },
        "rhw": {
          "time": {
            "0": 4.227,
            "10": 4.18,
            "20": 4.161,
            "30": 4.2
          },
          "accuracy": {
            "0": 100.0,
            "10": 100.0,
            "20": 100.0,
            "30": 100.0
          }
        },
        "zg": {
          "time": {
            "0": 4.176,
            "10": 4.192,
            "20": 4.152,
            "30": 4.183
          },
          "accuracy": {
            "0": 100.0,
            "10": 100.0,
            "20": 100.0,
            "30": 100.0
          }
        },
        "observations_avg": 24.214285714285715
      }
    },
    "landmarks_avg": {
      "exhaust": 30.887755102040735,
      "hm": 28.99234693877545,
      "rhw": 28.99234693877545,
      "zg": 28.99234693877545
    },
    "spread": {
      "10": {
        "exhaust": {
          "0": 1.1904761904761905,
          "10": 1.369047619047619,
          "20": 1.7142857142857142,
          "30": 2.0952380952380953
        },
        "hm": {
          "0": 1.1904761904761905,
          "10": 1.4047619047619047,
          "20": 1.7142857142857142,
          "30": 2.1547619047619047
        },
        "rhw": {
          "0": 1.1904761904761905,
          "10": 1.4047619047619047,
          "20": 1.7142857142857142,
          "30": 2.1547619047619047
        },
        "zg": {
          "0": 1.1904761904761905,
          "10": 1.4047619047619047,
          "20": 1.7142857142857142,
          "30": 2.1547619047619047
        }
      },