{
  "ferry": {
    "problems": 364,
    "goals_avg": 7.571428571428571,
    "observations": {
      "10": {
        "exhaust": {
          "time": {
            "0": 10.452,
            "10": 10.465,
            "20": 10.464,
            "30": 10.351
          },
          "accuracy": {
            "0": 70.23809523809523,
            "10": 97.61904761904762,
            "20": 100.0,
            "30": 100.0
          }
        },
        "hm": {
          "time": {
            "0": 17.053,
            "10": 16.664,
            "20": 16.906,
            "30": 16.932
          },
          "accuracy": {
            "0": 69.04761904761905,
            "10": 95.23809523809523,
            "20": 100.0,
            "30": 100.0
          }
        },
        "rhw": {
          "time": {
            "0": 10.433,
            "10": 10.537,
            "20": 10.384,
            "30": 10.389
          },
          "accuracy": {
            "0": 69.04761904761905,
            "10": 95.23809523809523,
            "20": 100.0,
            "30": 100.0
          }
        },
        "zg": {
          "time": {
            "0": 10.408,
            "10": 10.405,
            "20": 10.441,
            "30": 10.361
          },
          "accuracy": {
            "0": 69.04761904761905,
            "10": 95.23809523809523,
            "20": 100.0,
            "30": 100.0
          }
        },
        "observations_avg": 2.9285714285714284
      },
      "30": {
        "exhaust": {
          "time": {
            "0": 9.489,
            "10": 9.448,
            "20": 9.464,
            "30": 9.541
          },
          "accuracy": {
            "0": 90.47619047619048,
            "10": 100.0,
            "20": 100.0,
            "30": 100.0
          }
        },
        "hm": {
          "time": {
            "0": 15.166,
            "10": 15.135,
            "20": 15.117,
            "30": 15.224
          },
          "accuracy": {
            "0": 90.47619047619048,
            "10": 100.0,
            "20": 100.0,
            "30": 100.0
          }
        },
        "rhw": {
          "time": {
            "0": 9.445,
            "10": 9.42,
            "20": 9.39,
            "30": 9.406
          },
          "accuracy": {
            "0": 90.47619047619048,
            "10": 100.0,
            "20": 100.0,
            "30": 100.0
          }
        },
        "zg": {
          "time": {
            "0": 9.378,
            "10": 9.353,
            "20": 9.325,
            "30": 9.315
          },
          "accuracy": {
            "0": 90.47619047619048,
            "10": 100.0,
            "20": 100.0,
            "30": 100.0
          }
        },
        "observations_avg": 7.678571428571429
      },
      "50": {
        "exhaust": {
          "time": {
            "0": 9.661,
            "10": 9.66,
            "20": 9.748,
            "30": 9.792
          },
          "accuracy": {
            "0": 97.61904761904762,
            "10": 100.0,
            "20": 100.0,
            "30": 100.0
          }
        },
        "hm": {
          "time": {
            "0": 15.897,
            "10": 15.917,
            "20": 16.076,
            "30": 15.938
          },
          "accuracy": {
            "0": 96.42857142857143,
            "10": 100.0,
            "20": 100.0,
            "30": 100.0
          }
        },
        "rhw": {
          "time": {
            "0": 9.58,
            "10": 9.676,
            "20": 9.65,
            "30": 9.665
          },
          "accuracy": {
            "0": 96.42857142857143,
            "10": 100.0,
            "20": 100.0,
            "30": 100.0
          }
        },
        "zg": {
          "time": {
            "0": 9.635,
            "10": 9.701,
            "20": 9.75,
            "30": 9.681
          },
          "accuracy": {
            "0": 96.42857142857143,
            "10": 100.0,
            "20": 100.0,
            "30": 100.0
          }
        },
        "observations_avg": 12.357142857142858
      },
      "70": {
        "exhaust": {
          "time": {
            "0": 13.206,
            "10": 13.17,
            "20": 13.065,
            "30": 13.15
          },
          "accuracy": {
            "0": 100.0,
            "10": 100.0,
            "20": 100.0,
            "30": 100.0
          }
        },
        "hm": {
          "time": {
            "0": 22.085,
            "10": 22.002,
            "20": 21.793,
            "30": 22.125
          },
          "accuracy": {
            "0": 100.0,
            "10": 100.0,
            "20": 100.0,
            "30": 100.0
          }
        },
        "rhw": {
          "time": {
            "0": 12.987,
            "10": 13.024,
            "20": 13.115,
            "30": 12.991
          },
          "accuracy": {
            "0": 100.0,
            "10": 100.0,
            "20": 100.0,
            "30": 100.0
          }
        },
        "zg": {
          "time": {
            "0": 13.035,
            "10": 12.934,
            "20": 13.086,
            "30": 12.993
          },
          "accuracy": {
            "0": 100.0,
            "10": 100.0,
            "20": 100.0,
            "30": 100.0
          }
        },
        "observations_avg": 17.357142857142858
      },
      "100": {
        "exhaust": {
          "time": {
            "0": 4.483,
            "10": 4.556,
            "20": 4.613,
            "30": 4.536
          },
          "accuracy": {
            "0": 100.0,
            "10": 100.0,
            "20": 100.0,
            "30": 100.0
          }
        },
        "hm": {
          "time": {
            "0": 7.82,
            "10": 7.838,
            "20": 7.814,
            "30": 7.731
          },
          "accuracy": {
            "0": 100.0,
            "10": 100.0,
            "20": 100.0,
            "30": 100.0
          }
        },
        "rhw": {
          "time": {
            "0": 4.615,
            "10": 4.555,
            "20": 4.521,
            "30": 4.534
          },
          "accuracy": {
            "0": 100.0,
            "10": 100.0,
            "20": 100.0,
            "30": 100.0
          }
        },
        "zg": {
          "time": {
            "0": 4.535,
            "10": 4.645,
            "20": 4.598,
            "30": 4.504
          },
          "accuracy": {
            "0": 100.0,
            "10": 100.0,
            "20": 100.0,
            "30": 100.0
          }
        },
        "observations_avg": 24.214285714285715
      }
    },
    "landmarks_avg": {
      "exhaust": 30.887755102040735,
      "hm": 28.99234693877545,
      "rhw": 28.99234693877545,
      "zg": 28.99234693877545
    },
    "spread": {
      "10": {
        "exhaust": {
          "0": 1.6785714285714286,
          "10": 4.059523809523809,
          "20": 6.761904761904762,
          "30": 7.571428571428571
        },
        "hm": {
          "0": 1.5833333333333333,
          "10": 3.642857142857143,
          "20": 6.464285714285714,
          "30": 7.5476190476190474
        },
        "rhw": {
          "0": 1.5833333333333333,
          "10": 3.642857142857143,
          "20": 6.464285714285714,
          "30": 7.5476190476190474
        },
        "zg": {
          "0": 1.5833333333333333,
          "10": 3.642857142857143,
          "20": 6.464285714285714,
          "30": 7.5476190476190474
        }
      },
      "30": {
        "exhaust": {
          "0": 1.3214285714285714,
          "10": 2.5952380952380953,
          "20": 5.7023809523809526,
          "30": 7.440476190476191
        },
        "hm": {
          "0": 1.2976190476190477,
          "10": 2.4047619047619047,
          "20": 5.119047619047619,
          "30": 7.166666666666667
        },
        "rhw": {
          "0": 1.2976190476190477,
          "10": 2.4047619047619047,
          "20": 5.119047619047619,
          "30": 7.166666666666667
        },
        "zg": {
          "0": 1.2976190476190477,