{
  "ferry": {
    "problems": 364,
    "goals_avg": 7.571428571428571,
    "observations": {
      "10": {
        "exhaust": {
          "time": {
            "0": 4.939,
            "10": 4.897
          },
          "accuracy": {
            "0": 70.23809523809523,
            "10": 97.61904761904762
          }
        },
        "hm": {
          "time": {
            "0": 8.182,
            "10": 8.299
          },
          "accuracy": {
            "0": 69.04761904761905,
            "10": 95.23809523809523
          }
        },
        "rhw": {
          "time": {
            "0": 4.845,
            "10": 4.82
          },
          "accuracy": {
            "0": 69.04761904761905,
            "10": 95.23809523809523
          }
        },
        "zg": {
          "time": {
            "0": 4.875,
            "10": 4.882
          },
          "accuracy": {
            "0": 69.04761904761905,
            "10": 95.23809523809523
          }
        },
        "hoffmann": {
          "time": {
            "0": 9.213,
            "10": 9.064
          },
          "accuracy": {
            "0": 69.04761904761905,
            "10": 95.23809523809523
          }
        },
        "observations_avg": 2.9285714285714284
      },
      "30": {
        "exhaust": {
          "time": {
            "0": 4.826,
            "10": 4.848
          },
          "accuracy": {
            "0": 90.47619047619048,
            "10": 100.0
          }
        },
        "hm": {
          "time": {
            "0": 8.18,
            "10": 8.171
          },
          "accuracy": {
            "0": 90.47619047619048,
            "10": 100.0
          }
        },
        "rhw": {
          "time": {
            "0": 4.863,
            "10": 4.836
          },
          "accuracy": {
            "0": 90.47619047619048,
            "10": 100.0
          }
        },
        "zg": {
          "time": {
            "0": 4.84,
            "10": 4.804
          },
          "accuracy": {
            "0": 90.47619047619048,
            "10": 100.0
          }
        },
        "hoffmann": {
          "time": {
            "0": 8.887,
            "10": 9.039
          },
          "accuracy": {
            "0": 90.47619047619048,
            "10": 100.0
          }
        },
        "observations_avg": 7.678571428571429
      },
      "50": {
        "exhaust": {
          "time": {
            "0": 4.838,
            "10": 4.848
          },
          "accuracy": {
            "0": 97.61904761904762,
            "10": 100.0
          }
        },
        "hm": {
          "time": {
            "0": 8.081,
            "10": 8.109
          },
          "accuracy": {
            "0": 96.42857142857143,
            "10": 100.0
          }
        },
        "rhw": {
          "time": {
            "0": 4.836,
            "10": 4.825
          },
          "accuracy": {
            "0": 96.42857142857143,
            "10": 100.0
          }
        },
        "zg": {
          "time": {
            "0": 4.84,
            "10": 4.78
          },
          "accuracy": {
            "0": 96.42857142857143,
            "10": 100.0
          }
        },
        "hoffmann": {
          "time": {
            "0": 8.994,
            "10": 8.897
          },
          "accuracy": {
            "0": 96.42857142857143,
            "10": 100.0
          }
        },
        "observations_avg": 12.357142857142858
      },
      "70": {
        "exhaust": {
          "time": {
            "0": 4.884,
            "10": 4.879
          },
          "accuracy": {
            "0": 100.0,
            "10": 100.0
          }
        },
        "hm": {
          "time": {
            "0": 8.226,
            "10": 8.225
          },
          "accuracy": {
            "0": 100.0,
            "10": 100.0
          }
        },
        "rhw": {
          "time": {
            "0": 4.836,
            "10": 4.782
          },
          "accuracy": {
            "0": 100.0,
            "10": 100.0
          }
        },
        "zg": {
          "time": {
            "0": 4.79,
            "10": 4.819
          },
          "accuracy": {
            "0": 100.0,
            "10": 100.0
          }
        },
        "hoffmann": {
          "time": {
            "0": 8.961,
            "10": 8.938
          },
          "accuracy": {
            "0": 100.0,
            "10": 100.0
          }
        },
        "observations_avg": 17.357142857142858
      },
      "100": {
        "exhaust": {
          "time": {
            "0": 4.902,
            "10": 4.943
          },
          "accuracy": {
            "0": 100.0,
            "10": 100.0
          }
        },
        "hm": {
          "time": {
            "0": 8.266,
            "10": 8.455
          },
          "accuracy": {
            "0": 100.0,
            "10": 100.0
          }
        },
        "rhw": {
          "time": {
            "0": 4.937,
            "10": 4.977
          },
          "accuracy": {
            "0": 100.0,
            "10": 100.0
          }
        },
        "zg": {
          "time": {
            "0": 4.858,
            "10": 4.935
          },
          "accuracy": {
            "0": 100.0,
            "10": 100.0
          }
        },
        "hoffmann": {
          "time": {
            "0": 9.126,
            "10": 9.347
          },
          "accuracy": {
            "0": 100.0,
            "10": 100.0
          }
        },
        "observations_avg": 24.214285714285715
      }
    },
    "landmarks_avg": {
      "exhaust": 30.88775510204085,
      "hm": 28.992346938775512,
      "rhw": 28.992346938775512,
      "zg": 28.992346938775512,
      "hoffmann": 28.992346938775512
    },
    "spread": {
      "10": {
        "exhaust": {
          "0": 1.6785714285714286,
          "10": 4.059523809523809
        },
        "hm": {
          "0": 1.5833333333333333,
          "10": 3.642857142857143
        },
        "rhw": {
          "0": 1.5833333333333333,
          "10": 3.642857142857143
        },
        "zg": {
          "0": 1.5833333333333333,
          "10": 3.642857142857143
        },
        "hoffmann": {
          "0": 1.5833333333333333,
          "10": 3.642857142857143
        }
      },
      "30": {
        "exhaust": {
          "0": 1.3214285714285714,
          "10": 2.5952380952380953
        },
        "hm": {
          "0": 1.2976190476190477,
          "10": 2.4047619047619047
        },
        "rhw": {
          "0": 1.2976190476190477,
          "10": 2.4047619047619047
        },
        "zg": {
          "0": 1.2976190476190477,
          "10": 2.4047619047619047
        },
        "hoffmann": {
          "0": 1.2976190476190477,
          "10": 2.4047619047619047
        }
      },
      "50": {
        "exhaust": {
          "0": 1.1666666666666667,
          "10": 2.0714285714285716
        },
        "hm": {
          "0": 1.1547619047619047,
          "10": 1.9880952380952381
        },
        "rhw": {
          "0": 1.1547619047619047,
          "10": 1.9880952380952381
        },
        "zg": {
          "0": 1.1547619047619047,
          "10": 1.9880952380952381
        },
        "hoffmann": {
          "0": 1.1547619047619047,
          "10": 1.9880952380952381
        }
      },
      "70": {
        "exhaust": {
          "0": 1.0833333333333333,
          "10": 1.6785714285714286
        },
        "hm": {
          "0": 1.0833333333333333,
          "10": 1.619047619047619
        },
        "rhw": {
          "0": 1.0833333333333333,
          "10": 1.619047619047619
        },
        "zg": {
          "0": 1.0833333333333333,
          "10": 1.619047619047619
        },
        "hoffmann": {
          "0": 1.0833333333333333,
          "10": 1.619047619047619
        }
      },
      "100": {
        "exhaust": {
          "0": 1.0714285714285714,
          "10": 1.4285714285714286
        },
        "hm": {
          "0": 1.0714285714285714,