{
  "ferry": {
    "problems": 364,
    "goals_avg": 7.571428571428571,
    "observations": {
      "10": {
        "exhaust": {
          "time": {
            "0": 4.173,
            "10": 4.153,
            "20": 4.155,
            "30": 4.152
          },
          "accuracy": {
            "0": 83.33333333333334,
            "10": 97.61904761904762,
            "20": 100.0,
            "30": 100.0
          }
        },
        "hm": {
          "time": {
            "0": 6.93,
            "10": 6.877,
            "20": 6.84,
            "30": 6.883
          },
          "accuracy": {
            "0": 79.76190476190477,
            "10": 95.23809523809523,
            "20": 100.0,
            "30": 100.0
          }
        },
        "rhw": {
          "time": {
            "0": 4.145,
            "10": 4.135,
            "20": 4.082,
            "30": 4.113
          },
          "accuracy": {
            "0": 79.76190476190477,
            "10": 95.23809523809523,
            "20": 100.0,
            "30": 100.0
          }
        },
        "zg": {
          "time": {
            "0": 4.147,
            "10": 4.139,
            "20": 4.167,
            "30": 4.146
          },
          "accuracy": {
            "0": 79.76190476190477,
            "10": 95.23809523809523,
            "20": 100.0,
            "30": 100.0
          }
        },
        "observations_avg": 2.9285714285714284
      },
      "30": {
        "exhaust": {
          "time": {
            "0": 4.215,
            "10": 4.185,
            "20": 4.211,
            "30": 4.221
          },
          "accuracy": {
            "0": 96.42857142857143,
            "10": 100.0,
            "20": 100.0,
            "30": 100.0
          }
        },
        "hm": {
          "time": {
            "0": 6.914,
            "10": 6.933,
            "20": 6.958,
            "30": 6.946
          },
          "accuracy": {
            "0": 95.23809523809523,
            "10": 100.0,
            "20": 100.0,
            "30": 100.0
          }
        },
        "rhw": {
          "time": {
            "0": 4.165,
            "10": 4.173,
            "20": 4.207,
            "30": 4.125
          },
          "accuracy": {
            "0": 95.23809523809523,
            "10": 100.0,
            "20": 100.0,
            "30": 100.0
          }
        },
        "zg": {
          "time": {
            "0": 4.141,
            "10": 4.131,
            "20": 4.145,
            "30": 4.116
          },
          "accuracy": {
            "0": 95.23809523809523,
            "10": 100.0,
            "20": 100.0,
            "30": 100.0
          }
        },
        "observations_avg": 7.678571428571429
      },
      "50": {
        "exhaust": {
          "time": {
            "0": 3.925,
            "10": 3.922,
            "20": 3.994,
            "30": 3.96
          },
          "accuracy": {
            "0": 98.80952380952381,
            "10": 100.0,
            "20": 100.0,
            "30": 100.0
          }
        },
        "hm": {
          "time": {
            "0": 6.544,
            "10": 6.484,
            "20": 6.469,
            "30": 6.546
          },
          "accuracy": {
            "0": 97.61904761904762,
            "10": 100.0,
            "20": 100.0,
            "30": 100.0
          }
        },
        "rhw": {
          "time": {
            "0": 3.934,
            "10": 3.911,
            "20": 3.926,
            "30": 3.929
          },
          "accuracy": {
            "0": 97.61904761904762,
            "10": 100.0,
            "20": 100.0,
            "30": 100.0
          }
        },
        "zg": {
          "time": {
            "0": 3.966,
            "10": 3.935,
            "20": 3.921,
            "30": 3.897
          },
          "accuracy": {
            "0": 97.61904761904762,
            "10": 100.0,
            "20": 100.0,
            "30": 100.0
          }
        },
        "observations_avg": 12.357142857142858
      },
      "70": {
        "exhaust": {
          "time": {
            "0": 4.073,
            "10": 4.107,
            "20": 4.128,
            "30": 4.107
          },
          "accuracy": {
            "0": 100.0,
            "10": 100.0,
            "20": 100.0,
            "30": 100.0
          }
        },
        "hm": {
          "time": {
            "0": 6.803,
            "10": 6.801,
            "20": 6.718,
            "30": 6.824
          },
          "accuracy": {
            "0": 100.0,
            "10": 100.0,
            "20": 100.0,
            "30": 100.0
          }
        },
        "rhw": {
          "time": {
            "0": 4.062,
            "10": 4.092,
            "20": 4.084,
            "30": 4.052
          },
          "accuracy": {
            "0": 100.0,
            "10": 100.0,
            "20": 100.0,
            "30": 100.0
          }
        },
        "zg": {
          "time": {
            "0": 4.042,
            "10": 4.07,
            "20": 4.05,
            "30": 4.058
          },
          "accuracy": {
            "0": 100.0,
            "10": 100.0,
            "20": 100.0,
            "30": 100.0
          }
        },
        "observations_avg": 17.357142857142858
      },
      "100": {
        "exhaust": {
          "time": {
            "0": 4.299,
            "10": 4.188,
            "20": 4.265,
            "30": 4.209
          },
          "accuracy": {
            "0": 100.0,
            "10": 100.0,
            "20": 100.0,
            "30": 100.0
          }
        },
        "hm": {
          "time": {
            "0": 7.024,
            "10": 7.086,
            "20": 7.036,
            "30": 7.056
          },
          "accuracy": {
            "0": 100.0,
            "10": 100.0,
            "20": 100.0,
            "30": 100.0
          }
        },
        "rhw": {
          "time": {
            "0": 4.211,
            "10": 4.232,
            "20": 4.327,
            "30": 4.242
          },
          "accuracy": {
            "0": 100.0,
            "10": 100.0,
            "20": 100.0,
            "30": 100.0
          }
        },
        "zg": {
          "time": {
            "0": 4.241,
            "10": 4.182,
            "20": 4.261,
            "30": 4.22
          },
          "accuracy": {
            "0": 100.0,
            "10": 100.0,
            "20": 100.0,
            "30": 100.0
          }
        },
        "observations_avg": 24.214285714285715
      }
    },
    "landmarks_avg": {
      "exhaust": 30.887755102040735,
      "hm": 28.99234693877545,
      "rhw": 28.99234693877545,
      "zg": 28.99234693877545
    },
    "spread": {
      "10": {
        "exhaust": {
          "0": 1.6666666666666667,
          "10": 2.642857142857143,
          "20": 4.178571428571429,
          "30": 5.5
        },
        "hm": {
          "0": 1.5714285714285714,
          "10": 2.4404761904761907,
          "20": 4.023809523809524,
          "30": 5.273809523809524
        },
        "rhw": {
          "0": 1.5714285714285714,
          "10": 2.4404761904761907,
          "20": 4.023809523809524,
          "30": 5.273809523809524
        },
        "zg": {
          "0": 1.5714285714285714,
          "10": 2.4404761904761907,
          "20": 4.023809523809524,
          "30": 5.273809523809524
        }
      },
      "30": {
        "exhaust": {
          "0": 1.3214285714285714,
          "10": 1.7976190476190477,
          "20": 3.2738095238095237,
          "30": 5.25
        },
        "hm": {
          "0": 1.3095238095238095,
          "10": 1.7023809523809523,
          "20": 3.130952380952381,
          "30": 5.011904761904762
        },
        "rhw": {
          "0": 1.3095238095238095,
          "10": 1.7023809523809523,
          "20": 3.130952380952381,
          "30": 5.011904761904762
        },
        "zg": {
          "0": 1.3095238095238095,
          "10": 1.7023809523809523,
          "20": 3.130952380952381,