{
  "ferry": {
    "problems": 364,
    "goals_avg": 7.571428571428571,
    "observations": {
      "10": {
        "exhaust": {
          "time": {
            "0": 3.953,
            "10": 3.949,
            "20": 3.996,
            "30": 3.962
          },
          "accuracy": {
            "0": 83.33333333333334,
            "10": 97.61904761904762,
            "20": 100.0,
            "30": 100.0
          }
        },
        "hm": {
          "time": {
            "0": 6.51,
            "10": 6.539,
            "20": 6.521,
            "30": 6.515
          },
          "accuracy": {
            "0": 79.76190476190477,
            "10": 95.23809523809523,
            "20": 100.0,
            "30": 100.0
          }
        },
        "rhw": {
          "time": {
            "0": 3.948,
            "10": 3.967,
            "20": 3.968,
            "30": 3.991
          },
          "accuracy": {
            "0": 79.76190476190477,
            "10": 95.23809523809523,
            "20": 100.0,
            "30": 100.0
          }
        },
        "zg": {
          "time": {
            "0": 3.919,
            "10": 3.91,
            "20": 3.926,
            "30": 3.896
          },
          "accuracy": {
            "0": 79.76190476190477,
            "10": 95.23809523809523,
            "20": 100.0,
            "30": 100.0
          }
        },
        "observations_avg": 2.9285714285714284
      },
      "30": {
        "exhaust": {
          "time": {
            "0": 3.952,
            "10": 3.954,
            "20": 4.011,
            "30": 3.979
          },
          "accuracy": {
            "0": 96.42857142857143,
            "10": 100.0,
            "20": 100.0,
            "30": 100.0
          }
        },
        "hm": {
          "time": {
            "0": 6.505,
            "10": 6.502,
            "20": 6.492,
            "30": 6.537
          },
          "accuracy": {
            "0": 95.23809523809523,
            "10": 100.0,
            "20": 100.0,
            "30": 100.0
          }
        },
        "rhw": {
          "time": {
            "0": 3.911,
            "10": 3.958,
            "20": 3.929,
            "30": 3.944
          },
          "accuracy": {
            "0": 95.23809523809523,
            "10": 100.0,
            "20": 100.0,
            "30": 100.0
          }
        },
        "zg": {
          "time": {
            "0": 3.939,
            "10": 3.903,
            "20": 3.941,
            "30": 3.939
          },
          "accuracy": {
            "0": 95.23809523809523,
            "10": 100.0,
            "20": 100.0,
            "30": 100.0
          }
        },
        "observations_avg": 7.678571428571429
      },
      "50": {
        "exhaust": {
          "time": {
            "0": 3.962,
            "10": 3.961,
            "20": 3.986,
            "30": 3.954
          },
          "accuracy": {
            "0": 98.80952380952381,
            "10": 100.0,
            "20": 100.0,
            "30": 100.0
          }
        },
        "hm": {
          "time": {
            "0": 6.524,
            "10": 6.518,
            "20": 6.456,
            "30": 6.493
          },
          "accuracy": {
            "0": 97.61904761904762,
            "10": 100.0,
            "20": 100.0,
            "30": 100.0
          }
        },
        "rhw": {
          "time": {
            "0": 3.891,
            "10": 3.871,
            "20": 3.914,
            "30": 3.937
          },
          "accuracy": {
            "0": 97.61904761904762,
            "10": 100.0,
            "20": 100.0,
            "30": 100.0
          }
        },
        "zg": {
          "time": {
            "0": 3.887,
            "10": 3.916,
            "20": 3.873,
            "30": 3.912
          },
          "accuracy": {
            "0": 97.61904761904762,
            "10": 100.0,
            "20": 100.0,
            "30": 100.0
          }
        },
        "observations_avg": 12.357142857142858
      },
      "70": {
        "exhaust": {
          "time": {
            "0": 3.93,
            "10": 3.928,
            "20": 3.951,
            "30": 3.95
          },
          "accuracy": {
            "0": 100.0,
            "10": 100.0,
            "20": 100.0,
            "30": 100.0
          }
        },
        "hm": {
          "time": {
            "0": 6.544,
            "10": 6.596,
            "20": 6.542,
            "30": 6.492
          },
          "accuracy": {
            "0": 100.0,
            "10": 100.0,
            "20": 100.0,
            "30": 100.0
          }
        },
        "rhw": {
          "time": {
            "0": 3.947,
            "10": 3.94,
            "20": 3.903,
            "30": 3.926
          },
          "accuracy": {
            "0": 100.0,
            "10": 100.0,
            "20": 100.0,
            "30": 100.0
          }
        },
        "zg": {
          "time": {
            "0": 3.927,
            "10": 3.918,
            "20": 3.933,
            "30": 3.918
          },
          "accuracy": {
            "0": 100.0,
            "10": 100.0,
            "20": 100.0,
            "30": 100.0
          }
        },
        "observations_avg": 17.357142857142858
      },
      "100": {
        "exhaust": {
          "time": {
            "0": 4.11,
            "10": 4.164,
            "20": 4.178,
            "30": 4.131
          },
          "accuracy": {
            "0": 100.0,
            "10": 100.0,
            "20": 100.0,
            "30": 100.0
          }
        },
        "hm": {
          "time": {
            "0": 6.7,
            "10": 6.763,
            "20": 6.936,
            "30": 6.919
          },
          "accuracy": {
            "0": 100.0,
            "10": 100.0,
            "20": 100.0,
            "30": 100.0
          }
        },
        "rhw": {
          "time": {
            "0": 4.117,
            "10": 4.128,
            "20": 4.153,
            "30": 4.155
          },
          "accuracy": {
            "0": 100.0,
            "10": 100.0,
            "20": 100.0,
            "30": 100.0
          }
        },
        "zg": {
          "time": {
            "0": 4.189,
            "10": 4.145,
            "20": 4.159,
            "30": 4.153
          },
          "accuracy": {
            "0": 100.0,
            "10": 100.0,
            "20": 100.0,
            "30": 100.0
          }
        },
        "observations_avg": 24.214285714285715
      }
    },
    "landmarks_avg": {
      "exhaust": 30.887755102040735,
      "hm": 28.99234693877545,
      "rhw": 28.99234693877545,
      "zg": 28.99234693877545
    }
  }
}