{
  "ferry": {
    "problems": 364,
    "goals_avg": 7.571428571428571,
    "observations": {
      "10": {
        "exhaust": {
          "time": {
            "0": 4.124,
            "10": 4.119,
            "20": 4.141,
            "30": 4.14
          },
          "accuracy": {
            "0": 83.33333333333334,
            "10": 97.61904761904762,
            "20": 100.0,
            "30": 100.0
          }
        },
        "hm": {
          "time": {
            "0": 6.824,
            "10": 6.838,
            "20": 6.826,
            "30": 6.782
          },
          "accuracy": {
            "0": 79.76190476190477,
            "10": 95.23809523809523,
            "20": 100.0,
            "30": 100.0
          }
        },
        "rhw": {
          "time": {
            "0": 4.101,
            "10": 4.083,
            "20": 4.072,
            "30": 4.054
          },
          "accuracy": {
            "0": 79.76190476190477,
            "10": 95.23809523809523,
            "20": 100.0,
            "30": 100.0
          }
        },
        "zg": {
          "time": {
            "0": 4.085,
            "10": 4.106,
            "20": 4.118,
            "30": 4.106
          },
          "accuracy": {
            "0": 79.76190476190477,
            "10": 95.23809523809523,
            "20": 100.0,
            "30": 100.0
          }
        },
        "observations_avg": 2.9285714285714284
      },
      "30": {
        "exhaust": {
          "time": {
            "0": 4.154,
            "10": 4.121,
            "20": 4.161,
            "30": 4.135
          },
          "accuracy": {
            "0": 96.42857142857143,
            "10": 100.0,
            "20": 100.0,
            "30": 100.0
          }
        },
        "hm": {
          "time": {
            "0": 6.828,
            "10": 6.805,
            "20": 6.785,
            "30": 6.772
          },
          "accuracy": {
            "0": 95.23809523809523,
            "10": 100.0,
            "20": 100.0,
            "30": 100.0
          }
        },
        "rhw": {
          "time": {
            "0": 4.087,
            "10": 4.104,
            "20": 4.125,
            "30": 4.127
          },
          "accuracy": {
            "0": 95.23809523809523,
            "10": 100.0,
            "20": 100.0,
            "30": 100.0
          }
        },
        "zg": {
          "time": {
            "0": 4.135,
            "10": 4.1,
            "20": 4.084,
            "30": 4.084
          },
          "accuracy": {
            "0": 95.23809523809523,
            "10": 100.0,
            "20": 100.0,
            "30": 100.0
          }
        },
        "observations_avg": 7.678571428571429
      },
      "50": {
        "exhaust": {
          "time": {
            "0": 4.118,
            "10": 4.111,
            "20": 4.12,
            "30": 4.123
          },
          "accuracy": {
            "0": 98.80952380952381,
            "10": 100.0,
            "20": 100.0,
            "30": 100.0
          }
        },
        "hm": {
          "time": {
            "0": 6.741,
            "10": 6.779,
            "20": 6.75,
            "30": 6.771
          },
          "accuracy": {
            "0": 97.61904761904762,
            "10": 100.0,
            "20": 100.0,
            "30": 100.0
          }
        },
        "rhw": {
          "time": {
            "0": 4.076,
            "10": 4.085,
            "20": 4.076,
            "30": 4.084
          },
          "accuracy": {
            "0": 97.61904761904762,
            "10": 100.0,
            "20": 100.0,
            "30": 100.0
          }
        },
        "zg": {
          "time": {
            "0": 4.055,
            "10": 4.078,
            "20": 4.078,
            "30": 4.042
          },
          "accuracy": {
            "0": 97.61904761904762,
            "10": 100.0,
            "20": 100.0,
            "30": 100.0
          }
        },
        "observations_avg": 12.357142857142858
      },
      "70": {
        "exhaust": {
          "time": {
            "0": 4.12,
            "10": 4.159,
            "20": 4.131,
            "30": 4.118
          },
          "accuracy": {
            "0": 100.0,
            "10": 100.0,
            "20": 100.0,
            "30": 100.0
          }
        },
        "hm": {
          "time": {
            "0": 6.832,
            "10": 6.765,
            "20": 6.759,
            "30": 6.793
          },
          "accuracy": {
            "0": 100.0,
            "10": 100.0,
            "20": 100.0,
            "30": 100.0
          }
        },
        "rhw": {
          "time": {
            "0": 4.102,
            "10": 4.093,
            "20": 4.104,
            "30": 4.125
          },
          "accuracy": {
            "0": 100.0,
            "10": 100.0,
            "20": 100.0,
            "30": 100.0
          }
        },
        "zg": {
          "time": {
            "0": 4.074,
            "10": 4.108,
            "20": 4.126,
            "30": 4.113
          },
          "accuracy": {
            "0": 100.0,
            "10": 100.0,
            "20": 100.0,
            "30": 100.0
          }
        },
        "observations_avg": 17.357142857142858
      },
      "100": {
        "exhaust": {
          "time": {
            "0": 4.3,
            "10": 4.355,
            "20": 4.412,
            "30": 4.386
          },
          "accuracy": {
            "0": 100.0,
            "10": 100.0,
            "20": 100.0,
            "30": 100.0
          }
        },
        "hm": {
          "time": {
            "0": 7.118,
            "10": 7.153,
            "20": 7.275,
            "30": 7.249
          },
          "accuracy": {
            "0": 100.0,
            "10": 100.0,
            "20": 100.0,
            "30": 100.0
          }
        },
        "rhw": {
          "time": {
            "0": 4.265,
            "10": 4.306,
            "20": 4.373,
            "30": 4.329
          },
          "accuracy": {
            "0": 100.0,
            "10": 100.0,
            "20": 100.0,
            "30": 100.0
          }
        },
        "zg": {
          "time": {
            "0": 4.387,
            "10": 4.391,
            "20": 4.403,
            "30": 4.402
          },
          "accuracy": {
            "0": 100.0,
            "10": 100.0,
            "20": 100.0,
            "30": 100.0
          }
        },
        "observations_avg": 24.214285714285715
      }
    },
    "landmarks_avg": {
      "exhaust": 30.887755102040735,
      "hm": 28.99234693877545,
      "rhw": 28.99234693877545,
      "zg": 28.99234693877545
    }
  }
}