{
  "ferry": {
    "problems": 364,
    "goals_avg": 7.571428571428571,
    "landmarks_avg": 30.887755102040817,
    "observations": {
      "10": {
        "exhaust": {
          "time": {
            "0": 20.736,
            "10": 20.641,
            "20": 20.71,
            "30": 20.67
          },
          "accuracy": {
            "0": 0.0,
            "10": 0.0,
            "20": 0.0,
            "30": 0.0
          }
        },
        "hm": {
          "time": {
            "0": 0.0,
            "10": 0.0,
            "20": 0.0,
            "30": 0.0
          },
          "accuracy": {
            "0": 0.0,
            "10": 0.0,
            "20": 0.0,
            "30": 0.0
          }
        },
        "rhw": {
          "time": {
            "0": 0.0,
            "10": 0.0,
            "20": 0.0,
            "30": 0.0
          },
          "accuracy": {
            "0": 0.0,
            "10": 0.0,
            "20": 0.0,
            "30": 0.0
          }
        },
        "zg": {
          "time": {
            "0": 0.0,
            "10": 0.0,
            "20": 0.0,
            "30": 0.0
          },
          "accuracy": {
            "0": 0.0,
            "10": 0.0,
            "20": 0.0,
            "30": 0.0
          }
        },
        "observations_avg": 2.9285714285714284
      },
      "30": {
        "exhaust": {
          "time": {
            "0": 19.404,
            "10": 19.352,
            "20": 19.37,
            "30": 19.409
          },
          "accuracy": {
            "0": 0.0,
            "10": 0.0,
            "20": 0.0,
            "30": 0.0
          }
        },
        "hm": {
          "time": {
            "0": 0.0,
            "10": 0.0,
            "20": 0.0,
            "30": 0.0
          },
          "accuracy": {
            "0": 0.0,
            "10": 0.0,
            "20": 0.0,
            "30": 0.0
          }
        },
        "rhw": {
          "time": {
            "0": 0.0,
            "10": 0.0,
            "20": 0.0,
            "30": 0.0
          },
          "accuracy": {
            "0": 0.0,
            "10": 0.0,
            "20": 0.0,
            "30": 0.0
          }
        },
        "zg": {
          "time": {
            "0": 0.0,
            "10": 0.0,
            "20": 0.0,
            "30": 0.0
          },
          "accuracy": {
            "0": 0.0,
            "10": 0.0,
            "20": 0.0,
            "30": 0.0
          }
        },
        "observations_avg": 7.678571428571429
      },
      "50": {
        "exhaust": {
          "time": {
            "0": 20.693,
            "10": 20.666,
            "20": 20.646,
            "30": 20.59
          },
          "accuracy": {
            "0": 0.0,
            "10": 0.0,
            "20": 0.0,
            "30": 0.0
          }
        },
        "hm": {
          "time": {
            "0": 0.0,
            "10": 0.0,
            "20": 0.0,
            "30": 0.0
          },
          "accuracy": {
            "0": 0.0,
            "10": 0.0,
            "20": 0.0,
            "30": 0.0
          }
        },
        "rhw": {
          "time": {
            "0": 0.0,
            "10": 0.0,
            "20": 0.0,
            "30": 0.0
          },
          "accuracy": {
            "0": 0.0,
            "10": 0.0,
            "20": 0.0,
            "30": 0.0
          }
        },
        "zg": {
          "time": {
            "0": 0.0,
            "10": 0.0,
            "20": 0.0,
            "30": 0.0
          },
          "accuracy": {
            "0": 0.0,
            "10": 0.0,
            "20": 0.0,
            "30": 0.0
          }
        },
        "observations_avg": 12.357142857142858
      },
      "70": {
        "exhaust": {
          "time": {
            "0": 20.786,
            "10": 20.82,
            "20": 20.78,
            "30": 20.776
          },
          "accuracy": {
            "0": 0.0,
            "10": 0.0,
            "20": 0.0,
            "30": 0.0
          }
        },
        "hm": {
          "time": {
            "0": 0.0,
            "10": 0.0,
            "20": 0.0,
            "30": 0.0
          },
          "accuracy": {
            "0": 0.0,
            "10": 0.0,
            "20": 0.0,
            "30": 0.0
          }
        },
        "rhw": {
          "time": {
            "0": 0.0,
            "10": 0.0,
            "20": 0.0,
            "30": 0.0
          },
          "accuracy": {
            "0": 0.0,
            "10": 0.0,
            "20": 0.0,
            "30": 0.0
          }
        },
        "zg": {
          "time": {
            "0": 0.0,
            "10": 0.0,
            "20": 0.0,
            "30": 0.0
          },
          "accuracy": {
            "0": 0.0,
            "10": 0.0,
            "20": 0.0,
            "30": 0.0
          }
        },
        "observations_avg": 17.357142857142858
      },
      "100": {
        "exhaust": {
          "time": {
            "0": 22.123,
            "10": 22.174,
            "20": 22.07,
            "30": 22.239
          },
          "accuracy": {
            "0": 0.0,
            "10": 0.0,
            "20": 0.0,
            "30": 0.0
          }
        },
        "hm": {
          "time": {
            "0": 0.0,
            "10": 0.0,
            "20": 0.0,
            "30": 0.0
          },
          "accuracy": {
            "0": 0.0,
            "10": 0.0,
            "20": 0.0,
            "30": 0.0
          }
        },
        "rhw": {
          "time": {
            "0": 0.0,
            "10": 0.0,
            "20": 0.0,
            "30": 0.0
          },
          "accuracy": {
            "0": 0.0,
            "10": 0.0,
            "20": 0.0,
            "30": 0.0
          }
        },
        "zg": {
          "time": {
            "0": 0.0,
            "10": 0.0,
            "20": 0.0,
            "30": 0.0
          },
          "accuracy": {
            "0": 0.0,
            "10": 0.0,
            "20": 0.0,
            "30": 0.0
          }
        },
        "observations_avg": 24.214285714285715
      }
    }
  }
}