{
  "logistics": {
    "problems": 673,
    "goals_avg": 10.463595839524517,
    "observations": {
      "10": {
        "exhaust": {
          "time": {
            "0": 5.344,
            "10": 5.332,
            "20": 5.331,
            "30": 5.347
          },
          "accuracy": {
            "0": 73.8562091503268,
            "10": 92.15686274509804,
            "20": 96.07843137254902,
            "30": 98.69281045751634
          }
        },
        "hm": {
          "time": {
            "0": 6.643,
            "10": 6.646,
            "20": 6.665,
            "30": 6.646
          },
          "accuracy": {
            "0": 77.12418300653596,
            "10": 95.42483660130719,
            "20": 99.34640522875817,
            "30": 100.0
          }
        },
        "rhw": {
          "time": {
            "0": 5.329,
            "10": 5.337,
            "20": 5.32,
            "30": 5.31
          },
          "accuracy": {
            "0": 75.81699346405229,
            "10": 93.4640522875817,
            "20": 98.0392156862745,
            "30": 100.0
          }
        },
        "zg": {
          "time": {
            "0": 5.336,
            "10": 5.339,
            "20": 5.348,
            "30": 5.32
          },
          "accuracy": {
            "0": 77.12418300653596,
            "10": 95.42483660130719,
            "20": 99.34640522875817,
            "30": 100.0
          }
        },
        "observations_avg": 2.823529411764706
      },
      "30": {
        "exhaust": {
          "time": {
            "0": 5.227,
            "10": 5.234,
            "20": 5.238,
            "30": 5.234
          },
          "accuracy": {
            "0": 88.88888888888889,
            "10": 98.0392156862745,
            "20": 98.69281045751634,
            "30": 98.69281045751634
          }
        },
        "hm": {
          "time": {
            "0": 6.526,
            "10": 6.531,
            "20": 6.548,
            "30": 6.544
          },
          "accuracy": {
            "0": 90.84967320261438,
            "10": 100.0,
            "20": 100.0,
            "30": 100.0
          }
        },
        "rhw": {
          "time": {
            "0": 5.211,
            "10": 5.225,
            "20": 5.235,
            "30": 5.209
          },
          "accuracy": {
            "0": 90.84967320261438,
            "10": 99.34640522875817,
            "20": 100.0,
            "30": 100.0
          }
        },
        "zg": {
          "time": {
            "0": 5.247,
            "10": 5.225,
            "20": 5.223,
            "30": 5.238
          },
          "accuracy": {
            "0": 90.84967320261438,
            "10": 100.0,
            "20": 100.0,
            "30": 100.0
          }
        },
        "observations_avg": 8.013071895424837
      },
      "50": {
        "exhaust": {
          "time": {
            "0": 6.796,
            "10": 6.754,
            "20": 6.785,
            "30": 6.789
          },
          "accuracy": {
            "0": 98.0392156862745,
            "10": 98.69281045751634,
            "20": 98.69281045751634,
            "30": 99.34640522875817
          }
        },
        "hm": {
          "time": {
            "0": 8.388,
            "10": 8.363,
            "20": 8.41,
            "30": 8.365
          },
          "accuracy": {
            "0": 100.0,
            "10": 100.0,
            "20": 100.0,
            "30": 100.0
          }
        },
        "rhw": {
          "time": {
            "0": 6.767,
            "10": 6.763,
            "20": 6.705,
            "30": 6.786
          },
          "accuracy": {
            "0": 99.34640522875817,
            "10": 100.0,
            "20": 100.0,
            "30": 100.0
          }
        },
        "zg": {
          "time": {
            "0": 6.752,
            "10": 6.751,
            "20": 6.744,
            "30": 6.753
          },
          "accuracy": {
            "0": 100.0,
            "10": 100.0,
            "20": 100.0,
            "30": 100.0
          }
        },
        "observations_avg": 13.071895424836601
      },
      "70": {
        "exhaust": {
          "time": {
            "0": 5.89,
            "10": 5.895,
            "20": 5.945,
            "30": 5.909
          },
          "accuracy": {
            "0": 98.0392156862745,
            "10": 98.0392156862745,
            "20": 98.69281045751634,
            "30": 100.0
          }
        },
        "hm": {
          "time": {
            "0": 7.347,
            "10": 7.34,
            "20": 7.309,
            "30": 7.274
          },
          "accuracy": {
            "0": 100.0,
            "10": 100.0,
            "20": 100.0,
            "30": 100.0
          }
        },
        "rhw": {
          "time": {
            "0": 5.891,
            "10": 5.882,
            "20": 5.88,
            "30": 5.916
          },
          "accuracy": {
            "0": 100.0,
            "10": 100.0,
            "20": 100.0,
            "30": 100.0
          }
        },
        "zg": {
          "time": {
            "0": 5.88,
            "10": 5.896,
            "20": 5.889,
            "30": 5.862
          },
          "accuracy": {
            "0": 100.0,
            "10": 100.0,
            "20": 100.0,
            "30": 100.0
          }
        },
        "observations_avg": 18.326797385620914
      },
      "100": {
        "exhaust": {
          "time": {
            "0": 6.525,
            "10": 6.532,
            "20": 6.552,
            "30": 6.563
          },
          "accuracy": {
            "0": 98.36065573770492,
            "10": 100.0,
            "20": 100.0,
            "30": 100.0
          }
        },
        "hm": {
          "time": {
            "0": 8.029,
            "10": 7.957,
            "20": 7.936,
            "30": 7.947
          },
          "accuracy": {
            "0": 100.0,
            "10": 100.0,
            "20": 100.0,
            "30": 100.0
          }
        },
        "rhw": {
          "time": {
            "0": 6.49,
            "10": 6.524,
            "20": 6.508,
            "30": 6.495
          },
          "accuracy": {
            "0": 100.0,
            "10": 100.0,
            "20": 100.0,
            "30": 100.0
          }
        },
        "zg": {
          "time": {
            "0": 6.563,
            "10": 6.505,
            "20": 6.511,
            "30": 6.497
          },
          "accuracy": {
            "0": 100.0,
            "10": 100.0,
            "20": 100.0,
            "30": 100.0
          }
        },
        "observations_avg": 24.40983606557377
      }
    },
    "landmarks_avg": {
      "exhaust": 22.010995542347366,
      "hm": 18.633580980683337,
      "rhw": 18.665775136205824,
      "zg": 18.633580980683337
    }
  }
}