{
  "logistics": {
    "problems": 673,
    "goals_avg": 10.463595839524517,
    "observations": {
      "10": {
        "exhaust": {
          "time": {
            "0": 5.471,
            "10": 5.427,
            "20": 5.446,
            "30": 5.431
          },
          "accuracy": {
            "0": 73.8562091503268,
            "10": 92.15686274509804,
            "20": 96.07843137254902,
            "30": 98.69281045751634
          }
        },
        "hm": {
          "time": {
            "0": 6.77,
            "10": 6.759,
            "20": 6.746,
            "30": 6.729
          },
          "accuracy": {
            "0": 77.12418300653596,
            "10": 95.42483660130719,
            "20": 99.34640522875817,
            "30": 100.0
          }
        },
        "rhw": {
          "time": {
            "0": 5.4,
            "10": 5.418,
            "20": 5.421,
            "30": 5.422
          },
          "accuracy": {
            "0": 75.81699346405229,
            "10": 93.4640522875817,
            "20": 98.0392156862745,
            "30": 100.0
          }
        },
        "zg": {
          "time": {
            "0": 5.417,
            "10": 5.43,
            "20": 5.422,
            "30": 5.419
          },
          "accuracy": {
            "0": 77.12418300653596,
            "10": 95.42483660130719,
            "20": 99.34640522875817,
            "30": 100.0
          }
        },
        "observations_avg": 2.823529411764706
      },
      "30": {
        "exhaust": {
          "time": {
            "0": 5.315,
            "10": 5.35,
            "20": 5.343,
            "30": 5.309
          },
          "accuracy": {
            "0": 88.88888888888889,
            "10": 98.0392156862745,
            "20": 98.69281045751634,
            "30": 98.69281045751634
          }
        },
        "hm": {
          "time": {
            "0": 6.65,
            "10": 6.621,
            "20": 6.65,
            "30": 6.636
          },
          "accuracy": {
            "0": 90.84967320261438,
            "10": 100.0,
            "20": 100.0,
            "30": 100.0
          }
        },
        "rhw": {
          "time": {
            "0": 5.322,
            "10": 5.334,
            "20": 5.323,
            "30": 5.32
          },
          "accuracy": {
            "0": 90.84967320261438,
            "10": 99.34640522875817,
            "20": 100.0,
            "30": 100.0
          }
        },
        "zg": {
          "time": {
            "0": 5.286,
            "10": 5.316,
            "20": 5.325,
            "30": 5.335
          },
          "accuracy": {
            "0": 90.84967320261438,
            "10": 100.0,
            "20": 100.0,
            "30": 100.0
          }
        },
        "observations_avg": 8.013071895424837
      },
      "50": {
        "exhaust": {
          "time": {
            "0": 7.102,
            "10": 7.131,
            "20": 7.127,
            "30": 7.102
          },
          "accuracy": {
            "0": 98.0392156862745,
            "10": 98.69281045751634,
            "20": 98.69281045751634,
            "30": 99.34640522875817
          }
        },
        "hm": {
          "time": {
            "0": 8.758,
            "10": 8.752,
            "20": 8.765,
            "30": 8.755
          },
          "accuracy": {
            "0": 100.0,
            "10": 100.0,
            "20": 100.0,
            "30": 100.0
          }
        },
        "rhw": {
          "time": {
            "0": 7.122,
            "10": 7.073,
            "20": 7.102,
            "30": 7.087
          },
          "accuracy": {
            "0": 99.34640522875817,
            "10": 100.0,
            "20": 100.0,
            "30": 100.0
          }
        },
        "zg": {
          "time": {
            "0": 7.081,
            "10": 7.116,
            "20": 7.058,
            "30": 7.115
          },
          "accuracy": {
            "0": 100.0,
            "10": 100.0,
            "20": 100.0,
            "30": 100.0
          }
        },
        "observations_avg": 13.071895424836601
      },
      "70": {
        "exhaust": {
          "time": {
            "0": 6.118,
            "10": 6.162,
            "20": 6.115,
            "30": 6.123
          },
          "accuracy": {
            "0": 98.0392156862745,
            "10": 98.0392156862745,
            "20": 98.69281045751634,
            "30": 100.0
          }
        },
        "hm": {
          "time": {
            "0": 7.588,
            "10": 7.565,
            "20": 7.543,
            "30": 7.544
          },
          "accuracy": {
            "0": 100.0,
            "10": 100.0,
            "20": 100.0,
            "30": 100.0
          }
        },
        "rhw": {
          "time": {
            "0": 6.107,
            "10": 6.139,
            "20": 6.096,
            "30": 6.085
          },
          "accuracy": {
            "0": 100.0,
            "10": 100.0,
            "20": 100.0,
            "30": 100.0
          }
        },
        "zg": {
          "time": {
            "0": 6.099,
            "10": 6.107,
            "20": 6.104,
            "30": 6.065
          },
          "accuracy": {
            "0": 100.0,
            "10": 100.0,
            "20": 100.0,
            "30": 100.0
          }
        },
        "observations_avg": 18.326797385620914
      },
      "100": {
        "exhaust": {
          "time": {
            "0": 6.885,
            "10": 6.88,
            "20": 6.898,
            "30": 6.89
          },
          "accuracy": {
            "0": 98.36065573770492,
            "10": 100.0,
            "20": 100.0,
            "30": 100.0
          }
        },
        "hm": {
          "time": {
            "0": 8.417,
            "10": 8.325,
            "20": 8.415,
            "30": 8.378
          },
          "accuracy": {
            "0": 100.0,
            "10": 100.0,
            "20": 100.0,
            "30": 100.0
          }
        },
        "rhw": {
          "time": {
            "0": 6.873,
            "10": 6.815,
            "20": 6.877,
            "30": 6.869
          },
          "accuracy": {
            "0": 100.0,
            "10": 100.0,
            "20": 100.0,
            "30": 100.0
          }
        },
        "zg": {
          "time": {
            "0": 6.922,
            "10": 6.924,
            "20": 6.894,
            "30": 6.875
          },
          "accuracy": {
            "0": 100.0,
            "10": 100.0,
            "20": 100.0,
            "30": 100.0
          }
        },
        "observations_avg": 24.40983606557377
      }
    },
    "landmarks_avg": {
      "exhaust": 22.010995542347366,
      "hm": 18.633580980683337,
      "rhw": 18.665775136205824,
      "zg": 18.633580980683337
    }
  }
}