{
  "logistics": {
    "problems": 673,
    "goals_avg": 10.463595839524517,
    "observations": {
      "10": {
        "exhaust": {
          "time": {
            "0": 7.305,
            "10": 7.301
          },
          "accuracy": {
            "0": 73.20261437908496,
            "10": 91.50326797385621
          },
          "prob_accuracy": {
            "0": 100.0,
            "10": 100.0
          }
        },
        "hm": {
          "time": {
            "0": 9.029,
            "10": 9.108
          },
          "accuracy": {
            "0": 75.81699346405229,
            "10": 94.77124183006535
          },
          "prob_accuracy": {
            "0": 100.0,
            "10": 100.0
          }
        },
        "rhw": {
          "time": {
            "0": 7.247,
            "10": 7.276
          },
          "accuracy": {
            "0": 74.50980392156863,
            "10": 94.77124183006535
          },
          "prob_accuracy": {
            "0": 100.0,
            "10": 100.0
          }
        },
        "zg": {
          "time": {
            "0": 7.237,
            "10": 7.232
          },
          "accuracy": {
            "0": 75.81699346405229,
            "10": 94.77124183006535
          },
          "prob_accuracy": {
            "0": 100.0,
            "10": 100.0
          }
        },
        "hoffmann": {
          "time": {
            "0": 72.03,
            "10": 72.18
          },
          "accuracy": {
            "0": 64.05228758169935,
            "10": 80.3921568627451
          },
          "prob_accuracy": {
            "0": 100.0,
            "10": 100.0
          }
        },
        "observations_avg": 2.823529411764706
      },
      "30": {
        "exhaust": {
          "time": {
            "0": 5.928,
            "10": 5.893
          },
          "accuracy": {
            "0": 88.88888888888889,
            "10": 97.38562091503267
          },
          "prob_accuracy": {
            "0": 100.0,
            "10": 100.0
          }
        },
        "hm": {
          "time": {
            "0": 7.354,
            "10": 7.361
          },
          "accuracy": {
            "0": 90.84967320261438,
            "10": 100.0
          },
          "prob_accuracy": {
            "0": 100.0,
            "10": 100.0
          }
        },
        "rhw": {
          "time": {
            "0": 5.888,
            "10": 5.876
          },
          "accuracy": {
            "0": 90.19607843137256,
            "10": 98.69281045751634
          },
          "prob_accuracy": {
            "0": 100.0,
            "10": 100.0
          }
        },
        "zg": {
          "time": {
            "0": 5.897,
            "10": 5.87
          },
          "accuracy": {
            "0": 90.84967320261438,
            "10": 100.0
          },
          "prob_accuracy": {
            "0": 100.0,
            "10": 100.0
          }
        },
        "hoffmann": {
          "time": {
            "0": 66.972,
            "10": 67.034
          },
          "accuracy": {
            "0": 83.66013071895425,
            "10": 92.81045751633987
          },
          "prob_accuracy": {
            "0": 100.0,
            "10": 100.0
          }
        },
        "observations_avg": 8.013071895424837
      },
      "50": {
        "exhaust": {
          "time": {
            "0": 5.542,
            "10": 5.535
          },
          "accuracy": {
            "0": 97.38562091503267,
            "10": 97.38562091503267
          },
          "prob_accuracy": {
            "0": 100.0,
            "10": 100.0
          }
        },
        "hm": {
          "time": {
            "0": 6.881,
            "10": 6.865
          },
          "accuracy": {
            "0": 98.69281045751634,
            "10": 99.34640522875817
          },
          "prob_accuracy": {
            "0": 100.0,
            "10": 100.0
          }
        },
        "rhw": {
          "time": {
            "0": 5.52,
            "10": 5.492
          },
          "accuracy": {
            "0": 98.69281045751634,
            "10": 98.69281045751634
          },
          "prob_accuracy": {
            "0": 100.0,
            "10": 100.0
          }
        },
        "zg": {
          "time": {
            "0": 5.531,
            "10": 5.525
          },
          "accuracy": {
            "0": 98.69281045751634,
            "10": 99.34640522875817
          },
          "prob_accuracy": {
            "0": 100.0,
            "10": 100.0
          }
        },
        "hoffmann": {
          "time": {
            "0": 65.768,
            "10": 65.817
          },
          "accuracy": {
            "0": 93.4640522875817,
            "10": 96.73202614379085
          },
          "prob_accuracy": {
            "0": 100.0,
            "10": 100.0
          }
        },
        "observations_avg": 13.071895424836601
      },
      "70": {
        "exhaust": {
          "time": {
            "0": 8.135,
            "10": 8.089
          },
          "accuracy": {
            "0": 98.0392156862745,
            "10": 98.0392156862745
          },
          "prob_accuracy": {
            "0": 100.0,
            "10": 100.0
          }
        },
        "hm": {
          "time": {
            "0": 10.028,
            "10": 10.097
          },
          "accuracy": {
            "0": 100.0,
            "10": 100.0
          },
          "prob_accuracy": {
            "0": 100.0,
            "10": 100.0
          }
        },
        "rhw": {
          "time": {
            "0": 8.06,
            "10": 8.056
          },
          "accuracy": {
            "0": 100.0,
            "10": 100.0
          },
          "prob_accuracy": {
            "0": 100.0,
            "10": 100.0
          }
        },
        "zg": {
          "time": {
            "0": 8.045,
            "10": 8.097
          },
          "accuracy": {
            "0": 100.0,
            "10": 100.0
          },
          "prob_accuracy": {
            "0": 100.0,
            "10": 100.0
          }
        },
        "hoffmann": {
          "time": {
            "0": 75.38,
            "10": 75.303
          },
          "accuracy": {
            "0": 99.34640522875817,
            "10": 100.0
          },
          "prob_accuracy": {
            "0": 100.0,
            "10": 100.0
          }
        },
        "observations_avg": 18.326797385620914
      },
      "100": {
        "exhaust": {
          "time": {
            "0": 5.69,
            "10": 5.66
          },
          "accuracy": {
            "0": 98.36065573770492,
            "10": 100.0
          },
          "prob_accuracy": {
            "0": 100.0,
            "10": 100.0
          }
        },
        "hm": {
          "time": {
            "0": 6.966,
            "10": 6.952
          },
          "accuracy": {
            "0": 100.0,
            "10": 100.0
          },
          "prob_accuracy": {
            "0": 100.0,
            "10": 100.0
          }
        },
        "rhw": {
          "time": {
            "0": 5.705,
            "10": 5.673
          },
          "accuracy": {
            "0": 100.0,
            "10": 100.0
          },
          "prob_accuracy": {
            "0": 100.0,
            "10": 100.0
          }
        },
        "zg": {
          "time": {
            "0": 5.696,
            "10": 5.676
          },
          "accuracy": {
            "0": 100.0,
            "10": 100.0
          },
          "prob_accuracy": {
            "0": 100.0,
            "10": 100.0
          }
        },
        "hoffmann": {
          "time": {
            "0": 66.212,
            "10": 66.358
          },
          "accuracy": {
            "0": 100.0,
            "10": 100.0
          },
          "prob_accuracy": {
            "0": 100.0,
            "10": 100.0
          }
        },
        "observations_avg": 24.40983606557377
      }
    },