{
  "logistics": {
    "problems": 673,
    "goals_avg": 10.463595839524517,
    "observations": {
      "10": {
        "exhaust": {
          "time": {
            "0": 5.409,
            "10": 5.429,
            "20": 5.437,
            "30": 5.415
          },
          "accuracy": {
            "0": 73.8562091503268,
            "10": 92.15686274509804,
            "20": 96.07843137254902,
            "30": 98.69281045751634
          }
        },
        "hm": {
          "time": {
            "0": 6.749,
            "10": 6.78,
            "20": 6.761,
            "30": 6.749
          },
          "accuracy": {
            "0": 77.12418300653596,
            "10": 95.42483660130719,
            "20": 99.34640522875817,
            "30": 100.0
          }
        },
        "rhw": {
          "time": {
            "0": 5.424,
            "10": 5.407,
            "20": 5.391,
            "30": 5.4
          },
          "accuracy": {
            "0": 75.81699346405229,
            "10": 93.4640522875817,
            "20": 98.0392156862745,
            "30": 100.0
          }
        },
        "zg": {
          "time": {
            "0": 5.409,
            "10": 5.401,
            "20": 5.407,
            "30": 5.413
          },
          "accuracy": {
            "0": 77.12418300653596,
            "10": 95.42483660130719,
            "20": 99.34640522875817,
            "30": 100.0
          }
        },
        "observations_avg": 2.823529411764706
      },
      "30": {
        "exhaust": {
          "time": {
            "0": 5.305,
            "10": 5.304,
            "20": 5.303,
            "30": 5.295
          },
          "accuracy": {
            "0": 88.88888888888889,
            "10": 98.0392156862745,
            "20": 98.69281045751634,
            "30": 98.69281045751634
          }
        },
        "hm": {
          "time": {
            "0": 6.622,
            "10": 6.63,
            "20": 6.582,
            "30": 6.612
          },
          "accuracy": {
            "0": 90.84967320261438,
            "10": 100.0,
            "20": 100.0,
            "30": 100.0
          }
        },
        "rhw": {
          "time": {
            "0": 5.29,
            "10": 5.285,
            "20": 5.282,
            "30": 5.289
          },
          "accuracy": {
            "0": 90.84967320261438,
            "10": 99.34640522875817,
            "20": 100.0,
            "30": 100.0
          }
        },
        "zg": {
          "time": {
            "0": 5.283,
            "10": 5.289,
            "20": 5.301,
            "30": 5.288
          },
          "accuracy": {
            "0": 90.84967320261438,
            "10": 100.0,
            "20": 100.0,
            "30": 100.0
          }
        },
        "observations_avg": 8.013071895424837
      },
      "50": {
        "exhaust": {
          "time": {
            "0": 6.99,
            "10": 6.999,
            "20": 7.009,
            "30": 6.991
          },
          "accuracy": {
            "0": 98.0392156862745,
            "10": 98.69281045751634,
            "20": 98.69281045751634,
            "30": 99.34640522875817
          }
        },
        "hm": {
          "time": {
            "0": 8.705,
            "10": 8.713,
            "20": 8.672,
            "30": 8.672
          },
          "accuracy": {
            "0": 100.0,
            "10": 100.0,
            "20": 100.0,
            "30": 100.0
          }
        },
        "rhw": {
          "time": {
            "0": 6.983,
            "10": 6.994,
            "20": 6.992,
            "30": 6.983
          },
          "accuracy": {
            "0": 99.34640522875817,
            "10": 100.0,
            "20": 100.0,
            "30": 100.0
          }
        },
        "zg": {
          "time": {
            "0": 7.042,
            "10": 7.011,
            "20": 6.996,
            "30": 6.998
          },
          "accuracy": {
            "0": 100.0,
            "10": 100.0,
            "20": 100.0,
            "30": 100.0
          }
        },
        "observations_avg": 13.071895424836601
      },
      "70": {
        "exhaust": {
          "time": {
            "0": 6.1,
            "10": 6.109,
            "20": 6.105,
            "30": 6.095
          },
          "accuracy": {
            "0": 98.0392156862745,
            "10": 98.0392156862745,
            "20": 98.69281045751634,
            "30": 100.0
          }
        },
        "hm": {
          "time": {
            "0": 7.58,
            "10": 7.553,
            "20": 7.584,
            "30": 7.566
          },
          "accuracy": {
            "0": 100.0,
            "10": 100.0,
            "20": 100.0,
            "30": 100.0
          }
        },
        "rhw": {
          "time": {
            "0": 6.077,
            "10": 6.095,
            "20": 6.085,
            "30": 6.087
          },
          "accuracy": {
            "0": 100.0,
            "10": 100.0,
            "20": 100.0,
            "30": 100.0
          }
        },
        "zg": {
          "time": {
            "0": 6.081,
            "10": 6.083,
            "20": 6.101,
            "30": 6.082
          },
          "accuracy": {
            "0": 100.0,
            "10": 100.0,
            "20": 100.0,
            "30": 100.0
          }
        },
        "observations_avg": 18.326797385620914
      },
      "100": {
        "exhaust": {
          "time": {
            "0": 6.564,
            "10": 6.566,
            "20": 6.576,
            "30": 6.634
          },
          "accuracy": {
            "0": 98.36065573770492,
            "10": 100.0,
            "20": 100.0,
            "30": 100.0
          }
        },
        "hm": {
          "time": {
            "0": 8.087,
            "10": 8.018,
            "20": 8.035,
            "30": 7.992
          },
          "accuracy": {
            "0": 100.0,
            "10": 100.0,
            "20": 100.0,
            "30": 100.0
          }
        },
        "rhw": {
          "time": {
            "0": 6.623,
            "10": 6.638,
            "20": 6.598,
            "30": 6.629
          },
          "accuracy": {
            "0": 100.0,
            "10": 100.0,
            "20": 100.0,
            "30": 100.0
          }
        },
        "zg": {
          "time": {
            "0": 6.566,
            "10": 6.545,
            "20": 6.633,
            "30": 6.645
          },
          "accuracy": {
            "0": 100.0,
            "10": 100.0,
            "20": 100.0,
            "30": 100.0
          }
        },
        "observations_avg": 24.40983606557377
      }
    },
    "landmarks_avg": {
      "exhaust": 22.010995542347366,
      "hm": 18.633580980683337,
      "rhw": 18.665775136205824,
      "zg": 18.633580980683337
    },
    "spread": {
      "10": {
        "exhaust": {
          "0": 1.5751633986928104,
          "10": 2.3856209150326797,
          "20": 3.130718954248366,
          "30": 3.816993464052288
        },
        "hm": {
          "0": 1.6209150326797386,
          "10": 2.3398692810457518,
          "20": 2.9215686274509802,
          "30": 3.3790849673202614
        },
        "rhw": {
          "0": 1.6274509803921569,
          "10": 2.3006535947712417,
          "20": 2.9019607843137254,
          "30": 3.411764705882353
        },
        "zg": {
          "0": 1.6209150326797386,
          "10": 2.3398692810457518,
          "20": 2.9215686274509802,
          "30": 3.3790849673202614
        }
      },
      "30": {
        "exhaust": {
          "0": 1.1111111111111112,
          "10": 1.5686274509803921,
          "20": 2.241830065359477,
          "30": 3.2091503267973858
        },
        "hm": {
          "0": 1.1111111111111112,
          "10": 1.477124183006536,
          "20": 1.9542483660130718,
          "30": 2.6666666666666665
        },
        "rhw": {
          "0": 1.1176470588235294,
          "10": 1.4836601307189543,