{
  "logistics": {
    "problems": 673,
    "goals_avg": 10.463595839524517,
    "observations": {
      "10": {
        "exhaust": {
          "time": {
            "0": 5.964,
            "10": 5.911
          },
          "accuracy": {
            "0": 73.20261437908496,
            "10": 91.50326797385621
          }
        },
        "hm": {
          "time": {
            "0": 7.38,
            "10": 7.37
          },
          "accuracy": {
            "0": 75.81699346405229,
            "10": 94.77124183006535
          }
        },
        "rhw": {
          "time": {
            "0": 5.924,
            "10": 5.865
          },
          "accuracy": {
            "0": 74.50980392156863,
            "10": 94.77124183006535
          }
        },
        "zg": {
          "time": {
            "0": 5.88,
            "10": 5.874
          },
          "accuracy": {
            "0": 75.81699346405229,
            "10": 94.77124183006535
          }
        },
        "hoffmann": {
          "time": {
            "0": 12.731,
            "10": 12.648
          },
          "accuracy": {
            "0": 64.05228758169935,
            "10": 80.3921568627451
          }
        },
        "observations_avg": 2.823529411764706
      },
      "30": {
        "exhaust": {
          "time": {
            "0": 6.693,
            "10": 6.708
          },
          "accuracy": {
            "0": 88.88888888888889,
            "10": 97.38562091503267
          }
        },
        "hm": {
          "time": {
            "0": 8.342,
            "10": 8.347
          },
          "accuracy": {
            "0": 90.84967320261438,
            "10": 100.0
          }
        },
        "rhw": {
          "time": {
            "0": 6.694,
            "10": 6.685
          },
          "accuracy": {
            "0": 90.19607843137256,
            "10": 98.69281045751634
          }
        },
        "zg": {
          "time": {
            "0": 6.682,
            "10": 6.715
          },
          "accuracy": {
            "0": 90.84967320261438,
            "10": 100.0
          }
        },
        "hoffmann": {
          "time": {
            "0": 14.992,
            "10": 15.022
          },
          "accuracy": {
            "0": 83.66013071895425,
            "10": 92.81045751633987
          }
        },
        "observations_avg": 8.013071895424837
      },
      "50": {
        "exhaust": {
          "time": {
            "0": 8.406,
            "10": 8.358
          },
          "accuracy": {
            "0": 97.38562091503267,
            "10": 97.38562091503267
          }
        },
        "hm": {
          "time": {
            "0": 10.417,
            "10": 10.428
          },
          "accuracy": {
            "0": 98.69281045751634,
            "10": 99.34640522875817
          }
        },
        "rhw": {
          "time": {
            "0": 8.398,
            "10": 8.375
          },
          "accuracy": {
            "0": 98.69281045751634,
            "10": 98.69281045751634
          }
        },
        "zg": {
          "time": {
            "0": 8.353,
            "10": 8.354
          },
          "accuracy": {
            "0": 98.69281045751634,
            "10": 99.34640522875817
          }
        },
        "hoffmann": {
          "time": {
            "0": 19.83,
            "10": 19.771
          },
          "accuracy": {
            "0": 93.4640522875817,
            "10": 96.73202614379085
          }
        },
        "observations_avg": 13.071895424836601
      },
      "70": {
        "exhaust": {
          "time": {
            "0": 6.914,
            "10": 6.881
          },
          "accuracy": {
            "0": 98.0392156862745,
            "10": 98.0392156862745
          }
        },
        "hm": {
          "time": {
            "0": 8.588,
            "10": 8.654
          },
          "accuracy": {
            "0": 100.0,
            "10": 100.0
          }
        },
        "rhw": {
          "time": {
            "0": 6.871,
            "10": 6.824
          },
          "accuracy": {
            "0": 100.0,
            "10": 100.0
          }
        },
        "zg": {
          "time": {
            "0": 6.919,
            "10": 6.861
          },
          "accuracy": {
            "0": 100.0,
            "10": 100.0
          }
        },
        "hoffmann": {
          "time": {
            "0": 15.612,
            "10": 15.51
          },
          "accuracy": {
            "0": 99.34640522875817,
            "10": 100.0
          }
        },
        "observations_avg": 18.326797385620914
      },
      "100": {
        "exhaust": {
          "time": {
            "0": 8.014,
            "10": 7.866
          },
          "accuracy": {
            "0": 98.36065573770492,
            "10": 100.0
          }
        },
        "hm": {
          "time": {
            "0": 9.751,
            "10": 9.851
          },
          "accuracy": {
            "0": 100.0,
            "10": 100.0
          }
        },
        "rhw": {
          "time": {
            "0": 8.039,
            "10": 8.139
          },
          "accuracy": {
            "0": 100.0,
            "10": 100.0
          }
        },
        "zg": {
          "time": {
            "0": 7.968,
            "10": 8.07
          },
          "accuracy": {
            "0": 100.0,
            "10": 100.0
          }
        },
        "hoffmann": {
          "time": {
            "0": 18.913,
            "10": 18.703
          },
          "accuracy": {
            "0": 100.0,
            "10": 100.0
          }
        },
        "observations_avg": 24.40983606557377
      }
    },
    "landmarks_avg": {
      "exhaust": 22.01099554234808,
      "hm": 18.633580980683835,
      "rhw": 18.665775136206396,
      "zg": 18.633580980683835,
      "hoffmann": 16.09222387320475
    },
    "spread": {
      "10": {
        "exhaust": {
          "0": 1.5686274509803921,
          "10": 2.3790849673202614
        },
        "hm": {
          "0": 1.5947712418300655,
          "10": 2.2941176470588234
        },
        "rhw": {
          "0": 1.6209150326797386,
          "10": 2.3006535947712417
        },
        "zg": {
          "0": 1.5947712418300655,
          "10": 2.2941176470588234
        },
        "hoffmann": {
          "0": 1.7973856209150327,
          "10": 2.457516339869281
        }
      },
      "30": {
        "exhaust": {
          "0": 1.1045751633986929,
          "10": 1.5686274509803921
        },
        "hm": {
          "0": 1.1045751633986929,
          "10": 1.4901960784313726
        },
        "rhw": {
          "0": 1.1111111111111112,
          "10": 1.477124183006536
        },
        "zg": {
          "0": 1.1045751633986929,
          "10": 1.4901960784313726
        },
        "hoffmann": {
          "0": 1.2026143790849673,
          "10": 1.5816993464052287
        }
      },
      "50": {
        "exhaust": {
          "0": 1.0980392156862746,
          "10": 1.4052287581699345
        },
        "hm": {
          "0": 1.091503267973856,
          "10": 1.34640522875817
        },
        "rhw": {
          "0": 1.091503267973856,
          "10": 1.3333333333333333
        },
        "zg": {
          "0": 1.091503267973856,
          "10": 1.34640522875817
        },
        "hoffmann": {
          "0": 1.130718954248366,
          "10": 1.4444444444444444
        }
      },
      "70": {
        "exhaust": {
          "0": 1.0196078431372548,
          "10": 1.3529411764705883
        },
        "hm": {
          "0": 1.0196078431372548,
          "10": 1.3333333333333333
        },
        "rhw": {
          "0": 1.0196078431372548,
          "10": 1.3398692810457515
        },
        "zg": {
          "0": 1.0196078431372548,
          "10": 1.3333333333333333
        },
        "hoffmann": {
          "0": 1.0522875816993464,
          "10": 1.3660130718954249
        }
      },