{
  "logistics": {
    "problems": 673,
    "goals_avg": 10.463595839524517,
    "observations": {
      "10": {
        "exhaust": {
          "time": {
            "0": 7.137,
            "10": 7.161,
            "20": 7.136,
            "30": 7.136
          },
          "accuracy": {
            "0": 73.20261437908496,
            "10": 91.50326797385621,
            "20": 96.07843137254902,
            "30": 96.07843137254902
          }
        },
        "hm": {
          "time": {
            "0": 8.851,
            "10": 8.794,
            "20": 8.789,
            "30": 8.837
          },
          "accuracy": {
            "0": 75.81699346405229,
            "10": 94.77124183006535,
            "20": 99.34640522875817,
            "30": 100.0
          }
        },
        "rhw": {
          "time": {
            "0": 7.127,
            "10": 7.133,
            "20": 7.13,
            "30": 7.116
          },
          "accuracy": {
            "0": 74.50980392156863,
            "10": 94.77124183006535,
            "20": 99.34640522875817,
            "30": 100.0
          }
        },
        "zg": {
          "time": {
            "0": 7.177,
            "10": 7.119,
            "20": 7.134,
            "30": 7.12
          },
          "accuracy": {
            "0": 75.81699346405229,
            "10": 94.77124183006535,
            "20": 99.34640522875817,
            "30": 100.0
          }
        },
        "observations_avg": 2.823529411764706
      },
      "30": {
        "exhaust": {
          "time": {
            "0": 6.432,
            "10": 6.379,
            "20": 6.394,
            "30": 6.392
          },
          "accuracy": {
            "0": 88.88888888888889,
            "10": 97.38562091503267,
            "20": 98.69281045751634,
            "30": 99.34640522875817
          }
        },
        "hm": {
          "time": {
            "0": 7.967,
            "10": 7.989,
            "20": 7.906,
            "30": 7.908
          },
          "accuracy": {
            "0": 90.84967320261438,
            "10": 100.0,
            "20": 100.0,
            "30": 100.0
          }
        },
        "rhw": {
          "time": {
            "0": 6.353,
            "10": 6.323,
            "20": 6.387,
            "30": 6.374
          },
          "accuracy": {
            "0": 90.19607843137256,
            "10": 98.69281045751634,
            "20": 100.0,
            "30": 100.0
          }
        },
        "zg": {
          "time": {
            "0": 6.395,
            "10": 6.393,
            "20": 6.374,
            "30": 6.391
          },
          "accuracy": {
            "0": 90.84967320261438,
            "10": 100.0,
            "20": 100.0,
            "30": 100.0
          }
        },
        "observations_avg": 8.013071895424837
      },
      "50": {
        "exhaust": {
          "time": {
            "0": 19.837,
            "10": 19.819,
            "20": 19.824,
            "30": 19.889
          },
          "accuracy": {
            "0": 97.38562091503267,
            "10": 97.38562091503267,
            "20": 98.0392156862745,
            "30": 100.0
          }
        },
        "hm": {
          "time": {
            "0": 24.692,
            "10": 24.718,
            "20": 24.742,
            "30": 24.7
          },
          "accuracy": {
            "0": 98.69281045751634,
            "10": 99.34640522875817,
            "20": 100.0,
            "30": 100.0
          }
        },
        "rhw": {
          "time": {
            "0": 19.849,
            "10": 19.721,
            "20": 19.82,
            "30": 19.87
          },
          "accuracy": {
            "0": 98.69281045751634,
            "10": 98.69281045751634,
            "20": 100.0,
            "30": 100.0
          }
        },
        "zg": {
          "time": {
            "0": 19.865,
            "10": 19.876,
            "20": 19.84,
            "30": 19.76
          },
          "accuracy": {
            "0": 98.69281045751634,
            "10": 99.34640522875817,
            "20": 100.0,
            "30": 100.0
          }
        },
        "observations_avg": 13.071895424836601
      },
      "70": {
        "exhaust": {
          "time": {
            "0": 11.666,
            "10": 11.531,
            "20": 11.559,
            "30": 11.64
          },
          "accuracy": {
            "0": 98.0392156862745,
            "10": 98.0392156862745,
            "20": 99.34640522875817,
            "30": 100.0
          }
        },
        "hm": {
          "time": {
            "0": 14.306,
            "10": 14.264,
            "20": 14.223,
            "30": 14.239
          },
          "accuracy": {
            "0": 100.0,
            "10": 100.0,
            "20": 100.0,
            "30": 100.0
          }
        },
        "rhw": {
          "time": {
            "0": 11.694,
            "10": 11.606,
            "20": 11.643,
            "30": 11.557
          },
          "accuracy": {
            "0": 100.0,
            "10": 100.0,
            "20": 100.0,
            "30": 100.0
          }
        },
        "zg": {
          "time": {
            "0": 11.652,
            "10": 11.566,
            "20": 11.58,
            "30": 11.557
          },
          "accuracy": {
            "0": 100.0,
            "10": 100.0,
            "20": 100.0,
            "30": 100.0
          }
        },
        "observations_avg": 18.326797385620914
      },
      "100": {
        "exhaust": {
          "time": {
            "0": 11.214,
            "10": 11.227,
            "20": 11.357,
            "30": 11.399
          },
          "accuracy": {
            "0": 98.36065573770492,
            "10": 100.0,
            "20": 100.0,
            "30": 100.0
          }
        },
        "hm": {
          "time": {
            "0": 13.369,
            "10": 13.292,
            "20": 13.559,
            "30": 13.635
          },
          "accuracy": {
            "0": 100.0,
            "10": 100.0,
            "20": 100.0,
            "30": 100.0
          }
        },
        "rhw": {
          "time": {
            "0": 11.183,
            "10": 11.176,
            "20": 11.373,
            "30": 11.532
          },
          "accuracy": {
            "0": 100.0,
            "10": 100.0,
            "20": 100.0,
            "30": 100.0
          }
        },
        "zg": {
          "time": {
            "0": 11.238,
            "10": 11.24,
            "20": 11.372,
            "30": 11.529
          },
          "accuracy": {
            "0": 100.0,
            "10": 100.0,
            "20": 100.0,
            "30": 100.0
          }
        },
        "observations_avg": 24.40983606557377
      }
    },
    "landmarks_avg": {
      "exhaust": 22.010995542347366,
      "hm": 18.633580980683337,
      "rhw": 18.665775136205824,
      "zg": 18.633580980683337
    },
    "spread": {
      "10": {
        "exhaust": {
          "0": 1.5686274509803921,
          "10": 2.3790849673202614,
          "20": 3.0392156862745097,
          "30": 3.6601307189542482
        },
        "hm": {
          "0": 1.5947712418300655,
          "10": 2.2941176470588234,
          "20": 2.895424836601307,
          "30": 3.287581699346405
        },
        "rhw": {
          "0": 1.6209150326797386,
          "10": 2.3006535947712417,
          "20": 2.9084967320261437,
          "30": 3.2941176470588234
        },
        "zg": {
          "0": 1.5947712418300655,
          "10": 2.2941176470588234,
          "20": 2.895424836601307,
          "30": 3.287581699346405
        }
      },
      "30": {
        "exhaust": {
          "0": 1.1045751633986929,
          "10": 1.5686274509803921,
          "20": 2.2222222222222223,
          "30": 3.261437908496732
        },
        "hm": {
          "0": 1.1045751633986929,
          "10": 1.4901960784313726,
          "20": 1.9411764705882353,
          "30": 2.6666666666666665
        },