{
  "logistics": {
    "problems": 673,
    "goals_avg": 10.463595839524517,
    "observations": {
      "10": {
        "exhaust": {
          "time": {
            "0": 5.296,
            "10": 5.349,
            "20": 5.348,
            "30": 5.327
          },
          "accuracy": {
            "0": 59.47712418300654,
            "10": 69.93464052287581,
            "20": 71.89542483660131,
            "30": 75.81699346405229
          }
        },
        "hm": {
          "time": {
            "0": 6.667,
            "10": 6.66,
            "20": 6.663,
            "30": 6.648
          },
          "accuracy": {
            "0": 60.130718954248366,
            "10": 70.58823529411765,
            "20": 72.54901960784314,
            "30": 76.47058823529412
          }
        },
        "rhw": {
          "time": {
            "0": 5.328,
            "10": 5.33,
            "20": 5.348,
            "30": 5.335
          },
          "accuracy": {
            "0": 60.130718954248366,
            "10": 70.58823529411765,
            "20": 72.54901960784314,
            "30": 76.47058823529412
          }
        },
        "zg": {
          "time": {
            "0": 5.333,
            "10": 5.316,
            "20": 5.324,
            "30": 5.319
          },
          "accuracy": {
            "0": 60.130718954248366,
            "10": 70.58823529411765,
            "20": 72.54901960784314,
            "30": 76.47058823529412
          }
        },
        "observations_avg": 2.823529411764706
      },
      "30": {
        "exhaust": {
          "time": {
            "0": 5.27,
            "10": 5.237,
            "20": 5.224,
            "30": 5.246
          },
          "accuracy": {
            "0": 79.73856209150327,
            "10": 84.9673202614379,
            "20": 88.23529411764706,
            "30": 90.19607843137256
          }
        },
        "hm": {
          "time": {
            "0": 6.528,
            "10": 6.525,
            "20": 6.542,
            "30": 6.533
          },
          "accuracy": {
            "0": 79.73856209150327,
            "10": 84.9673202614379,
            "20": 88.23529411764706,
            "30": 90.19607843137256
          }
        },
        "rhw": {
          "time": {
            "0": 5.219,
            "10": 5.233,
            "20": 5.223,
            "30": 5.223
          },
          "accuracy": {
            "0": 79.73856209150327,
            "10": 84.9673202614379,
            "20": 88.23529411764706,
            "30": 90.19607843137256
          }
        },
        "zg": {
          "time": {
            "0": 5.225,
            "10": 5.235,
            "20": 5.238,
            "30": 5.223
          },
          "accuracy": {
            "0": 79.73856209150327,
            "10": 84.9673202614379,
            "20": 88.23529411764706,
            "30": 90.19607843137256
          }
        },
        "observations_avg": 8.013071895424837
      },
      "50": {
        "exhaust": {
          "time": {
            "0": 6.748,
            "10": 6.782,
            "20": 6.765,
            "30": 6.75
          },
          "accuracy": {
            "0": 89.54248366013073,
            "10": 92.81045751633987,
            "20": 94.77124183006535,
            "30": 96.73202614379085
          }
        },
        "hm": {
          "time": {
            "0": 8.439,
            "10": 8.357,
            "20": 8.367,
            "30": 8.41
          },
          "accuracy": {
            "0": 89.54248366013073,
            "10": 92.81045751633987,
            "20": 94.77124183006535,
            "30": 96.73202614379085
          }
        },
        "rhw": {
          "time": {
            "0": 6.768,
            "10": 6.807,
            "20": 6.778,
            "30": 6.741
          },
          "accuracy": {
            "0": 89.54248366013073,
            "10": 92.81045751633987,
            "20": 94.77124183006535,
            "30": 96.73202614379085
          }
        },
        "zg": {
          "time": {
            "0": 6.764,
            "10": 6.767,
            "20": 6.774,
            "30": 6.813
          },
          "accuracy": {
            "0": 89.54248366013073,
            "10": 92.81045751633987,
            "20": 94.77124183006535,
            "30": 96.73202614379085
          }
        },
        "observations_avg": 13.071895424836601
      },
      "70": {
        "exhaust": {
          "time": {
            "0": 5.9,
            "10": 5.909,
            "20": 5.894,
            "30": 5.902
          },
          "accuracy": {
            "0": 90.84967320261438,
            "10": 94.11764705882352,
            "20": 95.42483660130719,
            "30": 96.07843137254902
          }
        },
        "hm": {
          "time": {
            "0": 7.322,
            "10": 7.34,
            "20": 7.33,
            "30": 7.328
          },
          "accuracy": {
            "0": 90.84967320261438,
            "10": 94.11764705882352,
            "20": 96.07843137254902,
            "30": 96.07843137254902
          }
        },
        "rhw": {
          "time": {
            "0": 5.901,
            "10": 5.9,
            "20": 5.893,
            "30": 5.894
          },
          "accuracy": {
            "0": 90.84967320261438,
            "10": 94.11764705882352,
            "20": 96.07843137254902,
            "30": 96.07843137254902
          }
        },
        "zg": {
          "time": {
            "0": 5.89,
            "10": 5.887,
            "20": 5.887,
            "30": 5.934
          },
          "accuracy": {
            "0": 90.84967320261438,
            "10": 94.11764705882352,
            "20": 96.07843137254902,
            "30": 96.07843137254902
          }
        },
        "observations_avg": 18.326797385620914
      },
      "100": {
        "exhaust": {
          "time": {
            "0": 6.574,
            "10": 6.537,
            "20": 6.541,
            "30": 6.581
          },
          "accuracy": {
            "0": 100.0,
            "10": 100.0,
            "20": 100.0,
            "30": 100.0
          }
        },
        "hm": {
          "time": {
            "0": 8.044,
            "10": 7.964,
            "20": 7.952,
            "30": 7.996
          },
          "accuracy": {
            "0": 100.0,
            "10": 100.0,
            "20": 100.0,
            "30": 100.0
          }
        },
        "rhw": {
          "time": {
            "0": 6.497,
            "10": 6.558,
            "20": 6.524,
            "30": 6.561
          },
          "accuracy": {
            "0": 100.0,
            "10": 100.0,
            "20": 100.0,
            "30": 100.0
          }
        },
        "zg": {
          "time": {
            "0": 6.563,
            "10": 6.529,
            "20": 6.565,
            "30": 6.558
          },
          "accuracy": {
            "0": 100.0,
            "10": 100.0,
            "20": 100.0,
            "30": 100.0
          }
        },
        "observations_avg": 24.40983606557377
      }
    },
    "landmarks_avg": {
      "exhaust": 22.010995542347366,
      "hm": 18.633580980683337,
      "rhw": 18.665775136205824,
      "zg": 18.633580980683337
    },
    "spread": {
      "10": {
        "exhaust": {
          "0": 1.0980392156862746,
          "10": 1.477124183006536,
          "20": 1.6666666666666667,
          "30": 1.8366013071895424
        },
        "hm": {
          "0": 1.1568627450980393,
          "10": 1.4901960784313726,
          "20": 1.7189542483660132,
          "30": 1.9019607843137254
        },
        "rhw": {
          "0": 1.1568627450980393,
          "10": 1.4901960784313726,
          "20": 1.7189542483660132,
          "30": 1.908496732026144
        },
        "zg": {
          "0": 1.1568627450980393,
          "10": 1.4901960784313726,
          "20": 1.7189542483660132,
          "30": 1.9019607843137254
        }
      },