{
  "logistics": {
    "problems": 673,
    "goals_avg": 10.463595839524517,
    "observations": {
      "10": {
        "hoffmann": {
          "time": {
            "0": 14.992,
            "10": 14.975,
            "20": 14.956,
            "30": 15.035
          },
          "accuracy": {
            "0": 64.05228758169935,
            "10": 80.3921568627451,
            "20": 88.23529411764706,
            "30": 92.15686274509804
          }
        },
        "observations_avg": 2.823529411764706
      },
      "30": {
        "hoffmann": {
          "time": {
            "0": 11.834,
            "10": 11.821,
            "20": 11.827,
            "30": 11.885
          },
          "accuracy": {
            "0": 83.66013071895425,
            "10": 92.81045751633987,
            "20": 97.38562091503267,
            "30": 98.0392156862745
          }
        },
        "observations_avg": 8.013071895424837
      },
      "50": {
        "hoffmann": {
          "time": {
            "0": 57.491,
            "10": 57.239,
            "20": 56.979,
            "30": 57.18
          },
          "accuracy": {
            "0": 93.4640522875817,
            "10": 96.73202614379085,
            "20": 99.34640522875817,
            "30": 100.0
          }
        },
        "observations_avg": 13.071895424836601
      },
      "70": {
        "hoffmann": {
          "time": {
            "0": 25.019,
            "10": 24.953,
            "20": 24.875,
            "30": 24.88
          },
          "accuracy": {
            "0": 99.34640522875817,
            "10": 100.0,
            "20": 100.0,
            "30": 100.0
          }
        },
        "observations_avg": 18.326797385620914
      },
      "100": {
        "hoffmann": {
          "time": {
            "0": 77.231,
            "10": 77.66,
            "20": 77.2,
            "30": 77.425
          },
          "accuracy": {
            "0": 100.0,
            "10": 100.0,
            "20": 100.0,
            "30": 100.0
          }
        },
        "observations_avg": 24.40983606557377
      }
    },
    "landmarks_avg": {
      "hoffmann": 16.092223873204183
    },
    "spread": {
      "10": {
        "hoffmann": {
          "0": 1.7973856209150327,
          "10": 2.457516339869281,
          "20": 3.0130718954248366,
          "30": 3.5098039215686274
        }
      },
      "30": {
        "hoffmann": {
          "0": 1.2026143790849673,
          "10": 1.5816993464052287,
          "20": 2.235294117647059,
          "30": 3.3790849673202614
        }
      },
      "50": {
        "hoffmann": {
          "0": 1.130718954248366,
          "10": 1.4444444444444444,
          "20": 1.8758169934640523,
          "30": 3.0915032679738563
        }
      },
      "70": {
        "hoffmann": {
          "0": 1.0522875816993464,
          "10": 1.3660130718954249,
          "20": 1.7058823529411764,
          "30": 2.2287581699346406
        }
      },
      "100": {
        "hoffmann": {
          "0": 1.0,
          "10": 1.3278688524590163,
          "20": 1.5737704918032787,
          "30": 1.7540983606557377
        }
      }
    }
  }
}