{
  "ferry_noisy": {
    "problems": 144,
    "goals_avg": 7.0,
    "observations": {
      "25": {
        "exhaust": {
          "time": {
            "0": 2.971,
            "10": 2.981,
            "20": 2.957,
            "30": 2.986
          },
          "accuracy": {
            "0": 30.555555555555557,
            "10": 38.88888888888889,
            "20": 38.88888888888889,
            "30": 41.66666666666667
          }
        },
        "hm": {
          "time": {
            "0": 3.121,
            "10": 3.123,
            "20": 3.14,
            "30": 3.123
          },
          "accuracy": {
            "0": 30.555555555555557,
            "10": 38.88888888888889,
            "20": 38.88888888888889,
            "30": 44.44444444444444
          }
        },
        "rhw": {
          "time": {
            "0": 2.969,
            "10": 3.001,
            "20": 3.0,
            "30": 2.978
          },
          "accuracy": {
            "0": 30.555555555555557,
            "10": 38.88888888888889,
            "20": 38.88888888888889,
            "30": 44.44444444444444
          }
        },
        "zg": {
          "time": {
            "0": 2.979,
            "10": 2.964,
            "20": 2.988,
            "30": 2.953
          },
          "accuracy": {
            "0": 30.555555555555557,
            "10": 38.88888888888889,
            "20": 38.88888888888889,
            "30": 44.44444444444444
          }
        },
        "observations_avg": 5.833333333333333
      },
      "50": {
        "exhaust": {
          "time": {
            "0": 3.188,
            "10": 3.208,
            "20": 3.218,
            "30": 3.202
          },
          "accuracy": {
            "0": 66.66666666666666,
            "10": 66.66666666666666,
            "20": 75.0,
            "30": 77.77777777777779
          }
        },
        "hm": {
          "time": {
            "0": 3.394,
            "10": 3.367,
            "20": 3.366,
            "30": 3.372
          },
          "accuracy": {
            "0": 66.66666666666666,
            "10": 66.66666666666666,
            "20": 75.0,
            "30": 77.77777777777779
          }
        },
        "rhw": {
          "time": {
            "0": 3.215,
            "10": 3.187,
            "20": 3.226,
            "30": 3.189
          },
          "accuracy": {
            "0": 66.66666666666666,
            "10": 66.66666666666666,
            "20": 75.0,
            "30": 77.77777777777779
          }
        },
        "zg": {
          "time": {
            "0": 3.209,
            "10": 3.162,
            "20": 3.164,
            "30": 3.187
          },
          "accuracy": {
            "0": 66.66666666666666,
            "10": 66.66666666666666,
            "20": 75.0,
            "30": 77.77777777777779
          }
        },
        "observations_avg": 11.25
      },
      "75": {
        "exhaust": {
          "time": {
            "0": 3.097,
            "10": 3.118,
            "20": 3.128,
            "30": 3.096
          },
          "accuracy": {
            "0": 75.0,
            "10": 80.55555555555556,
            "20": 83.33333333333334,
            "30": 86.11111111111111
          }
        },
        "hm": {
          "time": {
            "0": 3.236,
            "10": 3.254,
            "20": 3.271,
            "30": 3.261
          },
          "accuracy": {
            "0": 77.77777777777779,
            "10": 80.55555555555556,
            "20": 83.33333333333334,
            "30": 86.11111111111111
          }
        },
        "rhw": {
          "time": {
            "0": 3.075,
            "10": 3.138,
            "20": 3.082,
            "30": 3.114
          },
          "accuracy": {
            "0": 77.77777777777779,
            "10": 80.55555555555556,
            "20": 83.33333333333334,
            "30": 86.11111111111111
          }
        },
        "zg": {
          "time": {
            "0": 3.112,
            "10": 3.116,
            "20": 3.12,
            "30": 3.089
          },
          "accuracy": {
            "0": 77.77777777777779,
            "10": 80.55555555555556,
            "20": 83.33333333333334,
            "30": 86.11111111111111
          }
        },
        "observations_avg": 16.666666666666668
      },
      "100": {
        "exhaust": {
          "time": {
            "0": 3.13,
            "10": 3.141,
            "20": 3.15,
            "30": 3.146
          },
          "accuracy": {
            "0": 97.22222222222221,
            "10": 97.22222222222221,
            "20": 100.0,
            "30": 100.0
          }
        },
        "hm": {
          "time": {
            "0": 3.325,
            "10": 3.315,
            "20": 3.283,
            "30": 3.307
          },
          "accuracy": {
            "0": 97.22222222222221,
            "10": 97.22222222222221,
            "20": 100.0,
            "30": 100.0
          }
        },
        "rhw": {
          "time": {
            "0": 3.141,
            "10": 3.163,
            "20": 3.153,
            "30": 3.172
          },
          "accuracy": {
            "0": 97.22222222222221,
            "10": 97.22222222222221,
            "20": 100.0,
            "30": 100.0
          }
        },
        "zg": {
          "time": {
            "0": 3.156,
            "10": 3.149,
            "20": 3.169,
            "30": 3.173
          },
          "accuracy": {
            "0": 97.22222222222221,
            "10": 97.22222222222221,
            "20": 100.0,
            "30": 100.0
          }
        },
        "observations_avg": 21.916666666666668
      }
    },
    "landmarks_avg": {
      "exhaust": 25.988095238095283,
      "hm": 25.898809523809625,
      "rhw": 25.898809523809625,
      "zg": 25.898809523809625
    },
    "spread": {
      "25": {
        "exhaust": {
          "0": 1.2777777777777777,
          "10": 1.6666666666666667,
          "20": 1.8611111111111112,
          "30": 2.4166666666666665
        },
        "hm": {
          "0": 1.2777777777777777,
          "10": 1.6388888888888888,
          "20": 1.8888888888888888,
          "30": 2.4444444444444446
        },
        "rhw": {
          "0": 1.2777777777777777,
          "10": 1.6388888888888888,
          "20": 1.8888888888888888,
          "30": 2.4444444444444446
        },
        "zg": {
          "0": 1.2777777777777777,
          "10": 1.6388888888888888,
          "20": 1.8888888888888888,
          "30": 2.4444444444444446
        }
      },
      "50": {
        "exhaust": {
          "0": 1.1111111111111112,
          "10": 1.2777777777777777,
          "20": 1.5833333333333333,
          "30": 1.9444444444444444
        },
        "hm": {
          "0": 1.1111111111111112,
          "10": 1.2777777777777777,
          "20": 1.6111111111111112,
          "30": 1.9444444444444444
        },
        "rhw": {
          "0": 1.1111111111111112,
          "10": 1.2777777777777777,
          "20": 1.6111111111111112,
          "30": 1.9444444444444444
        },
        "zg": {
          "0": 1.1111111111111112,
          "10": 1.2777777777777777,
          "20": 1.6111111111111112,
          "30": 1.9444444444444444
        }
      },
      "75": {
        "exhaust": {
          "0": 1.1666666666666667,
          "10": 1.3611111111111112,
          "20": 1.6388888888888888,
          "30": 1.9722222222222223
        },
        "hm": {
          "0": 1.1666666666666667,
          "10": 1.3611111111111112,
          "20": 1.6388888888888888,
          "30": 1.9722222222222223
        },
        "rhw": {
          "0": 1.1666666666666667,
          "10": 1.3611111111111112,
          "20": 1.6388888888888888,
          "30": 1.9722222222222223
        },
        "zg": {
          "0": 1.1666666666666667,
          "10": 1.3611111111111112,
          "20": 1.6388888888888888,
          "30": 1.9722222222222223
        }
      },