{
  "ferry_noisy": {
    "problems": 144,
    "goals_avg": 7.0,
    "observations": {
      "25": {
        "exhaust": {
          "time": {
            "0": 11.35,
            "10": 11.284,
            "20": 11.357,
            "30": 11.253
          },
          "accuracy": {
            "0": 58.333333333333336,
            "10": 97.22222222222221,
            "20": 100.0,
            "30": 100.0
          }
        },
        "hm": {
          "time": {
            "0": 11.912,
            "10": 11.887,
            "20": 11.887,
            "30": 11.945
          },
          "accuracy": {
            "0": 55.55555555555556,
            "10": 97.22222222222221,
            "20": 100.0,
            "30": 100.0
          }
        },
        "rhw": {
          "time": {
            "0": 11.301,
            "10": 11.31,
            "20": 11.293,
            "30": 11.414
          },
          "accuracy": {
            "0": 55.55555555555556,
            "10": 97.22222222222221,
            "20": 100.0,
            "30": 100.0
          }
        },
        "zg": {
          "time": {
            "0": 11.295,
            "10": 11.37,
            "20": 11.435,
            "30": 11.389
          },
          "accuracy": {
            "0": 55.55555555555556,
            "10": 97.22222222222221,
            "20": 100.0,
            "30": 100.0
          }
        },
        "observations_avg": 5.833333333333333
      },
      "50": {
        "exhaust": {
          "time": {
            "0": 6.389,
            "10": 6.472,
            "20": 6.463,
            "30": 6.471
          },
          "accuracy": {
            "0": 86.11111111111111,
            "10": 100.0,
            "20": 100.0,
            "30": 100.0
          }
        },
        "hm": {
          "time": {
            "0": 6.811,
            "10": 6.741,
            "20": 6.77,
            "30": 6.824
          },
          "accuracy": {
            "0": 83.33333333333334,
            "10": 100.0,
            "20": 100.0,
            "30": 100.0
          }
        },
        "rhw": {
          "time": {
            "0": 6.389,
            "10": 6.491,
            "20": 6.585,
            "30": 6.554
          },
          "accuracy": {
            "0": 83.33333333333334,
            "10": 100.0,
            "20": 100.0,
            "30": 100.0
          }
        },
        "zg": {
          "time": {
            "0": 6.506,
            "10": 6.414,
            "20": 6.497,
            "30": 6.604
          },
          "accuracy": {
            "0": 83.33333333333334,
            "10": 100.0,
            "20": 100.0,
            "30": 100.0
          }
        },
        "observations_avg": 11.25
      },
      "75": {
        "exhaust": {
          "time": {
            "0": 11.716,
            "10": 11.792,
            "20": 11.863,
            "30": 11.799
          },
          "accuracy": {
            "0": 91.66666666666666,
            "10": 100.0,
            "20": 100.0,
            "30": 100.0
          }
        },
        "hm": {
          "time": {
            "0": 12.402,
            "10": 12.134,
            "20": 12.326,
            "30": 12.472
          },
          "accuracy": {
            "0": 91.66666666666666,
            "10": 100.0,
            "20": 100.0,
            "30": 100.0
          }
        },
        "rhw": {
          "time": {
            "0": 11.889,
            "10": 11.77,
            "20": 11.736,
            "30": 11.954
          },
          "accuracy": {
            "0": 91.66666666666666,
            "10": 100.0,
            "20": 100.0,
            "30": 100.0
          }
        },
        "zg": {
          "time": {
            "0": 11.778,
            "10": 11.885,
            "20": 11.797,
            "30": 11.735
          },
          "accuracy": {
            "0": 91.66666666666666,
            "10": 100.0,
            "20": 100.0,
            "30": 100.0
          }
        },
        "observations_avg": 16.666666666666668
      },
      "100": {
        "exhaust": {
          "time": {
            "0": 5.266,
            "10": 5.279,
            "20": 5.336,
            "30": 5.334
          },
          "accuracy": {
            "0": 100.0,
            "10": 100.0,
            "20": 100.0,
            "30": 100.0
          }
        },
        "hm": {
          "time": {
            "0": 5.521,
            "10": 5.535,
            "20": 5.61,
            "30": 5.476
          },
          "accuracy": {
            "0": 100.0,
            "10": 100.0,
            "20": 100.0,
            "30": 100.0
          }
        },
        "rhw": {
          "time": {
            "0": 5.29,
            "10": 5.271,
            "20": 5.338,
            "30": 5.313
          },
          "accuracy": {
            "0": 100.0,
            "10": 100.0,
            "20": 100.0,
            "30": 100.0
          }
        },
        "zg": {
          "time": {
            "0": 5.341,
            "10": 5.47,
            "20": 5.219,
            "30": 5.323
          },
          "accuracy": {
            "0": 100.0,
            "10": 100.0,
            "20": 100.0,
            "30": 100.0
          }
        },
        "observations_avg": 21.916666666666668
      }
    },
    "landmarks_avg": {
      "exhaust": 25.988095238095283,
      "hm": 25.898809523809625,
      "rhw": 25.898809523809625,
      "zg": 25.898809523809625
    },
    "spread": {
      "25": {
        "exhaust": {
          "0": 1.75,
          "10": 4.305555555555555,
          "20": 6.5,
          "30": 7.0
        },
        "hm": {
          "0": 1.6388888888888888,
          "10": 4.305555555555555,
          "20": 6.5,
          "30": 7.0
        },
        "rhw": {
          "0": 1.6388888888888888,
          "10": 4.305555555555555,
          "20": 6.5,
          "30": 7.0
        },
        "zg": {
          "0": 1.6388888888888888,
          "10": 4.305555555555555,
          "20": 6.5,
          "30": 7.0
        }
      },
      "50": {
        "exhaust": {
          "0": 1.5833333333333333,
          "10": 3.388888888888889,
          "20": 5.972222222222222,
          "30": 7.0
        },
        "hm": {
          "0": 1.5555555555555556,
          "10": 3.361111111111111,
          "20": 5.916666666666667,
          "30": 7.0
        },
        "rhw": {
          "0": 1.5555555555555556,
          "10": 3.361111111111111,
          "20": 5.916666666666667,
          "30": 7.0
        },
        "zg": {
          "0": 1.5555555555555556,
          "10": 3.361111111111111,
          "20": 5.916666666666667,
          "30": 7.0
        }
      },
      "75": {
        "exhaust": {
          "0": 1.4166666666666667,
          "10": 2.7777777777777777,
          "20": 4.861111111111111,
          "30": 6.694444444444445
        },
        "hm": {
          "0": 1.4166666666666667,
          "10": 2.8055555555555554,
          "20": 4.861111111111111,
          "30": 6.611111111111111
        },
        "rhw": {
          "0": 1.4166666666666667,
          "10": 2.8055555555555554,
          "20": 4.861111111111111,
          "30": 6.611111111111111
        },
        "zg": {
          "0": 1.4166666666666667,
          "10": 2.8055555555555554,
          "20": 4.861111111111111,
          "30": 6.611111111111111
        }
      },
      "100": {
        "exhaust": {
          "0": 1.2777777777777777,
          "10": 2.2777777777777777,
          "20": 4.444444444444445,
          "30": 6.444444444444445
        },
        "hm": {
          "0": 1.2777777777777777,
          "10": 2.2777777777777777,
          "20": 4.388888888888889,
          "30": 6.444444444444445
        },
        "rhw": {
          "0": 1.2777777777777777,
          "10": 2.2777777777777777,
          "20": 4.388888888888889,
          "30": 6.444444444444445
        },
        "zg": {
          "0": 1.2777777777777777,
          "10": 2.2777777777777777,
          "20": 4.388888888888889,