{
  "ferry_noisy": {
    "problems": 144,
    "goals_avg": 7.0,
    "observations": {
      "25": {
        "exhaust": {
          "time": {
            "0": 3.199,
            "10": 3.166,
            "20": 3.189,
            "30": 3.181
          },
          "accuracy": {
            "0": 61.111111111111114,
            "10": 91.66666666666666,
            "20": 94.44444444444444,
            "30": 100.0
          }
        },
        "hm": {
          "time": {
            "0": 3.336,
            "10": 3.344,
            "20": 3.305,
            "30": 3.338
          },
          "accuracy": {
            "0": 58.333333333333336,
            "10": 91.66666666666666,
            "20": 94.44444444444444,
            "30": 100.0
          }
        },
        "rhw": {
          "time": {
            "0": 3.177,
            "10": 3.16,
            "20": 3.203,
            "30": 3.18
          },
          "accuracy": {
            "0": 58.333333333333336,
            "10": 91.66666666666666,
            "20": 94.44444444444444,
            "30": 100.0
          }
        },
        "zg": {
          "time": {
            "0": 3.212,
            "10": 3.194,
            "20": 3.174,
            "30": 3.214
          },
          "accuracy": {
            "0": 58.333333333333336,
            "10": 91.66666666666666,
            "20": 94.44444444444444,
            "30": 100.0
          }
        },
        "observations_avg": 5.833333333333333
      },
      "50": {
        "exhaust": {
          "time": {
            "0": 3.338,
            "10": 3.355,
            "20": 3.329,
            "30": 3.343
          },
          "accuracy": {
            "0": 83.33333333333334,
            "10": 100.0,
            "20": 100.0,
            "30": 100.0
          }
        },
        "hm": {
          "time": {
            "0": 3.534,
            "10": 3.489,
            "20": 3.513,
            "30": 3.529
          },
          "accuracy": {
            "0": 83.33333333333334,
            "10": 100.0,
            "20": 100.0,
            "30": 100.0
          }
        },
        "rhw": {
          "time": {
            "0": 3.316,
            "10": 3.339,
            "20": 3.355,
            "30": 3.318
          },
          "accuracy": {
            "0": 83.33333333333334,
            "10": 100.0,
            "20": 100.0,
            "30": 100.0
          }
        },
        "zg": {
          "time": {
            "0": 3.32,
            "10": 3.342,
            "20": 3.347,
            "30": 3.34
          },
          "accuracy": {
            "0": 83.33333333333334,
            "10": 100.0,
            "20": 100.0,
            "30": 100.0
          }
        },
        "observations_avg": 11.25
      },
      "75": {
        "exhaust": {
          "time": {
            "0": 3.269,
            "10": 3.253,
            "20": 3.243,
            "30": 3.24
          },
          "accuracy": {
            "0": 94.44444444444444,
            "10": 100.0,
            "20": 100.0,
            "30": 100.0
          }
        },
        "hm": {
          "time": {
            "0": 3.437,
            "10": 3.386,
            "20": 3.404,
            "30": 3.397
          },
          "accuracy": {
            "0": 91.66666666666666,
            "10": 100.0,
            "20": 100.0,
            "30": 100.0
          }
        },
        "rhw": {
          "time": {
            "0": 3.27,
            "10": 3.25,
            "20": 3.257,
            "30": 3.244
          },
          "accuracy": {
            "0": 91.66666666666666,
            "10": 100.0,
            "20": 100.0,
            "30": 100.0
          }
        },
        "zg": {
          "time": {
            "0": 3.253,
            "10": 3.239,
            "20": 3.241,
            "30": 3.24
          },
          "accuracy": {
            "0": 91.66666666666666,
            "10": 100.0,
            "20": 100.0,
            "30": 100.0
          }
        },
        "observations_avg": 16.666666666666668
      },
      "100": {
        "exhaust": {
          "time": {
            "0": 3.296,
            "10": 3.275,
            "20": 3.271,
            "30": 3.273
          },
          "accuracy": {
            "0": 100.0,
            "10": 100.0,
            "20": 100.0,
            "30": 100.0
          }
        },
        "hm": {
          "time": {
            "0": 3.441,
            "10": 3.425,
            "20": 3.453,
            "30": 3.432
          },
          "accuracy": {
            "0": 100.0,
            "10": 100.0,
            "20": 100.0,
            "30": 100.0
          }
        },
        "rhw": {
          "time": {
            "0": 3.26,
            "10": 3.264,
            "20": 3.271,
            "30": 3.293
          },
          "accuracy": {
            "0": 100.0,
            "10": 100.0,
            "20": 100.0,
            "30": 100.0
          }
        },
        "zg": {
          "time": {
            "0": 3.259,
            "10": 3.269,
            "20": 3.292,
            "30": 3.261
          },
          "accuracy": {
            "0": 100.0,
            "10": 100.0,
            "20": 100.0,
            "30": 100.0
          }
        },
        "observations_avg": 21.916666666666668
      }
    },
    "landmarks_avg": {
      "exhaust": 25.988095238095283,
      "hm": 25.898809523809625,
      "rhw": 25.898809523809625,
      "zg": 25.898809523809625
    },
    "spread": {
      "25": {
        "exhaust": {
          "0": 1.6944444444444444,
          "10": 3.6944444444444446,
          "20": 5.388888888888889,
          "30": 6.416666666666667
        },
        "hm": {
          "0": 1.5833333333333333,
          "10": 3.611111111111111,
          "20": 5.277777777777778,
          "30": 6.361111111111111
        },
        "rhw": {
          "0": 1.5833333333333333,
          "10": 3.611111111111111,
          "20": 5.277777777777778,
          "30": 6.361111111111111
        },
        "zg": {
          "0": 1.5833333333333333,
          "10": 3.611111111111111,
          "20": 5.277777777777778,
          "30": 6.361111111111111
        }
      },
      "50": {
        "exhaust": {
          "0": 1.5833333333333333,
          "10": 3.1666666666666665,
          "20": 4.805555555555555,
          "30": 6.361111111111111
        },
        "hm": {
          "0": 1.5277777777777777,
          "10": 3.111111111111111,
          "20": 4.638888888888889,
          "30": 6.277777777777778
        },
        "rhw": {
          "0": 1.5277777777777777,
          "10": 3.111111111111111,
          "20": 4.638888888888889,
          "30": 6.277777777777778
        },
        "zg": {
          "0": 1.5277777777777777,
          "10": 3.111111111111111,
          "20": 4.638888888888889,
          "30": 6.277777777777778
        }
      },
      "75": {
        "exhaust": {
          "0": 1.4166666666666667,
          "10": 2.4444444444444446,
          "20": 3.9722222222222223,
          "30": 6.166666666666667
        },
        "hm": {
          "0": 1.4166666666666667,
          "10": 2.4166666666666665,
          "20": 3.8055555555555554,
          "30": 6.0
        },
        "rhw": {
          "0": 1.4166666666666667,
          "10": 2.4166666666666665,
          "20": 3.8055555555555554,
          "30": 6.0
        },
        "zg": {
          "0": 1.4166666666666667,
          "10": 2.4166666666666665,
          "20": 3.8055555555555554,
          "30": 6.0
        }
      },
      "100": {
        "exhaust": {
          "0": 1.2777777777777777,
          "10": 2.0277777777777777,
          "20": 3.5833333333333335,
          "30": 5.888888888888889
        },
        "hm": {
          "0": 1.2777777777777777,
          "10": 2.0277777777777777,
          "20": 3.5,
          "30": 5.777777777777778
        },
        "rhw": {
          "0": 1.2777777777777777,
          "10": 2.0277777777777777,
          "20": 3.5,