{
  "ferry_noisy": {
    "problems": 144,
    "goals_avg": 7.0,
    "observations": {
      "25": {
        "exhaust": {
          "time": {
            "0": 3.846,
            "10": 3.859
          },
          "accuracy": {
            "0": 58.333333333333336,
            "10": 97.22222222222221
          }
        },
        "hm": {
          "time": {
            "0": 4.027,
            "10": 4.015
          },
          "accuracy": {
            "0": 55.55555555555556,
            "10": 97.22222222222221
          }
        },
        "rhw": {
          "time": {
            "0": 3.816,
            "10": 3.825
          },
          "accuracy": {
            "0": 55.55555555555556,
            "10": 97.22222222222221
          }
        },
        "zg": {
          "time": {
            "0": 3.859,
            "10": 3.852
          },
          "accuracy": {
            "0": 55.55555555555556,
            "10": 97.22222222222221
          }
        },
        "hoffmann": {
          "time": {
            "0": 7.22,
            "10": 7.36
          },
          "accuracy": {
            "0": 55.55555555555556,
            "10": 97.22222222222221
          }
        },
        "observations_avg": 5.833333333333333
      },
      "50": {
        "exhaust": {
          "time": {
            "0": 3.981,
            "10": 3.948
          },
          "accuracy": {
            "0": 86.11111111111111,
            "10": 100.0
          }
        },
        "hm": {
          "time": {
            "0": 4.087,
            "10": 4.113
          },
          "accuracy": {
            "0": 83.33333333333334,
            "10": 100.0
          }
        },
        "rhw": {
          "time": {
            "0": 3.964,
            "10": 3.898
          },
          "accuracy": {
            "0": 83.33333333333334,
            "10": 100.0
          }
        },
        "zg": {
          "time": {
            "0": 3.996,
            "10": 3.924
          },
          "accuracy": {
            "0": 83.33333333333334,
            "10": 100.0
          }
        },
        "hoffmann": {
          "time": {
            "0": 7.5,
            "10": 7.467
          },
          "accuracy": {
            "0": 83.33333333333334,
            "10": 100.0
          }
        },
        "observations_avg": 11.25
      },
      "75": {
        "exhaust": {
          "time": {
            "0": 3.933,
            "10": 3.926
          },
          "accuracy": {
            "0": 91.66666666666666,
            "10": 100.0
          }
        },
        "hm": {
          "time": {
            "0": 4.102,
            "10": 4.135
          },
          "accuracy": {
            "0": 91.66666666666666,
            "10": 100.0
          }
        },
        "rhw": {
          "time": {
            "0": 3.956,
            "10": 3.965
          },
          "accuracy": {
            "0": 91.66666666666666,
            "10": 100.0
          }
        },
        "zg": {
          "time": {
            "0": 3.881,
            "10": 3.891
          },
          "accuracy": {
            "0": 91.66666666666666,
            "10": 100.0
          }
        },
        "hoffmann": {
          "time": {
            "0": 7.601,
            "10": 7.537
          },
          "accuracy": {
            "0": 91.66666666666666,
            "10": 100.0
          }
        },
        "observations_avg": 16.666666666666668
      },
      "100": {
        "exhaust": {
          "time": {
            "0": 4.001,
            "10": 3.956
          },
          "accuracy": {
            "0": 100.0,
            "10": 100.0
          }
        },
        "hm": {
          "time": {
            "0": 4.111,
            "10": 4.164
          },
          "accuracy": {
            "0": 100.0,
            "10": 100.0
          }
        },
        "rhw": {
          "time": {
            "0": 3.966,
            "10": 3.936
          },
          "accuracy": {
            "0": 100.0,
            "10": 100.0
          }
        },
        "zg": {
          "time": {
            "0": 4.01,
            "10": 3.999
          },
          "accuracy": {
            "0": 100.0,
            "10": 100.0
          }
        },
        "hoffmann": {
          "time": {
            "0": 7.617,
            "10": 7.669
          },
          "accuracy": {
            "0": 100.0,
            "10": 100.0
          }
        },
        "observations_avg": 21.916666666666668
      }
    },
    "landmarks_avg": {
      "exhaust": 25.988095238095188,
      "hm": 25.898809523809497,
      "rhw": 25.898809523809497,
      "zg": 25.898809523809497,
      "hoffmann": 25.898809523809497
    },
    "spread": {
      "25": {
        "exhaust": {
          "0": 1.75,
          "10": 4.305555555555555
        },
        "hm": {
          "0": 1.6388888888888888,
          "10": 4.305555555555555
        },
        "rhw": {
          "0": 1.6388888888888888,
          "10": 4.305555555555555
        },
        "zg": {
          "0": 1.6388888888888888,
          "10": 4.305555555555555
        },
        "hoffmann": {
          "0": 1.6388888888888888,
          "10": 4.305555555555555
        }
      },
      "50": {
        "exhaust": {
          "0": 1.5833333333333333,
          "10": 3.388888888888889
        },
        "hm": {
          "0": 1.5555555555555556,
          "10": 3.361111111111111
        },
        "rhw": {
          "0": 1.5555555555555556,
          "10": 3.361111111111111
        },
        "zg": {
          "0": 1.5555555555555556,
          "10": 3.361111111111111
        },
        "hoffmann": {
          "0": 1.5555555555555556,
          "10": 3.361111111111111
        }
      },
      "75": {
        "exhaust": {
          "0": 1.4166666666666667,
          "10": 2.7777777777777777
        },
        "hm": {
          "0": 1.4166666666666667,
          "10": 2.8055555555555554
        },
        "rhw": {
          "0": 1.4166666666666667,
          "10": 2.8055555555555554
        },
        "zg": {
          "0": 1.4166666666666667,
          "10": 2.8055555555555554
        },
        "hoffmann": {
          "0": 1.4166666666666667,
          "10": 2.8055555555555554
        }
      },
      "100": {
        "exhaust": {
          "0": 1.2777777777777777,
          "10": 2.2777777777777777
        },
        "hm": {
          "0": 1.2777777777777777,
          "10": 2.2777777777777777
        },
        "rhw": {
          "0": 1.2777777777777777,
          "10": 2.2777777777777777
        },
        "zg": {
          "0": 1.2777777777777777,
          "10": 2.2777777777777777
        },
        "hoffmann": {
          "0": 1.2777777777777777,
          "10": 2.2777777777777777
        }
      }
    }
  }
}