{
  "ferry_noisy": {
    "problems": 144,
    "goals_avg": 7.0,
    "observations": {
      "25": {
        "exhaust": {
          "time": {
            "0": 4.468,
            "10": 4.586
          },
          "accuracy": {
            "0": 58.333333333333336,
            "10": 97.22222222222221
          },
          "prob_accuracy": {
            "0": 100.0,
            "10": 100.0
          }
        },
        "hm": {
          "time": {
            "0": 4.674,
            "10": 4.744
          },
          "accuracy": {
            "0": 55.55555555555556,
            "10": 97.22222222222221
          },
          "prob_accuracy": {
            "0": 100.0,
            "10": 100.0
          }
        },
        "rhw": {
          "time": {
            "0": 4.534,
            "10": 4.405
          },
          "accuracy": {
            "0": 55.55555555555556,
            "10": 97.22222222222221
          },
          "prob_accuracy": {
            "0": 100.0,
            "10": 100.0
          }
        },
        "zg": {
          "time": {
            "0": 4.415,
            "10": 4.561
          },
          "accuracy": {
            "0": 55.55555555555556,
            "10": 97.22222222222221
          },
          "prob_accuracy": {
            "0": 100.0,
            "10": 100.0
          }
        },
        "hoffmann": {
          "time": {
            "0": 47.993,
            "10": 47.936
          },
          "accuracy": {
            "0": 55.55555555555556,
            "10": 97.22222222222221
          },
          "prob_accuracy": {
            "0": 100.0,
            "10": 100.0
          }
        },
        "observations_avg": 5.833333333333333
      },
      "50": {
        "exhaust": {
          "time": {
            "0": 4.094,
            "10": 4.054
          },
          "accuracy": {
            "0": 86.11111111111111,
            "10": 100.0
          },
          "prob_accuracy": {
            "0": 100.0,
            "10": 100.0
          }
        },
        "hm": {
          "time": {
            "0": 4.33,
            "10": 4.287
          },
          "accuracy": {
            "0": 83.33333333333334,
            "10": 100.0
          },
          "prob_accuracy": {
            "0": 100.0,
            "10": 100.0
          }
        },
        "rhw": {
          "time": {
            "0": 4.19,
            "10": 4.09
          },
          "accuracy": {
            "0": 83.33333333333334,
            "10": 100.0
          },
          "prob_accuracy": {
            "0": 100.0,
            "10": 100.0
          }
        },
        "zg": {
          "time": {
            "0": 4.012,
            "10": 4.024
          },
          "accuracy": {
            "0": 83.33333333333334,
            "10": 100.0
          },
          "prob_accuracy": {
            "0": 100.0,
            "10": 100.0
          }
        },
        "hoffmann": {
          "time": {
            "0": 46.145,
            "10": 46.035
          },
          "accuracy": {
            "0": 83.33333333333334,
            "10": 100.0
          },
          "prob_accuracy": {
            "0": 100.0,
            "10": 100.0
          }
        },
        "observations_avg": 11.25
      },
      "75": {
        "exhaust": {
          "time": {
            "0": 4.298,
            "10": 4.39
          },
          "accuracy": {
            "0": 91.66666666666666,
            "10": 100.0
          },
          "prob_accuracy": {
            "0": 100.0,
            "10": 100.0
          }
        },
        "hm": {
          "time": {
            "0": 4.61,
            "10": 4.507
          },
          "accuracy": {
            "0": 91.66666666666666,
            "10": 100.0
          },
          "prob_accuracy": {
            "0": 100.0,
            "10": 100.0
          }
        },
        "rhw": {
          "time": {
            "0": 4.373,
            "10": 4.342
          },
          "accuracy": {
            "0": 91.66666666666666,
            "10": 100.0
          },
          "prob_accuracy": {
            "0": 100.0,
            "10": 100.0
          }
        },
        "zg": {
          "time": {
            "0": 4.26,
            "10": 4.389
          },
          "accuracy": {
            "0": 91.66666666666666,
            "10": 100.0
          },
          "prob_accuracy": {
            "0": 100.0,
            "10": 100.0
          }
        },
        "hoffmann": {
          "time": {
            "0": 47.279,
            "10": 47.375
          },
          "accuracy": {
            "0": 91.66666666666666,
            "10": 100.0
          },
          "prob_accuracy": {
            "0": 100.0,
            "10": 100.0
          }
        },
        "observations_avg": 16.666666666666668
      },
      "100": {
        "exhaust": {
          "time": {
            "0": 4.759,
            "10": 4.723
          },
          "accuracy": {
            "0": 100.0,
            "10": 100.0
          },
          "prob_accuracy": {
            "0": 100.0,
            "10": 100.0
          }
        },
        "hm": {
          "time": {
            "0": 4.908,
            "10": 4.915
          },
          "accuracy": {
            "0": 100.0,
            "10": 100.0
          },
          "prob_accuracy": {
            "0": 100.0,
            "10": 100.0
          }
        },
        "rhw": {
          "time": {
            "0": 4.706,
            "10": 4.747
          },
          "accuracy": {
            "0": 100.0,
            "10": 100.0
          },
          "prob_accuracy": {
            "0": 100.0,
            "10": 100.0
          }
        },
        "zg": {
          "time": {
            "0": 4.724,
            "10": 4.716
          },
          "accuracy": {
            "0": 100.0,
            "10": 100.0
          },
          "prob_accuracy": {
            "0": 100.0,
            "10": 100.0
          }
        },
        "hoffmann": {
          "time": {
            "0": 48.974,
            "10": 48.893
          },
          "accuracy": {
            "0": 100.0,
            "10": 100.0
          },
          "prob_accuracy": {
            "0": 100.0,
            "10": 100.0
          }
        },
        "observations_avg": 21.916666666666668
      }
    },
    "landmarks_avg": {
      "exhaust": 25.988095238095184,
      "hm": 25.898809523809494,
      "rhw": 25.898809523809494,
      "zg": 25.898809523809494,
      "hoffmann": 25.898809523809494
    },
    "spread": {
      "25": {
        "exhaust": {
          "0": 1.75,
          "10": 4.305555555555555
        },
        "hm": {
          "0": 1.6388888888888888,
          "10": 4.305555555555555
        },
        "rhw": {
          "0": 1.6388888888888888,
          "10": 4.305555555555555
        },
        "zg": {
          "0": 1.6388888888888888,
          "10": 4.305555555555555
        },
        "hoffmann": {
          "0": 1.6388888888888888,
          "10": 4.305555555555555
        }
      },
      "50": {
        "exhaust": {
          "0": 1.5833333333333333,
          "10": 3.388888888888889
        },
        "hm": {
          "0": 1.5555555555555556,
          "10": 3.361111111111111
        },
        "rhw": {
          "0": 1.5555555555555556,
          "10": 3.361111111111111
        },
        "zg": {
          "0": 1.5555555555555556,
          "10": 3.361111111111111
        },
        "hoffmann": {
          "0": 1.5555555555555556,
          "10": 3.361111111111111
        }
      },
      "75": {
        "exhaust": {
          "0": 1.4166666666666667,
          "10": 2.7777777777777777
        },
        "hm": {
          "0": 1.4166666666666667,
          "10": 2.8055555555555554
        },
        "rhw": {
          "0": 1.4166666666666667,
          "10": 2.8055555555555554
        },
        "zg": {
          "0": 1.4166666666666667,
          "10": 2.8055555555555554
        },
        "hoffmann": {
          "0": 1.4166666666666667,