{
  "ferry_noisy": {
    "problems": 144,
    "goals_avg": 7.0,
    "observations": {
      "25": {
        "hoffmann": {
          "time": {
            "0": 34.345,
            "10": 34.819,
            "20": 33.927,
            "30": 34.411
          },
          "accuracy": {
            "0": 55.55555555555556,
            "10": 97.22222222222221,
            "20": 100.0,
            "30": 100.0
          }
        },
        "observations_avg": 5.833333333333333
      },
      "50": {
        "hoffmann": {
          "time": {
            "0": 35.344,
            "10": 35.287,
            "20": 35.049,
            "30": 34.912
          },
          "accuracy": {
            "0": 83.33333333333334,
            "10": 100.0,
            "20": 100.0,
            "30": 100.0
          }
        },
        "observations_avg": 11.25
      },
      "75": {
        "hoffmann": {
          "time": {
            "0": 34.366,
            "10": 34.415,
            "20": 34.848,
            "30": 34.372
          },
          "accuracy": {
            "0": 91.66666666666666,
            "10": 100.0,
            "20": 100.0,
            "30": 100.0
          }
        },
        "observations_avg": 16.666666666666668
      },
      "100": {
        "hoffmann": {
          "time": {
            "0": 33.013,
            "10": 33.064,
            "20": 33.1,
            "30": 33.474
          },
          "accuracy": {
            "0": 100.0,
            "10": 100.0,
            "20": 100.0,
            "30": 100.0
          }
        },
        "observations_avg": 21.916666666666668
      }
    },
    "landmarks_avg": {
      "hoffmann": 25.898809523809625
    },
    "spread": {
      "25": {
        "hoffmann": {
          "0": 1.6388888888888888,
          "10": 4.305555555555555,
          "20": 6.5,
          "30": 7.0
        }
      },
      "50": {
        "hoffmann": {
          "0": 1.5555555555555556,
          "10": 3.361111111111111,
          "20": 5.916666666666667,
          "30": 7.0
        }
      },
      "75": {
        "hoffmann": {
          "0": 1.4166666666666667,
          "10": 2.8055555555555554,
          "20": 4.861111111111111,
          "30": 6.611111111111111
        }
      },
      "100": {
        "hoffmann": {
          "0": 1.2777777777777777,
          "10": 2.2777777777777777,
          "20": 4.388888888888889,
          "30": 6.444444444444445
        }
      }
    }
  }
}