{
  "driverlog_noisy/": {
    "problems": 144,
    "goals_avg": 6.666666666666667,
    "observations": {
      "25": {
        "exhaust": {
          "time": {
            "0": 3.066,
            "10": 3.1,
            "20": 3.064,
            "30": 3.061
          },
          "accuracy": {
            "0": 22.22222222222222,
            "10": 25.0,
            "20": 36.11111111111111,
            "30": 44.44444444444444
          }
        },
        "hm": {
          "time": {
            "0": 3.467,
            "10": 3.455,
            "20": 3.466,
            "30": 3.491
          },
          "accuracy": {
            "0": 27.77777777777778,
            "10": 30.555555555555557,
            "20": 38.88888888888889,
            "30": 41.66666666666667
          }
        },
        "rhw": {
          "time": {
            "0": 3.1,
            "10": 3.075,
            "20": 3.07,
            "30": 3.068
          },
          "accuracy": {
            "0": 27.77777777777778,
            "10": 30.555555555555557,
            "20": 38.88888888888889,
            "30": 41.66666666666667
          }
        },
        "zg": {
          "time": {
            "0": 3.07,
            "10": 3.084,
            "20": 3.057,
            "30": 3.067
          },
          "accuracy": {
            "0": 27.77777777777778,
            "10": 30.555555555555557,
            "20": 38.88888888888889,
            "30": 41.66666666666667
          }
        },
        "observations_avg": 3.5833333333333335
      },
      "50": {
        "exhaust": {
          "time": {
            "0": 3.505,
            "10": 3.496,
            "20": 3.468,
            "30": 3.466
          },
          "accuracy": {
            "0": 47.22222222222222,
            "10": 58.333333333333336,
            "20": 61.111111111111114,
            "30": 61.111111111111114
          }
        },
        "hm": {
          "time": {
            "0": 3.955,
            "10": 3.91,
            "20": 3.918,
            "30": 3.912
          },
          "accuracy": {
            "0": 41.66666666666667,
            "10": 50.0,
            "20": 55.55555555555556,
            "30": 61.111111111111114
          }
        },
        "rhw": {
          "time": {
            "0": 3.488,
            "10": 3.484,
            "20": 3.455,
            "30": 3.475
          },
          "accuracy": {
            "0": 41.66666666666667,
            "10": 50.0,
            "20": 55.55555555555556,
            "30": 61.111111111111114
          }
        },
        "zg": {
          "time": {
            "0": 3.466,
            "10": 3.496,
            "20": 3.478,
            "30": 3.499
          },
          "accuracy": {
            "0": 41.66666666666667,
            "10": 50.0,
            "20": 55.55555555555556,
            "30": 61.111111111111114
          }
        },
        "observations_avg": 6.75
      },
      "75": {
        "exhaust": {
          "time": {
            "0": 3.315,
            "10": 3.343,
            "20": 3.33,
            "30": 3.335
          },
          "accuracy": {
            "0": 63.888888888888886,
            "10": 69.44444444444444,
            "20": 72.22222222222221,
            "30": 72.22222222222221
          }
        },
        "hm": {
          "time": {
            "0": 3.784,
            "10": 3.761,
            "20": 3.798,
            "30": 3.748
          },
          "accuracy": {
            "0": 61.111111111111114,
            "10": 66.66666666666666,
            "20": 72.22222222222221,
            "30": 72.22222222222221
          }
        },
        "rhw": {
          "time": {
            "0": 3.33,
            "10": 3.34,
            "20": 3.323,
            "30": 3.36
          },
          "accuracy": {
            "0": 61.111111111111114,
            "10": 66.66666666666666,
            "20": 72.22222222222221,
            "30": 72.22222222222221
          }
        },
        "zg": {
          "time": {
            "0": 3.361,
            "10": 3.344,
            "20": 3.368,
            "30": 3.346
          },
          "accuracy": {
            "0": 61.111111111111114,
            "10": 66.66666666666666,
            "20": 72.22222222222221,
            "30": 72.22222222222221
          }
        },
        "observations_avg": 10.0
      },
      "100": {
        "exhaust": {
          "time": {
            "0": 3.375,
            "10": 3.407,
            "20": 3.388,
            "30": 3.372
          },
          "accuracy": {
            "0": 88.88888888888889,
            "10": 94.44444444444444,
            "20": 97.22222222222221,
            "30": 97.22222222222221
          }
        },
        "hm": {
          "time": {
            "0": 3.84,
            "10": 3.828,
            "20": 3.837,
            "30": 3.84
          },
          "accuracy": {
            "0": 86.11111111111111,
            "10": 94.44444444444444,
            "20": 97.22222222222221,
            "30": 97.22222222222221
          }
        },
        "rhw": {
          "time": {
            "0": 3.374,
            "10": 3.369,
            "20": 3.393,
            "30": 3.399
          },
          "accuracy": {
            "0": 86.11111111111111,
            "10": 94.44444444444444,
            "20": 97.22222222222221,
            "30": 97.22222222222221
          }
        },
        "zg": {
          "time": {
            "0": 3.403,
            "10": 3.401,
            "20": 3.393,
            "30": 3.411
          },
          "accuracy": {
            "0": 86.11111111111111,
            "10": 94.44444444444444,
            "20": 97.22222222222221,
            "30": 97.22222222222221
          }
        },
        "observations_avg": 12.833333333333334
      }
    },
    "landmarks_avg": {
      "exhaust": 16.652777777777803,
      "hm": 11.98611111111117,
      "rhw": 11.98611111111117,
      "zg": 11.98611111111117
    },
    "spread": {
      "25": {
        "exhaust": {
          "0": 1.0,
          "10": 1.1944444444444444,
          "20": 1.5277777777777777,
          "30": 1.6944444444444444
        },
        "hm": {
          "0": 1.3888888888888888,
          "10": 1.5833333333333333,
          "20": 1.9166666666666667,
          "30": 2.0
        },
        "rhw": {
          "0": 1.3888888888888888,
          "10": 1.5833333333333333,
          "20": 1.9166666666666667,
          "30": 2.0
        },
        "zg": {
          "0": 1.3888888888888888,
          "10": 1.5833333333333333,
          "20": 1.9166666666666667,
          "30": 2.0
        }
      },
      "50": {
        "exhaust": {
          "0": 1.0,
          "10": 1.2777777777777777,
          "20": 1.6111111111111112,
          "30": 1.9444444444444444
        },
        "hm": {
          "0": 1.0,
          "10": 1.3333333333333333,
          "20": 1.6388888888888888,
          "30": 1.9166666666666667
        },
        "rhw": {
          "0": 1.0,
          "10": 1.3333333333333333,
          "20": 1.6388888888888888,
          "30": 1.9166666666666667
        },
        "zg": {
          "0": 1.0,
          "10": 1.3333333333333333,
          "20": 1.6388888888888888,
          "30": 1.9166666666666667
        }
      },
      "75": {
        "exhaust": {
          "0": 1.0,
          "10": 1.2222222222222223,
          "20": 1.5555555555555556,
          "30": 2.0555555555555554
        },
        "hm": {
          "0": 1.0,
          "10": 1.1944444444444444,
          "20": 1.7222222222222223,
          "30": 2.0277777777777777
        },
        "rhw": {
          "0": 1.0,
          "10": 1.1944444444444444,
          "20": 1.7222222222222223,
          "30": 2.0277777777777777
        },
        "zg": {
          "0": 1.0,
          "10": 1.1944444444444444,
          "20": 1.7222222222222223,
          "30": 2.0277777777777777
        }
      },
      "100": {
        "exhaust": {
          "0": 1.0,
          "10": 1.4722222222222223,