{
  "driverlog_noisy": {
    "problems": 144,
    "goals_avg": 6.666666666666667,
    "observations": {
      "25": {
        "exhaust": {
          "time": {
            "0": 4.472,
            "10": 4.403
          },
          "accuracy": {
            "0": 44.44444444444444,
            "10": 58.333333333333336
          }
        },
        "hm": {
          "time": {
            "0": 4.945,
            "10": 5.022
          },
          "accuracy": {
            "0": 47.22222222222222,
            "10": 52.77777777777778
          }
        },
        "rhw": {
          "time": {
            "0": 4.409,
            "10": 4.414
          },
          "accuracy": {
            "0": 47.22222222222222,
            "10": 52.77777777777778
          }
        },
        "zg": {
          "time": {
            "0": 4.449,
            "10": 4.37
          },
          "accuracy": {
            "0": 47.22222222222222,
            "10": 52.77777777777778
          }
        },
        "hoffmann": {
          "time": {
            "0": 9.065,
            "10": 9.062
          },
          "accuracy": {
            "0": 41.66666666666667,
            "10": 41.66666666666667
          }
        },
        "observations_avg": 3.5833333333333335
      },
      "50": {
        "exhaust": {
          "time": {
            "0": 4.421,
            "10": 4.413
          },
          "accuracy": {
            "0": 55.55555555555556,
            "10": 75.0
          }
        },
        "hm": {
          "time": {
            "0": 4.981,
            "10": 4.957
          },
          "accuracy": {
            "0": 50.0,
            "10": 63.888888888888886
          }
        },
        "rhw": {
          "time": {
            "0": 4.312,
            "10": 4.439
          },
          "accuracy": {
            "0": 50.0,
            "10": 63.888888888888886
          }
        },
        "zg": {
          "time": {
            "0": 4.445,
            "10": 4.421
          },
          "accuracy": {
            "0": 50.0,
            "10": 63.888888888888886
          }
        },
        "hoffmann": {
          "time": {
            "0": 8.72,
            "10": 8.923
          },
          "accuracy": {
            "0": 41.66666666666667,
            "10": 52.77777777777778
          }
        },
        "observations_avg": 6.75
      },
      "75": {
        "exhaust": {
          "time": {
            "0": 4.463,
            "10": 4.467
          },
          "accuracy": {
            "0": 72.22222222222221,
            "10": 86.11111111111111
          }
        },
        "hm": {
          "time": {
            "0": 5.046,
            "10": 5.0
          },
          "accuracy": {
            "0": 72.22222222222221,
            "10": 75.0
          }
        },
        "rhw": {
          "time": {
            "0": 4.457,
            "10": 4.443
          },
          "accuracy": {
            "0": 72.22222222222221,
            "10": 75.0
          }
        },
        "zg": {
          "time": {
            "0": 4.458,
            "10": 4.447
          },
          "accuracy": {
            "0": 72.22222222222221,
            "10": 75.0
          }
        },
        "hoffmann": {
          "time": {
            "0": 8.985,
            "10": 9.022
          },
          "accuracy": {
            "0": 55.55555555555556,
            "10": 61.111111111111114
          }
        },
        "observations_avg": 10.0
      },
      "100": {
        "exhaust": {
          "time": {
            "0": 4.313,
            "10": 4.311
          },
          "accuracy": {
            "0": 94.44444444444444,
            "10": 100.0
          }
        },
        "hm": {
          "time": {
            "0": 4.875,
            "10": 4.997
          },
          "accuracy": {
            "0": 88.88888888888889,
            "10": 97.22222222222221
          }
        },
        "rhw": {
          "time": {
            "0": 4.379,
            "10": 4.347
          },
          "accuracy": {
            "0": 88.88888888888889,
            "10": 97.22222222222221
          }
        },
        "zg": {
          "time": {
            "0": 4.258,
            "10": 4.337
          },
          "accuracy": {
            "0": 88.88888888888889,
            "10": 97.22222222222221
          }
        },
        "hoffmann": {
          "time": {
            "0": 8.739,
            "10": 8.579
          },
          "accuracy": {
            "0": 80.55555555555556,
            "10": 94.44444444444444
          }
        },
        "observations_avg": 12.833333333333334
      }
    },
    "landmarks_avg": {
      "exhaust": 16.652777777777764,
      "hm": 11.986111111111082,
      "rhw": 11.986111111111082,
      "zg": 11.986111111111082,
      "hoffmann": 7.486111111111102
    },
    "spread": {
      "25": {
        "exhaust": {
          "0": 1.1944444444444444,
          "10": 2.25
        },
        "hm": {
          "0": 1.1666666666666667,
          "10": 1.6666666666666667
        },
        "rhw": {
          "0": 1.1666666666666667,
          "10": 1.6666666666666667
        },
        "zg": {
          "0": 1.1666666666666667,
          "10": 1.6666666666666667
        },
        "hoffmann": {
          "0": 1.5277777777777777,
          "10": 1.8055555555555556
        }
      },
      "50": {
        "exhaust": {
          "0": 1.0,
          "10": 1.8888888888888888
        },
        "hm": {
          "0": 1.0277777777777777,
          "10": 1.5
        },
        "rhw": {
          "0": 1.0277777777777777,
          "10": 1.5
        },
        "zg": {
          "0": 1.0277777777777777,
          "10": 1.5
        },
        "hoffmann": {
          "0": 1.3055555555555556,
          "10": 1.6388888888888888
        }
      },
      "75": {
        "exhaust": {
          "0": 1.0833333333333333,
          "10": 2.2777777777777777
        },
        "hm": {
          "0": 1.0555555555555556,
          "10": 1.6388888888888888
        },
        "rhw": {
          "0": 1.0555555555555556,
          "10": 1.6388888888888888
        },
        "zg": {
          "0": 1.0555555555555556,
          "10": 1.6388888888888888
        },
        "hoffmann": {
          "0": 1.5555555555555556,
          "10": 1.8888888888888888
        }
      },
      "100": {
        "exhaust": {
          "0": 1.0555555555555556,
          "10": 1.75
        },
        "hm": {
          "0": 1.2777777777777777,
          "10": 1.5555555555555556
        },
        "rhw": {
          "0": 1.2777777777777777,
          "10": 1.5555555555555556
        },
        "zg": {
          "0": 1.2777777777777777,
          "10": 1.5555555555555556
        },
        "hoffmann": {
          "0": 1.5,
          "10": 1.9444444444444444
        }
      }
    }
  }
}