{
  "driverlog_noisy": {
    "problems": 144,
    "goals_avg": 6.666666666666667,
    "observations": {
      "25": {
        "exhaust": {
          "time": {
            "0": 4.908,
            "10": 4.846
          },
          "accuracy": {
            "0": 44.44444444444444,
            "10": 58.333333333333336
          },
          "prob_accuracy": {
            "0": 100.0,
            "10": 100.0
          }
        },
        "hm": {
          "time": {
            "0": 5.365,
            "10": 5.489
          },
          "accuracy": {
            "0": 47.22222222222222,
            "10": 52.77777777777778
          },
          "prob_accuracy": {
            "0": 100.0,
            "10": 100.0
          }
        },
        "rhw": {
          "time": {
            "0": 4.815,
            "10": 4.783
          },
          "accuracy": {
            "0": 47.22222222222222,
            "10": 52.77777777777778
          },
          "prob_accuracy": {
            "0": 100.0,
            "10": 100.0
          }
        },
        "zg": {
          "time": {
            "0": 4.813,
            "10": 4.844
          },
          "accuracy": {
            "0": 47.22222222222222,
            "10": 52.77777777777778
          },
          "prob_accuracy": {
            "0": 100.0,
            "10": 100.0
          }
        },
        "hoffmann": {
          "time": {
            "0": 47.369,
            "10": 47.281
          },
          "accuracy": {
            "0": 41.66666666666667,
            "10": 41.66666666666667
          },
          "prob_accuracy": {
            "0": 100.0,
            "10": 100.0
          }
        },
        "observations_avg": 3.5833333333333335
      },
      "50": {
        "exhaust": {
          "time": {
            "0": 4.337,
            "10": 4.494
          },
          "accuracy": {
            "0": 55.55555555555556,
            "10": 75.0
          },
          "prob_accuracy": {
            "0": 100.0,
            "10": 100.0
          }
        },
        "hm": {
          "time": {
            "0": 4.991,
            "10": 4.916
          },
          "accuracy": {
            "0": 50.0,
            "10": 63.888888888888886
          },
          "prob_accuracy": {
            "0": 100.0,
            "10": 100.0
          }
        },
        "rhw": {
          "time": {
            "0": 4.441,
            "10": 4.369
          },
          "accuracy": {
            "0": 50.0,
            "10": 63.888888888888886
          },
          "prob_accuracy": {
            "0": 100.0,
            "10": 100.0
          }
        },
        "zg": {
          "time": {
            "0": 4.351,
            "10": 4.497
          },
          "accuracy": {
            "0": 50.0,
            "10": 63.888888888888886
          },
          "prob_accuracy": {
            "0": 100.0,
            "10": 100.0
          }
        },
        "hoffmann": {
          "time": {
            "0": 45.016,
            "10": 44.909
          },
          "accuracy": {
            "0": 41.66666666666667,
            "10": 52.77777777777778
          },
          "prob_accuracy": {
            "0": 100.0,
            "10": 100.0
          }
        },
        "observations_avg": 6.75
      },
      "75": {
        "exhaust": {
          "time": {
            "0": 4.691,
            "10": 4.743
          },
          "accuracy": {
            "0": 72.22222222222221,
            "10": 86.11111111111111
          },
          "prob_accuracy": {
            "0": 100.0,
            "10": 100.0
          }
        },
        "hm": {
          "time": {
            "0": 5.218,
            "10": 5.303
          },
          "accuracy": {
            "0": 72.22222222222221,
            "10": 75.0
          },
          "prob_accuracy": {
            "0": 100.0,
            "10": 100.0
          }
        },
        "rhw": {
          "time": {
            "0": 4.704,
            "10": 4.63
          },
          "accuracy": {
            "0": 72.22222222222221,
            "10": 75.0
          },
          "prob_accuracy": {
            "0": 100.0,
            "10": 100.0
          }
        },
        "zg": {
          "time": {
            "0": 4.761,
            "10": 4.723
          },
          "accuracy": {
            "0": 72.22222222222221,
            "10": 75.0
          },
          "prob_accuracy": {
            "0": 100.0,
            "10": 100.0
          }
        },
        "hoffmann": {
          "time": {
            "0": 46.434,
            "10": 46.212
          },
          "accuracy": {
            "0": 55.55555555555556,
            "10": 61.111111111111114
          },
          "prob_accuracy": {
            "0": 100.0,
            "10": 100.0
          }
        },
        "observations_avg": 10.0
      },
      "100": {
        "exhaust": {
          "time": {
            "0": 5.083,
            "10": 5.109
          },
          "accuracy": {
            "0": 94.44444444444444,
            "10": 100.0
          },
          "prob_accuracy": {
            "0": 100.0,
            "10": 100.0
          }
        },
        "hm": {
          "time": {
            "0": 5.648,
            "10": 5.631
          },
          "accuracy": {
            "0": 88.88888888888889,
            "10": 97.22222222222221
          },
          "prob_accuracy": {
            "0": 100.0,
            "10": 100.0
          }
        },
        "rhw": {
          "time": {
            "0": 5.119,
            "10": 5.063
          },
          "accuracy": {
            "0": 88.88888888888889,
            "10": 97.22222222222221
          },
          "prob_accuracy": {
            "0": 100.0,
            "10": 100.0
          }
        },
        "zg": {
          "time": {
            "0": 5.181,
            "10": 5.089
          },
          "accuracy": {
            "0": 88.88888888888889,
            "10": 97.22222222222221
          },
          "prob_accuracy": {
            "0": 100.0,
            "10": 100.0
          }
        },
        "hoffmann": {
          "time": {
            "0": 48.452,
            "10": 48.078
          },
          "accuracy": {
            "0": 80.55555555555556,
            "10": 94.44444444444444
          },
          "prob_accuracy": {
            "0": 100.0,
            "10": 100.0
          }
        },
        "observations_avg": 12.833333333333334
      }
    },
    "landmarks_avg": {
      "exhaust": 16.65277777777777,
      "hm": 11.986111111111084,
      "rhw": 11.986111111111084,
      "zg": 11.986111111111084,
      "hoffmann": 7.4861111111111045
    },
    "spread": {
      "25": {
        "exhaust": {
          "0": 1.1944444444444444,
          "10": 2.25
        },
        "hm": {
          "0": 1.1666666666666667,
          "10": 1.6666666666666667
        },
        "rhw": {
          "0": 1.1666666666666667,
          "10": 1.6666666666666667
        },
        "zg": {
          "0": 1.1666666666666667,
          "10": 1.6666666666666667
        },
        "hoffmann": {
          "0": 1.5277777777777777,
          "10": 1.8055555555555556
        }
      },
      "50": {
        "exhaust": {
          "0": 1.0,
          "10": 1.8888888888888888
        },
        "hm": {
          "0": 1.0277777777777777,
          "10": 1.5
        },
        "rhw": {
          "0": 1.0277777777777777,
          "10": 1.5
        },
        "zg": {
          "0": 1.0277777777777777,
          "10": 1.5
        },
        "hoffmann": {
          "0": 1.3055555555555556,
          "10": 1.6388888888888888
        }
      },
      "75": {
        "exhaust": {
          "0": 1.0833333333333333,
          "10": 2.2777777777777777
        },
        "hm": {
          "0": 1.0555555555555556,
          "10": 1.6388888888888888
        },
        "rhw": {
          "0": 1.0555555555555556,
          "10": 1.6388888888888888
        },
        "zg": {
          "0": 1.0555555555555556,