{
  "driverlog_noisy": {
    "problems": 144,
    "goals_avg": 6.666666666666667,
    "observations": {
      "25": {
        "exhaust": {
          "time": {
            "0": 3.318,
            "10": 3.335,
            "20": 3.325,
            "30": 3.328
          },
          "accuracy": {
            "0": 41.66666666666667,
            "10": 55.55555555555556,
            "20": 75.0,
            "30": 80.55555555555556
          }
        },
        "hm": {
          "time": {
            "0": 3.76,
            "10": 3.728,
            "20": 3.775,
            "30": 3.767
          },
          "accuracy": {
            "0": 44.44444444444444,
            "10": 47.22222222222222,
            "20": 69.44444444444444,
            "30": 75.0
          }
        },
        "rhw": {
          "time": {
            "0": 3.329,
            "10": 3.311,
            "20": 3.298,
            "30": 3.309
          },
          "accuracy": {
            "0": 44.44444444444444,
            "10": 47.22222222222222,
            "20": 69.44444444444444,
            "30": 75.0
          }
        },
        "zg": {
          "time": {
            "0": 3.298,
            "10": 3.328,
            "20": 3.324,
            "30": 3.31
          },
          "accuracy": {
            "0": 44.44444444444444,
            "10": 47.22222222222222,
            "20": 69.44444444444444,
            "30": 75.0
          }
        },
        "observations_avg": 3.5833333333333335
      },
      "50": {
        "exhaust": {
          "time": {
            "0": 3.63,
            "10": 3.615,
            "20": 3.645,
            "30": 3.664
          },
          "accuracy": {
            "0": 55.55555555555556,
            "10": 66.66666666666666,
            "20": 83.33333333333334,
            "30": 88.88888888888889
          }
        },
        "hm": {
          "time": {
            "0": 4.116,
            "10": 4.13,
            "20": 4.106,
            "30": 4.098
          },
          "accuracy": {
            "0": 52.77777777777778,
            "10": 61.111111111111114,
            "20": 72.22222222222221,
            "30": 88.88888888888889
          }
        },
        "rhw": {
          "time": {
            "0": 3.634,
            "10": 3.65,
            "20": 3.648,
            "30": 3.654
          },
          "accuracy": {
            "0": 52.77777777777778,
            "10": 61.111111111111114,
            "20": 72.22222222222221,
            "30": 88.88888888888889
          }
        },
        "zg": {
          "time": {
            "0": 3.611,
            "10": 3.626,
            "20": 3.62,
            "30": 3.628
          },
          "accuracy": {
            "0": 52.77777777777778,
            "10": 61.111111111111114,
            "20": 72.22222222222221,
            "30": 88.88888888888889
          }
        },
        "observations_avg": 6.75
      },
      "75": {
        "exhaust": {
          "time": {
            "0": 3.509,
            "10": 3.522,
            "20": 3.524,
            "30": 3.503
          },
          "accuracy": {
            "0": 69.44444444444444,
            "10": 83.33333333333334,
            "20": 94.44444444444444,
            "30": 100.0
          }
        },
        "hm": {
          "time": {
            "0": 3.984,
            "10": 3.959,
            "20": 3.946,
            "30": 3.935
          },
          "accuracy": {
            "0": 69.44444444444444,
            "10": 75.0,
            "20": 88.88888888888889,
            "30": 94.44444444444444
          }
        },
        "rhw": {
          "time": {
            "0": 3.508,
            "10": 3.511,
            "20": 3.531,
            "30": 3.493
          },
          "accuracy": {
            "0": 69.44444444444444,
            "10": 75.0,
            "20": 88.88888888888889,
            "30": 94.44444444444444
          }
        },
        "zg": {
          "time": {
            "0": 3.509,
            "10": 3.525,
            "20": 3.525,
            "30": 3.502
          },
          "accuracy": {
            "0": 69.44444444444444,
            "10": 75.0,
            "20": 88.88888888888889,
            "30": 94.44444444444444
          }
        },
        "observations_avg": 10.0
      },
      "100": {
        "exhaust": {
          "time": {
            "0": 3.528,
            "10": 3.505,
            "20": 3.508,
            "30": 3.497
          },
          "accuracy": {
            "0": 94.44444444444444,
            "10": 100.0,
            "20": 100.0,
            "30": 100.0
          }
        },
        "hm": {
          "time": {
            "0": 3.964,
            "10": 3.929,
            "20": 3.992,
            "30": 3.96
          },
          "accuracy": {
            "0": 88.88888888888889,
            "10": 94.44444444444444,
            "20": 100.0,
            "30": 100.0
          }
        },
        "rhw": {
          "time": {
            "0": 3.52,
            "10": 3.525,
            "20": 3.492,
            "30": 3.512
          },
          "accuracy": {
            "0": 88.88888888888889,
            "10": 94.44444444444444,
            "20": 100.0,
            "30": 100.0
          }
        },
        "zg": {
          "time": {
            "0": 3.468,
            "10": 3.476,
            "20": 3.539,
            "30": 3.518
          },
          "accuracy": {
            "0": 88.88888888888889,
            "10": 94.44444444444444,
            "20": 100.0,
            "30": 100.0
          }
        },
        "observations_avg": 12.833333333333334
      }
    },
    "landmarks_avg": {
      "exhaust": 16.652777777777803,
      "hm": 11.98611111111117,
      "rhw": 11.98611111111117,
      "zg": 11.98611111111117
    },
    "spread": {
      "25": {
        "exhaust": {
          "0": 1.1666666666666667,
          "10": 2.0,
          "20": 3.4444444444444446,
          "30": 4.527777777777778
        },
        "hm": {
          "0": 1.5,
          "10": 1.9166666666666667,
          "20": 2.861111111111111,
          "30": 3.6666666666666665
        },
        "rhw": {
          "0": 1.5,
          "10": 1.9166666666666667,
          "20": 2.861111111111111,
          "30": 3.6666666666666665
        },
        "zg": {
          "0": 1.5,
          "10": 1.9166666666666667,
          "20": 2.861111111111111,
          "30": 3.6666666666666665
        }
      },
      "50": {
        "exhaust": {
          "0": 1.0,
          "10": 1.7222222222222223,
          "20": 2.8333333333333335,
          "30": 4.083333333333333
        },
        "hm": {
          "0": 1.0,
          "10": 1.4444444444444444,
          "20": 2.2222222222222223,
          "30": 3.2222222222222223
        },
        "rhw": {
          "0": 1.0,
          "10": 1.4444444444444444,
          "20": 2.2222222222222223,
          "30": 3.2222222222222223
        },
        "zg": {
          "0": 1.0,
          "10": 1.4444444444444444,
          "20": 2.2222222222222223,
          "30": 3.2222222222222223
        }
      },
      "75": {
        "exhaust": {
          "0": 1.1111111111111112,
          "10": 2.1666666666666665,
          "20": 3.6666666666666665,
          "30": 4.916666666666667
        },
        "hm": {
          "0": 1.1111111111111112,
          "10": 1.6666666666666667,
          "20": 2.7222222222222223,
          "30": 3.75
        },
        "rhw": {
          "0": 1.1111111111111112,
          "10": 1.6666666666666667,
          "20": 2.7222222222222223,
          "30": 3.75
        },
        "zg": {
          "0": 1.1111111111111112,
          "10": 1.6666666666666667,
          "20": 2.7222222222222223,
          "30": 3.75
        }
      },
      "100": {
        "exhaust": {
          "0": 1.0555555555555556,
          "10": 1.7222222222222223,
          "20": 2.9444444444444446,
          "30": 4.472222222222222
        },
        "hm": {
          "0": 1.2777777777777777,