{
  "driverlog_noisy": {
    "problems": 144,
    "goals_avg": 6.666666666666667,
    "observations": {
      "25": {
        "hoffmann": {
          "time": {
            "0": 36.687,
            "10": 37.048,
            "20": 36.009,
            "30": 36.663
          },
          "accuracy": {
            "0": 41.66666666666667,
            "10": 41.66666666666667,
            "20": 61.111111111111114,
            "30": 69.44444444444444
          }
        },
        "observations_avg": 3.5833333333333335
      },
      "50": {
        "hoffmann": {
          "time": {
            "0": 37.923,
            "10": 38.391,
            "20": 38.519,
            "30": 38.254
          },
          "accuracy": {
            "0": 41.66666666666667,
            "10": 52.77777777777778,
            "20": 75.0,
            "30": 83.33333333333334
          }
        },
        "observations_avg": 6.75
      },
      "75": {
        "hoffmann": {
          "time": {
            "0": 37.474,
            "10": 37.689,
            "20": 37.492,
            "30": 38.058
          },
          "accuracy": {
            "0": 55.55555555555556,
            "10": 61.111111111111114,
            "20": 77.77777777777779,
            "30": 86.11111111111111
          }
        },
        "observations_avg": 10.0
      },
      "100": {
        "hoffmann": {
          "time": {
            "0": 35.775,
            "10": 36.308,
            "20": 36.703,
            "30": 37.071
          },
          "accuracy": {
            "0": 80.55555555555556,
            "10": 94.44444444444444,
            "20": 100.0,
            "30": 100.0
          }
        },
        "observations_avg": 12.833333333333334
      }
    },
    "landmarks_avg": {
      "hoffmann": 7.48611111111113
    },
    "spread": {
      "25": {
        "hoffmann": {
          "0": 1.5277777777777777,
          "10": 1.8055555555555556,
          "20": 2.6666666666666665,
          "30": 3.0
        }
      },
      "50": {
        "hoffmann": {
          "0": 1.3055555555555556,
          "10": 1.6388888888888888,
          "20": 2.7222222222222223,
          "30": 3.388888888888889
        }
      },
      "75": {
        "hoffmann": {
          "0": 1.5555555555555556,
          "10": 1.8888888888888888,
          "20": 2.7222222222222223,
          "30": 3.5833333333333335
        }
      },
      "100": {
        "hoffmann": {
          "0": 1.5,
          "10": 1.9444444444444444,
          "20": 2.5833333333333335,
          "30": 3.4722222222222223
        }
      }
    }
  }
}