{
  "driverlog_noisy": {
    "problems": 144,
    "goals_avg": 6.666666666666667,
    "observations": {
      "25": {
        "exhaust": {
          "time": {
            "0": 12.194,
            "10": 12.285,
            "20": 12.231,
            "30": 12.232
          },
          "accuracy": {
            "0": 44.44444444444444,
            "10": 58.333333333333336,
            "20": 75.0,
            "30": 86.11111111111111
          }
        },
        "hm": {
          "time": {
            "0": 13.949,
            "10": 14.018,
            "20": 13.92,
            "30": 14.066
          },
          "accuracy": {
            "0": 47.22222222222222,
            "10": 52.77777777777778,
            "20": 66.66666666666666,
            "30": 75.0
          }
        },
        "rhw": {
          "time": {
            "0": 12.242,
            "10": 12.343,
            "20": 12.277,
            "30": 12.166
          },
          "accuracy": {
            "0": 47.22222222222222,
            "10": 52.77777777777778,
            "20": 66.66666666666666,
            "30": 75.0
          }
        },
        "zg": {
          "time": {
            "0": 12.492,
            "10": 12.385,
            "20": 12.373,
            "30": 12.439
          },
          "accuracy": {
            "0": 47.22222222222222,
            "10": 52.77777777777778,
            "20": 66.66666666666666,
            "30": 75.0
          }
        },
        "observations_avg": 3.5833333333333335
      },
      "50": {
        "exhaust": {
          "time": {
            "0": 8.069,
            "10": 8.098,
            "20": 8.279,
            "30": 8.263
          },
          "accuracy": {
            "0": 55.55555555555556,
            "10": 75.0,
            "20": 86.11111111111111,
            "30": 94.44444444444444
          }
        },
        "hm": {
          "time": {
            "0": 9.121,
            "10": 9.131,
            "20": 9.259,
            "30": 9.214
          },
          "accuracy": {
            "0": 50.0,
            "10": 63.888888888888886,
            "20": 80.55555555555556,
            "30": 88.88888888888889
          }
        },
        "rhw": {
          "time": {
            "0": 8.088,
            "10": 8.178,
            "20": 8.147,
            "30": 8.216
          },
          "accuracy": {
            "0": 50.0,
            "10": 63.888888888888886,
            "20": 80.55555555555556,
            "30": 88.88888888888889
          }
        },
        "zg": {
          "time": {
            "0": 8.241,
            "10": 8.203,
            "20": 8.217,
            "30": 8.212
          },
          "accuracy": {
            "0": 50.0,
            "10": 63.888888888888886,
            "20": 80.55555555555556,
            "30": 88.88888888888889
          }
        },
        "observations_avg": 6.75
      },
      "75": {
        "exhaust": {
          "time": {
            "0": 12.775,
            "10": 12.833,
            "20": 12.721,
            "30": 12.861
          },
          "accuracy": {
            "0": 72.22222222222221,
            "10": 86.11111111111111,
            "20": 94.44444444444444,
            "30": 100.0
          }
        },
        "hm": {
          "time": {
            "0": 14.385,
            "10": 14.334,
            "20": 14.601,
            "30": 14.524
          },
          "accuracy": {
            "0": 72.22222222222221,
            "10": 75.0,
            "20": 91.66666666666666,
            "30": 94.44444444444444
          }
        },
        "rhw": {
          "time": {
            "0": 13.017,
            "10": 12.944,
            "20": 12.791,
            "30": 12.718
          },
          "accuracy": {
            "0": 72.22222222222221,
            "10": 75.0,
            "20": 91.66666666666666,
            "30": 94.44444444444444
          }
        },
        "zg": {
          "time": {
            "0": 12.79,
            "10": 12.874,
            "20": 12.845,
            "30": 12.806
          },
          "accuracy": {
            "0": 72.22222222222221,
            "10": 75.0,
            "20": 91.66666666666666,
            "30": 94.44444444444444
          }
        },
        "observations_avg": 10.0
      },
      "100": {
        "exhaust": {
          "time": {
            "0": 5.835,
            "10": 5.828,
            "20": 5.793,
            "30": 5.889
          },
          "accuracy": {
            "0": 94.44444444444444,
            "10": 100.0,
            "20": 100.0,
            "30": 100.0
          }
        },
        "hm": {
          "time": {
            "0": 6.591,
            "10": 6.504,
            "20": 6.545,
            "30": 6.495
          },
          "accuracy": {
            "0": 88.88888888888889,
            "10": 97.22222222222221,
            "20": 100.0,
            "30": 100.0
          }
        },
        "rhw": {
          "time": {
            "0": 5.743,
            "10": 5.85,
            "20": 5.872,
            "30": 5.792
          },
          "accuracy": {
            "0": 88.88888888888889,
            "10": 97.22222222222221,
            "20": 100.0,
            "30": 100.0
          }
        },
        "zg": {
          "time": {
            "0": 5.779,
            "10": 5.77,
            "20": 5.878,
            "30": 5.876
          },
          "accuracy": {
            "0": 88.88888888888889,
            "10": 97.22222222222221,
            "20": 100.0,
            "30": 100.0
          }
        },
        "observations_avg": 12.833333333333334
      }
    },
    "landmarks_avg": {
      "exhaust": 16.652777777777803,
      "hm": 11.98611111111117,
      "rhw": 11.98611111111117,
      "zg": 11.98611111111117
    },
    "spread": {
      "25": {
        "exhaust": {
          "0": 1.1944444444444444,
          "10": 2.25,
          "20": 3.6944444444444446,
          "30": 4.944444444444445
        },
        "hm": {
          "0": 1.1666666666666667,
          "10": 1.6666666666666667,
          "20": 2.9166666666666665,
          "30": 3.6944444444444446
        },
        "rhw": {
          "0": 1.1666666666666667,
          "10": 1.6666666666666667,
          "20": 2.9166666666666665,
          "30": 3.6944444444444446
        },
        "zg": {
          "0": 1.1666666666666667,
          "10": 1.6666666666666667,
          "20": 2.9166666666666665,
          "30": 3.6944444444444446
        }
      },
      "50": {
        "exhaust": {
          "0": 1.0,
          "10": 1.8888888888888888,
          "20": 3.2222222222222223,
          "30": 4.444444444444445
        },
        "hm": {
          "0": 1.0277777777777777,
          "10": 1.5,
          "20": 2.4722222222222223,
          "30": 3.638888888888889
        },
        "rhw": {
          "0": 1.0277777777777777,
          "10": 1.5,
          "20": 2.4722222222222223,
          "30": 3.638888888888889
        },
        "zg": {
          "0": 1.0277777777777777,
          "10": 1.5,
          "20": 2.4722222222222223,
          "30": 3.638888888888889
        }
      },
      "75": {
        "exhaust": {
          "0": 1.0833333333333333,
          "10": 2.2777777777777777,
          "20": 3.7777777777777777,
          "30": 5.25
        },
        "hm": {
          "0": 1.0555555555555556,
          "10": 1.6388888888888888,
          "20": 3.0,
          "30": 4.027777777777778
        },
        "rhw": {
          "0": 1.0555555555555556,
          "10": 1.6388888888888888,
          "20": 3.0,
          "30": 4.027777777777778
        },
        "zg": {
          "0": 1.0555555555555556,
          "10": 1.6388888888888888,
          "20": 3.0,
          "30": 4.027777777777778
        }
      },
      "100": {
        "exhaust": {
          "0": 1.0555555555555556,
          "10": 1.75,
          "20": 3.0277777777777777,
          "30": 4.694444444444445
        },
        "hm": {
          "0": 1.2777777777777777,