{
  "zeno_travel": {
    "problems": 364,
    "goals_avg": 6.857142857142857,
    "observations": {
      "10": {
        "exhaust": {
          "time": {
            "0": 6.115,
            "10": 6.104,
            "20": 6.1,
            "30": 6.086
          },
          "accuracy": {
            "0": 75.0,
            "10": 89.28571428571429,
            "20": 92.85714285714286,
            "30": 95.23809523809523
          }
        },
        "hm": {
          "time": {
            "0": 11.023,
            "10": 10.989,
            "20": 11.019,
            "30": 11.051
          },
          "accuracy": {
            "0": 73.80952380952381,
            "10": 77.38095238095238,
            "20": 86.90476190476191,
            "30": 88.09523809523809
          }
        },
        "rhw": {
          "time": {
            "0": 6.077,
            "10": 6.013,
            "20": 6.012,
            "30": 6.093
          },
          "accuracy": {
            "0": 75.0,
            "10": 79.76190476190477,
            "20": 86.90476190476191,
            "30": 89.28571428571429
          }
        },
        "zg": {
          "time": {
            "0": 6.032,
            "10": 6.024,
            "20": 6.031,
            "30": 6.064
          },
          "accuracy": {
            "0": 73.80952380952381,
            "10": 77.38095238095238,
            "20": 86.90476190476191,
            "30": 88.09523809523809
          }
        },
        "observations_avg": 2.607142857142857
      },
      "30": {
        "exhaust": {
          "time": {
            "0": 5.394,
            "10": 5.394,
            "20": 5.384,
            "30": 5.426
          },
          "accuracy": {
            "0": 89.28571428571429,
            "10": 95.23809523809523,
            "20": 100.0,
            "30": 100.0
          }
        },
        "hm": {
          "time": {
            "0": 9.775,
            "10": 9.807,
            "20": 9.818,
            "30": 9.848
          },
          "accuracy": {
            "0": 85.71428571428571,
            "10": 91.66666666666666,
            "20": 95.23809523809523,
            "30": 96.42857142857143
          }
        },
        "rhw": {
          "time": {
            "0": 5.381,
            "10": 5.367,
            "20": 5.297,
            "30": 5.377
          },
          "accuracy": {
            "0": 88.09523809523809,
            "10": 95.23809523809523,
            "20": 97.61904761904762,
            "30": 98.80952380952381
          }
        },
        "zg": {
          "time": {
            "0": 5.341,
            "10": 5.35,
            "20": 5.367,
            "30": 5.358
          },
          "accuracy": {
            "0": 85.71428571428571,
            "10": 91.66666666666666,
            "20": 95.23809523809523,
            "30": 96.42857142857143
          }
        },
        "observations_avg": 6.75
      },
      "50": {
        "exhaust": {
          "time": {
            "0": 6.463,
            "10": 6.464,
            "20": 6.452,
            "30": 6.444
          },
          "accuracy": {
            "0": 94.04761904761905,
            "10": 98.80952380952381,
            "20": 100.0,
            "30": 100.0
          }
        },
        "hm": {
          "time": {
            "0": 11.546,
            "10": 11.543,
            "20": 11.544,
            "30": 11.71
          },
          "accuracy": {
            "0": 94.04761904761905,
            "10": 96.42857142857143,
            "20": 100.0,
            "30": 100.0
          }
        },
        "rhw": {
          "time": {
            "0": 6.437,
            "10": 6.429,
            "20": 6.491,
            "30": 6.4
          },
          "accuracy": {
            "0": 96.42857142857143,
            "10": 98.80952380952381,
            "20": 100.0,
            "30": 100.0
          }
        },
        "zg": {
          "time": {
            "0": 6.441,
            "10": 6.419,
            "20": 6.468,
            "30": 6.489
          },
          "accuracy": {
            "0": 94.04761904761905,
            "10": 96.42857142857143,
            "20": 100.0,
            "30": 100.0
          }
        },
        "observations_avg": 10.821428571428571
      },
      "70": {
        "exhaust": {
          "time": {
            "0": 6.748,
            "10": 6.703,
            "20": 6.664,
            "30": 6.746
          },
          "accuracy": {
            "0": 100.0,
            "10": 100.0,
            "20": 100.0,
            "30": 100.0
          }
        },
        "hm": {
          "time": {
            "0": 12.011,
            "10": 12.056,
            "20": 12.09,
            "30": 12.096
          },
          "accuracy": {
            "0": 98.80952380952381,
            "10": 100.0,
            "20": 100.0,
            "30": 100.0
          }
        },
        "rhw": {
          "time": {
            "0": 6.662,
            "10": 6.631,
            "20": 6.606,
            "30": 6.676
          },
          "accuracy": {
            "0": 100.0,
            "10": 100.0,
            "20": 100.0,
            "30": 100.0
          }
        },
        "zg": {
          "time": {
            "0": 6.639,
            "10": 6.673,
            "20": 6.646,
            "30": 6.67
          },
          "accuracy": {
            "0": 98.80952380952381,
            "10": 100.0,
            "20": 100.0,
            "30": 100.0
          }
        },
        "observations_avg": 15.214285714285714
      },
      "100": {
        "exhaust": {
          "time": {
            "0": 6.689,
            "10": 6.74,
            "20": 6.738,
            "30": 6.622
          },
          "accuracy": {
            "0": 100.0,
            "10": 100.0,
            "20": 100.0,
            "30": 100.0
          }
        },
        "hm": {
          "time": {
            "0": 12.009,
            "10": 12.011,
            "20": 12.021,
            "30": 12.044
          },
          "accuracy": {
            "0": 100.0,
            "10": 100.0,
            "20": 100.0,
            "30": 100.0
          }
        },
        "rhw": {
          "time": {
            "0": 6.623,
            "10": 6.687,
            "20": 6.704,
            "30": 6.701
          },
          "accuracy": {
            "0": 100.0,
            "10": 100.0,
            "20": 100.0,
            "30": 100.0
          }
        },
        "zg": {
          "time": {
            "0": 6.735,
            "10": 6.758,
            "20": 6.716,
            "30": 6.653
          },
          "accuracy": {
            "0": 100.0,
            "10": 100.0,
            "20": 100.0,
            "30": 100.0
          }
        },
        "observations_avg": 21.142857142857142
      }
    },
    "landmarks_avg": {
      "exhaust": 17.374999999999865,
      "hm": 12.960714285714316,
      "rhw": 12.517857142857192,
      "zg": 12.960714285714316
    },
    "spread": {
      "10": {
        "exhaust": {
          "0": 1.9880952380952381,
          "10": 2.9404761904761907,
          "20": 3.2738095238095237,
          "30": 3.9047619047619047
        },
        "hm": {
          "0": 2.1666666666666665,
          "10": 2.607142857142857,
          "20": 3.107142857142857,
          "30": 3.3214285714285716
        },
        "rhw": {
          "0": 2.1904761904761907,
          "10": 2.7023809523809526,
          "20": 3.0952380952380953,
          "30": 3.2976190476190474
        },
        "zg": {
          "0": 2.1666666666666665,
          "10": 2.607142857142857,
          "20": 3.107142857142857,
          "30": 3.3214285714285716
        }
      },
      "30": {
        "exhaust": {
          "0": 1.5833333333333333,
          "10": 2.2738095238095237,
          "20": 3.4047619047619047,
          "30": 4.595238095238095
        },
        "hm": {
          "0": 1.6071428571428572,
          "10": 2.107142857142857,
          "20": 2.7261904761904763,