{
  "zeno_travel": {
    "problems": 364,
    "goals_avg": 6.857142857142857,
    "observations": {
      "10": {
        "exhaust": {
          "time": {
            "0": 5.803,
            "10": 5.841,
            "20": 5.858,
            "30": 5.837
          },
          "accuracy": {
            "0": 51.19047619047619,
            "10": 57.14285714285714,
            "20": 63.095238095238095,
            "30": 66.66666666666666
          }
        },
        "hm": {
          "time": {
            "0": 10.474,
            "10": 10.498,
            "20": 10.512,
            "30": 10.549
          },
          "accuracy": {
            "0": 53.57142857142857,
            "10": 59.523809523809526,
            "20": 66.66666666666666,
            "30": 70.23809523809523
          }
        },
        "rhw": {
          "time": {
            "0": 5.784,
            "10": 5.771,
            "20": 5.751,
            "30": 5.789
          },
          "accuracy": {
            "0": 55.952380952380956,
            "10": 60.71428571428571,
            "20": 65.47619047619048,
            "30": 70.23809523809523
          }
        },
        "zg": {
          "time": {
            "0": 5.797,
            "10": 5.824,
            "20": 5.836,
            "30": 5.791
          },
          "accuracy": {
            "0": 53.57142857142857,
            "10": 59.523809523809526,
            "20": 66.66666666666666,
            "30": 70.23809523809523
          }
        },
        "observations_avg": 2.607142857142857
      },
      "30": {
        "exhaust": {
          "time": {
            "0": 5.219,
            "10": 5.244,
            "20": 5.246,
            "30": 5.256
          },
          "accuracy": {
            "0": 67.85714285714286,
            "10": 75.0,
            "20": 79.76190476190477,
            "30": 82.14285714285714
          }
        },
        "hm": {
          "time": {
            "0": 9.602,
            "10": 9.561,
            "20": 9.556,
            "30": 9.528
          },
          "accuracy": {
            "0": 66.66666666666666,
            "10": 73.80952380952381,
            "20": 77.38095238095238,
            "30": 79.76190476190477
          }
        },
        "rhw": {
          "time": {
            "0": 5.188,
            "10": 5.2,
            "20": 5.209,
            "30": 5.216
          },
          "accuracy": {
            "0": 67.85714285714286,
            "10": 75.0,
            "20": 78.57142857142857,
            "30": 82.14285714285714
          }
        },
        "zg": {
          "time": {
            "0": 5.214,
            "10": 5.218,
            "20": 5.244,
            "30": 5.225
          },
          "accuracy": {
            "0": 66.66666666666666,
            "10": 73.80952380952381,
            "20": 77.38095238095238,
            "30": 79.76190476190477
          }
        },
        "observations_avg": 6.75
      },
      "50": {
        "exhaust": {
          "time": {
            "0": 6.402,
            "10": 6.363,
            "20": 6.369,
            "30": 6.348
          },
          "accuracy": {
            "0": 85.71428571428571,
            "10": 90.47619047619048,
            "20": 91.66666666666666,
            "30": 92.85714285714286
          }
        },
        "hm": {
          "time": {
            "0": 11.312,
            "10": 11.325,
            "20": 11.363,
            "30": 11.354
          },
          "accuracy": {
            "0": 83.33333333333334,
            "10": 89.28571428571429,
            "20": 90.47619047619048,
            "30": 91.66666666666666
          }
        },
        "rhw": {
          "time": {
            "0": 6.321,
            "10": 6.325,
            "20": 6.279,
            "30": 6.311
          },
          "accuracy": {
            "0": 83.33333333333334,
            "10": 88.09523809523809,
            "20": 90.47619047619048,
            "30": 92.85714285714286
          }
        },
        "zg": {
          "time": {
            "0": 6.285,
            "10": 6.312,
            "20": 6.355,
            "30": 6.331
          },
          "accuracy": {
            "0": 83.33333333333334,
            "10": 89.28571428571429,
            "20": 90.47619047619048,
            "30": 91.66666666666666
          }
        },
        "observations_avg": 10.821428571428571
      },
      "70": {
        "exhaust": {
          "time": {
            "0": 6.386,
            "10": 6.341,
            "20": 6.341,
            "30": 6.39
          },
          "accuracy": {
            "0": 92.85714285714286,
            "10": 95.23809523809523,
            "20": 95.23809523809523,
            "30": 95.23809523809523
          }
        },
        "hm": {
          "time": {
            "0": 11.374,
            "10": 11.393,
            "20": 11.434,
            "30": 11.453
          },
          "accuracy": {
            "0": 91.66666666666666,
            "10": 94.04761904761905,
            "20": 94.04761904761905,
            "30": 95.23809523809523
          }
        },
        "rhw": {
          "time": {
            "0": 6.34,
            "10": 6.309,
            "20": 6.285,
            "30": 6.3
          },
          "accuracy": {
            "0": 91.66666666666666,
            "10": 95.23809523809523,
            "20": 95.23809523809523,
            "30": 95.23809523809523
          }
        },
        "zg": {
          "time": {
            "0": 6.326,
            "10": 6.338,
            "20": 6.337,
            "30": 6.353
          },
          "accuracy": {
            "0": 91.66666666666666,
            "10": 94.04761904761905,
            "20": 94.04761904761905,
            "30": 95.23809523809523
          }
        },
        "observations_avg": 15.214285714285714
      },
      "100": {
        "exhaust": {
          "time": {
            "0": 6.69,
            "10": 6.612,
            "20": 6.609,
            "30": 6.604
          },
          "accuracy": {
            "0": 100.0,
            "10": 100.0,
            "20": 100.0,
            "30": 100.0
          }
        },
        "hm": {
          "time": {
            "0": 11.968,
            "10": 11.889,
            "20": 11.89,
            "30": 11.819
          },
          "accuracy": {
            "0": 100.0,
            "10": 100.0,
            "20": 100.0,
            "30": 100.0
          }
        },
        "rhw": {
          "time": {
            "0": 6.582,
            "10": 6.637,
            "20": 6.554,
            "30": 6.602
          },
          "accuracy": {
            "0": 100.0,
            "10": 100.0,
            "20": 100.0,
            "30": 100.0
          }
        },
        "zg": {
          "time": {
            "0": 6.639,
            "10": 6.636,
            "20": 6.665,
            "30": 6.573
          },
          "accuracy": {
            "0": 100.0,
            "10": 100.0,
            "20": 100.0,
            "30": 100.0
          }
        },
        "observations_avg": 21.142857142857142
      }
    },
    "landmarks_avg": {
      "exhaust": 17.374999999999865,
      "hm": 12.960714285714316,
      "rhw": 12.517857142857192,
      "zg": 12.960714285714316
    },
    "spread": {
      "10": {
        "exhaust": {
          "0": 1.25,
          "10": 1.5119047619047619,
          "20": 1.6428571428571428,
          "30": 1.7261904761904763
        },
        "hm": {
          "0": 1.6785714285714286,
          "10": 1.9404761904761905,
          "20": 2.0714285714285716,
          "30": 2.2142857142857144
        },
        "rhw": {
          "0": 1.6785714285714286,
          "10": 1.9285714285714286,
          "20": 2.0595238095238093,
          "30": 2.1666666666666665
        },
        "zg": {
          "0": 1.6785714285714286,
          "10": 1.9404761904761905,
          "20": 2.0714285714285716,
          "30": 2.2142857142857144
        }
      },