{
  "zeno_travel": {
    "problems": 364,
    "goals_avg": 6.857142857142857,
    "observations": {
      "10": {
        "exhaust": {
          "time": {
            "0": 5.819,
            "10": 5.798,
            "20": 5.823,
            "30": 5.775
          },
          "accuracy": {
            "0": 75.0,
            "10": 89.28571428571429,
            "20": 92.85714285714286,
            "30": 95.23809523809523
          }
        },
        "hm": {
          "time": {
            "0": 10.501,
            "10": 10.545,
            "20": 10.492,
            "30": 10.516
          },
          "accuracy": {
            "0": 73.80952380952381,
            "10": 77.38095238095238,
            "20": 86.90476190476191,
            "30": 88.09523809523809
          }
        },
        "rhw": {
          "time": {
            "0": 5.739,
            "10": 5.742,
            "20": 5.798,
            "30": 5.761
          },
          "accuracy": {
            "0": 75.0,
            "10": 79.76190476190477,
            "20": 86.90476190476191,
            "30": 89.28571428571429
          }
        },
        "zg": {
          "time": {
            "0": 5.798,
            "10": 5.795,
            "20": 5.8,
            "30": 5.791
          },
          "accuracy": {
            "0": 73.80952380952381,
            "10": 77.38095238095238,
            "20": 86.90476190476191,
            "30": 88.09523809523809
          }
        },
        "observations_avg": 2.607142857142857
      },
      "30": {
        "exhaust": {
          "time": {
            "0": 5.248,
            "10": 5.264,
            "20": 5.25,
            "30": 5.243
          },
          "accuracy": {
            "0": 89.28571428571429,
            "10": 95.23809523809523,
            "20": 100.0,
            "30": 100.0
          }
        },
        "hm": {
          "time": {
            "0": 9.563,
            "10": 9.51,
            "20": 9.532,
            "30": 9.552
          },
          "accuracy": {
            "0": 85.71428571428571,
            "10": 91.66666666666666,
            "20": 95.23809523809523,
            "30": 96.42857142857143
          }
        },
        "rhw": {
          "time": {
            "0": 5.208,
            "10": 5.183,
            "20": 5.228,
            "30": 5.185
          },
          "accuracy": {
            "0": 88.09523809523809,
            "10": 95.23809523809523,
            "20": 97.61904761904762,
            "30": 98.80952380952381
          }
        },
        "zg": {
          "time": {
            "0": 5.21,
            "10": 5.189,
            "20": 5.196,
            "30": 5.19
          },
          "accuracy": {
            "0": 85.71428571428571,
            "10": 91.66666666666666,
            "20": 95.23809523809523,
            "30": 96.42857142857143
          }
        },
        "observations_avg": 6.75
      },
      "50": {
        "exhaust": {
          "time": {
            "0": 6.367,
            "10": 6.338,
            "20": 6.361,
            "30": 6.361
          },
          "accuracy": {
            "0": 94.04761904761905,
            "10": 98.80952380952381,
            "20": 100.0,
            "30": 100.0
          }
        },
        "hm": {
          "time": {
            "0": 11.331,
            "10": 11.381,
            "20": 11.344,
            "30": 11.364
          },
          "accuracy": {
            "0": 94.04761904761905,
            "10": 96.42857142857143,
            "20": 100.0,
            "30": 100.0
          }
        },
        "rhw": {
          "time": {
            "0": 6.329,
            "10": 6.331,
            "20": 6.279,
            "30": 6.262
          },
          "accuracy": {
            "0": 96.42857142857143,
            "10": 98.80952380952381,
            "20": 100.0,
            "30": 100.0
          }
        },
        "zg": {
          "time": {
            "0": 6.28,
            "10": 6.294,
            "20": 6.349,
            "30": 6.314
          },
          "accuracy": {
            "0": 94.04761904761905,
            "10": 96.42857142857143,
            "20": 100.0,
            "30": 100.0
          }
        },
        "observations_avg": 10.821428571428571
      },
      "70": {
        "exhaust": {
          "time": {
            "0": 6.342,
            "10": 6.349,
            "20": 6.37,
            "30": 6.384
          },
          "accuracy": {
            "0": 100.0,
            "10": 100.0,
            "20": 100.0,
            "30": 100.0
          }
        },
        "hm": {
          "time": {
            "0": 11.356,
            "10": 11.329,
            "20": 11.41,
            "30": 11.438
          },
          "accuracy": {
            "0": 98.80952380952381,
            "10": 100.0,
            "20": 100.0,
            "30": 100.0
          }
        },
        "rhw": {
          "time": {
            "0": 6.259,
            "10": 6.309,
            "20": 6.295,
            "30": 6.322
          },
          "accuracy": {
            "0": 100.0,
            "10": 100.0,
            "20": 100.0,
            "30": 100.0
          }
        },
        "zg": {
          "time": {
            "0": 6.335,
            "10": 6.287,
            "20": 6.395,
            "30": 6.351
          },
          "accuracy": {
            "0": 98.80952380952381,
            "10": 100.0,
            "20": 100.0,
            "30": 100.0
          }
        },
        "observations_avg": 15.214285714285714
      },
      "100": {
        "exhaust": {
          "time": {
            "0": 6.611,
            "10": 6.64,
            "20": 6.561,
            "30": 6.604
          },
          "accuracy": {
            "0": 100.0,
            "10": 100.0,
            "20": 100.0,
            "30": 100.0
          }
        },
        "hm": {
          "time": {
            "0": 11.72,
            "10": 11.872,
            "20": 11.867,
            "30": 11.704
          },
          "accuracy": {
            "0": 100.0,
            "10": 100.0,
            "20": 100.0,
            "30": 100.0
          }
        },
        "rhw": {
          "time": {
            "0": 6.583,
            "10": 6.564,
            "20": 6.577,
            "30": 6.571
          },
          "accuracy": {
            "0": 100.0,
            "10": 100.0,
            "20": 100.0,
            "30": 100.0
          }
        },
        "zg": {
          "time": {
            "0": 6.636,
            "10": 6.606,
            "20": 6.515,
            "30": 6.539
          },
          "accuracy": {
            "0": 100.0,
            "10": 100.0,
            "20": 100.0,
            "30": 100.0
          }
        },
        "observations_avg": 21.142857142857142
      }
    },
    "landmarks_avg": {
      "exhaust": 17.374999999999865,
      "hm": 12.960714285714316,
      "rhw": 12.517857142857192,
      "zg": 12.960714285714316
    }
  }
}