{
  "zeno_travel": {
    "problems": 364,
    "goals_avg": 6.857142857142857,
    "observations": {
      "10": {
        "exhaust": {
          "time": {
            "0": 6.024,
            "10": 6.074,
            "20": 6.055,
            "30": 6.022
          },
          "accuracy": {
            "0": 75.0,
            "10": 89.28571428571429,
            "20": 92.85714285714286,
            "30": 95.23809523809523
          }
        },
        "hm": {
          "time": {
            "0": 10.879,
            "10": 10.838,
            "20": 10.859,
            "30": 10.887
          },
          "accuracy": {
            "0": 73.80952380952381,
            "10": 77.38095238095238,
            "20": 86.90476190476191,
            "30": 88.09523809523809
          }
        },
        "rhw": {
          "time": {
            "0": 6.007,
            "10": 5.976,
            "20": 6.002,
            "30": 5.973
          },
          "accuracy": {
            "0": 75.0,
            "10": 79.76190476190477,
            "20": 86.90476190476191,
            "30": 89.28571428571429
          }
        },
        "zg": {
          "time": {
            "0": 6.018,
            "10": 6.028,
            "20": 5.985,
            "30": 6.03
          },
          "accuracy": {
            "0": 73.80952380952381,
            "10": 77.38095238095238,
            "20": 86.90476190476191,
            "30": 88.09523809523809
          }
        },
        "observations_avg": 2.607142857142857
      },
      "30": {
        "exhaust": {
          "time": {
            "0": 5.35,
            "10": 5.392,
            "20": 5.367,
            "30": 5.373
          },
          "accuracy": {
            "0": 89.28571428571429,
            "10": 95.23809523809523,
            "20": 100.0,
            "30": 100.0
          }
        },
        "hm": {
          "time": {
            "0": 9.798,
            "10": 9.777,
            "20": 9.742,
            "30": 9.742
          },
          "accuracy": {
            "0": 85.71428571428571,
            "10": 91.66666666666666,
            "20": 95.23809523809523,
            "30": 96.42857142857143
          }
        },
        "rhw": {
          "time": {
            "0": 5.337,
            "10": 5.315,
            "20": 5.323,
            "30": 5.34
          },
          "accuracy": {
            "0": 88.09523809523809,
            "10": 95.23809523809523,
            "20": 97.61904761904762,
            "30": 98.80952380952381
          }
        },
        "zg": {
          "time": {
            "0": 5.397,
            "10": 5.343,
            "20": 5.329,
            "30": 5.336
          },
          "accuracy": {
            "0": 85.71428571428571,
            "10": 91.66666666666666,
            "20": 95.23809523809523,
            "30": 96.42857142857143
          }
        },
        "observations_avg": 6.75
      },
      "50": {
        "exhaust": {
          "time": {
            "0": 6.656,
            "10": 6.647,
            "20": 6.613,
            "30": 6.679
          },
          "accuracy": {
            "0": 94.04761904761905,
            "10": 98.80952380952381,
            "20": 100.0,
            "30": 100.0
          }
        },
        "hm": {
          "time": {
            "0": 11.903,
            "10": 11.812,
            "20": 11.794,
            "30": 11.845
          },
          "accuracy": {
            "0": 94.04761904761905,
            "10": 96.42857142857143,
            "20": 100.0,
            "30": 100.0
          }
        },
        "rhw": {
          "time": {
            "0": 6.611,
            "10": 6.561,
            "20": 6.648,
            "30": 6.597
          },
          "accuracy": {
            "0": 96.42857142857143,
            "10": 98.80952380952381,
            "20": 100.0,
            "30": 100.0
          }
        },
        "zg": {
          "time": {
            "0": 6.613,
            "10": 6.631,
            "20": 6.616,
            "30": 6.62
          },
          "accuracy": {
            "0": 94.04761904761905,
            "10": 96.42857142857143,
            "20": 100.0,
            "30": 100.0
          }
        },
        "observations_avg": 10.821428571428571
      },
      "70": {
        "exhaust": {
          "time": {
            "0": 6.665,
            "10": 6.627,
            "20": 6.654,
            "30": 6.654
          },
          "accuracy": {
            "0": 100.0,
            "10": 100.0,
            "20": 100.0,
            "30": 100.0
          }
        },
        "hm": {
          "time": {
            "0": 11.925,
            "10": 11.829,
            "20": 11.789,
            "30": 11.831
          },
          "accuracy": {
            "0": 98.80952380952381,
            "10": 100.0,
            "20": 100.0,
            "30": 100.0
          }
        },
        "rhw": {
          "time": {
            "0": 6.56,
            "10": 6.609,
            "20": 6.662,
            "30": 6.59
          },
          "accuracy": {
            "0": 100.0,
            "10": 100.0,
            "20": 100.0,
            "30": 100.0
          }
        },
        "zg": {
          "time": {
            "0": 6.631,
            "10": 6.667,
            "20": 6.583,
            "30": 6.615
          },
          "accuracy": {
            "0": 98.80952380952381,
            "10": 100.0,
            "20": 100.0,
            "30": 100.0
          }
        },
        "observations_avg": 15.214285714285714
      },
      "100": {
        "exhaust": {
          "time": {
            "0": 6.963,
            "10": 6.979,
            "20": 7.02,
            "30": 7.005
          },
          "accuracy": {
            "0": 100.0,
            "10": 100.0,
            "20": 100.0,
            "30": 100.0
          }
        },
        "hm": {
          "time": {
            "0": 12.502,
            "10": 12.516,
            "20": 12.493,
            "30": 12.506
          },
          "accuracy": {
            "0": 100.0,
            "10": 100.0,
            "20": 100.0,
            "30": 100.0
          }
        },
        "rhw": {
          "time": {
            "0": 7.019,
            "10": 6.897,
            "20": 6.898,
            "30": 6.956
          },
          "accuracy": {
            "0": 100.0,
            "10": 100.0,
            "20": 100.0,
            "30": 100.0
          }
        },
        "zg": {
          "time": {
            "0": 6.895,
            "10": 7.097,
            "20": 6.932,
            "30": 6.956
          },
          "accuracy": {
            "0": 100.0,
            "10": 100.0,
            "20": 100.0,
            "30": 100.0
          }
        },
        "observations_avg": 21.142857142857142
      }
    },
    "landmarks_avg": {
      "exhaust": 17.374999999999865,
      "hm": 12.960714285714316,
      "rhw": 12.517857142857192,
      "zg": 12.960714285714316
    }
  }
}