{
  "zeno_travel": {
    "problems": 364,
    "goals_avg": 6.857142857142857,
    "observations": {
      "10": {
        "hoffmann": {
          "time": {
            "0": 36.421,
            "10": 36.264,
            "20": 36.294,
            "30": 36.186
          },
          "accuracy": {
            "0": 47.61904761904761,
            "10": 54.761904761904766,
            "20": 59.523809523809526,
            "30": 66.66666666666666
          }
        },
        "observations_avg": 2.607142857142857
      },
      "30": {
        "hoffmann": {
          "time": {
            "0": 22.836,
            "10": 22.652,
            "20": 22.573,
            "30": 22.517
          },
          "accuracy": {
            "0": 60.71428571428571,
            "10": 64.28571428571429,
            "20": 71.42857142857143,
            "30": 82.14285714285714
          }
        },
        "observations_avg": 6.75
      },
      "50": {
        "hoffmann": {
          "time": {
            "0": 61.975,
            "10": 61.698,
            "20": 61.92,
            "30": 62.1
          },
          "accuracy": {
            "0": 78.57142857142857,
            "10": 79.76190476190477,
            "20": 86.90476190476191,
            "30": 92.85714285714286
          }
        },
        "observations_avg": 10.821428571428571
      },
      "70": {
        "hoffmann": {
          "time": {
            "0": 43.964,
            "10": 43.753,
            "20": 43.916,
            "30": 43.886
          },
          "accuracy": {
            "0": 88.09523809523809,
            "10": 89.28571428571429,
            "20": 98.80952380952381,
            "30": 98.80952380952381
          }
        },
        "observations_avg": 15.214285714285714
      },
      "100": {
        "hoffmann": {
          "time": {
            "0": 63.956,
            "10": 63.388,
            "20": 64.687,
            "30": 65.208
          },
          "accuracy": {
            "0": 100.0,
            "10": 100.0,
            "20": 100.0,
            "30": 100.0
          }
        },
        "observations_avg": 21.142857142857142
      }
    },
    "landmarks_avg": {
      "hoffmann": 8.755952380952372
    },
    "spread": {
      "10": {
        "hoffmann": {
          "0": 1.75,
          "10": 1.9880952380952381,
          "20": 2.4047619047619047,
          "30": 2.7738095238095237
        }
      },
      "30": {
        "hoffmann": {
          "0": 1.4880952380952381,
          "10": 1.5952380952380953,
          "20": 2.107142857142857,
          "30": 2.5833333333333335
        }
      },
      "50": {
        "hoffmann": {
          "0": 1.3214285714285714,
          "10": 1.4404761904761905,
          "20": 1.8571428571428572,
          "30": 2.4404761904761907
        }
      },
      "70": {
        "hoffmann": {
          "0": 1.2023809523809523,
          "10": 1.369047619047619,
          "20": 1.9404761904761905,
          "30": 2.642857142857143
        }
      },
      "100": {
        "hoffmann": {
          "0": 1.0714285714285714,
          "10": 1.1071428571428572,
          "20": 1.3928571428571428,
          "30": 2.1785714285714284
        }
      }
    }
  }
}