{
  "zeno_travel": {
    "problems": 364,
    "goals_avg": 6.857142857142857,
    "observations": {
      "10": {
        "exhaust": {
          "time": {
            "0": 12.935,
            "10": 12.794,
            "20": 12.864,
            "30": 12.862
          },
          "accuracy": {
            "0": 73.80952380952381,
            "10": 89.28571428571429,
            "20": 92.85714285714286,
            "30": 95.23809523809523
          }
        },
        "hm": {
          "time": {
            "0": 22.279,
            "10": 21.985,
            "20": 22.129,
            "30": 22.064
          },
          "accuracy": {
            "0": 71.42857142857143,
            "10": 75.0,
            "20": 82.14285714285714,
            "30": 85.71428571428571
          }
        },
        "rhw": {
          "time": {
            "0": 12.836,
            "10": 12.712,
            "20": 12.733,
            "30": 12.749
          },
          "accuracy": {
            "0": 71.42857142857143,
            "10": 77.38095238095238,
            "20": 82.14285714285714,
            "30": 86.90476190476191
          }
        },
        "zg": {
          "time": {
            "0": 12.67,
            "10": 12.775,
            "20": 12.712,
            "30": 12.747
          },
          "accuracy": {
            "0": 71.42857142857143,
            "10": 75.0,
            "20": 82.14285714285714,
            "30": 85.71428571428571
          }
        },
        "observations_avg": 2.607142857142857
      },
      "30": {
        "exhaust": {
          "time": {
            "0": 8.31,
            "10": 8.313,
            "20": 8.261,
            "30": 8.261
          },
          "accuracy": {
            "0": 89.28571428571429,
            "10": 95.23809523809523,
            "20": 100.0,
            "30": 100.0
          }
        },
        "hm": {
          "time": {
            "0": 14.93,
            "10": 14.792,
            "20": 14.806,
            "30": 14.828
          },
          "accuracy": {
            "0": 86.90476190476191,
            "10": 89.28571428571429,
            "20": 94.04761904761905,
            "30": 95.23809523809523
          }
        },
        "rhw": {
          "time": {
            "0": 8.295,
            "10": 8.281,
            "20": 8.167,
            "30": 8.259
          },
          "accuracy": {
            "0": 85.71428571428571,
            "10": 92.85714285714286,
            "20": 96.42857142857143,
            "30": 97.61904761904762
          }
        },
        "zg": {
          "time": {
            "0": 8.265,
            "10": 8.184,
            "20": 8.242,
            "30": 8.254
          },
          "accuracy": {
            "0": 86.90476190476191,
            "10": 89.28571428571429,
            "20": 94.04761904761905,
            "30": 95.23809523809523
          }
        },
        "observations_avg": 6.75
      },
      "50": {
        "exhaust": {
          "time": {
            "0": 20.617,
            "10": 20.675,
            "20": 20.749,
            "30": 20.762
          },
          "accuracy": {
            "0": 92.85714285714286,
            "10": 98.80952380952381,
            "20": 100.0,
            "30": 100.0
          }
        },
        "hm": {
          "time": {
            "0": 37.102,
            "10": 37.132,
            "20": 37.338,
            "30": 37.281
          },
          "accuracy": {
            "0": 95.23809523809523,
            "10": 97.61904761904762,
            "20": 100.0,
            "30": 100.0
          }
        },
        "rhw": {
          "time": {
            "0": 20.546,
            "10": 20.48,
            "20": 20.581,
            "30": 20.727
          },
          "accuracy": {
            "0": 96.42857142857143,
            "10": 98.80952380952381,
            "20": 100.0,
            "30": 100.0
          }
        },
        "zg": {
          "time": {
            "0": 20.55,
            "10": 20.574,
            "20": 20.638,
            "30": 20.632
          },
          "accuracy": {
            "0": 95.23809523809523,
            "10": 97.61904761904762,
            "20": 100.0,
            "30": 100.0
          }
        },
        "observations_avg": 10.821428571428571
      },
      "70": {
        "exhaust": {
          "time": {
            "0": 17.015,
            "10": 16.977,
            "20": 16.982,
            "30": 17.09
          },
          "accuracy": {
            "0": 100.0,
            "10": 100.0,
            "20": 100.0,
            "30": 100.0
          }
        },
        "hm": {
          "time": {
            "0": 29.876,
            "10": 29.619,
            "20": 29.613,
            "30": 29.545
          },
          "accuracy": {
            "0": 100.0,
            "10": 100.0,
            "20": 100.0,
            "30": 100.0
          }
        },
        "rhw": {
          "time": {
            "0": 16.956,
            "10": 16.802,
            "20": 16.885,
            "30": 16.837
          },
          "accuracy": {
            "0": 100.0,
            "10": 100.0,
            "20": 100.0,
            "30": 100.0
          }
        },
        "zg": {
          "time": {
            "0": 17.017,
            "10": 16.85,
            "20": 17.008,
            "30": 16.963
          },
          "accuracy": {
            "0": 100.0,
            "10": 100.0,
            "20": 100.0,
            "30": 100.0
          }
        },
        "observations_avg": 15.214285714285714
      },
      "100": {
        "exhaust": {
          "time": {
            "0": 8.727,
            "10": 8.644,
            "20": 8.736,
            "30": 8.796
          },
          "accuracy": {
            "0": 100.0,
            "10": 100.0,
            "20": 100.0,
            "30": 100.0
          }
        },
        "hm": {
          "time": {
            "0": 15.744,
            "10": 15.805,
            "20": 15.929,
            "30": 15.602
          },
          "accuracy": {
            "0": 100.0,
            "10": 100.0,
            "20": 100.0,
            "30": 100.0
          }
        },
        "rhw": {
          "time": {
            "0": 8.721,
            "10": 8.838,
            "20": 8.653,
            "30": 8.68
          },
          "accuracy": {
            "0": 100.0,
            "10": 100.0,
            "20": 100.0,
            "30": 100.0
          }
        },
        "zg": {
          "time": {
            "0": 8.63,
            "10": 8.742,
            "20": 8.685,
            "30": 8.95
          },
          "accuracy": {
            "0": 100.0,
            "10": 100.0,
            "20": 100.0,
            "30": 100.0
          }
        },
        "observations_avg": 21.142857142857142
      }
    },
    "landmarks_avg": {
      "exhaust": 17.374999999999865,
      "hm": 12.960714285714316,
      "rhw": 12.517857142857192,
      "zg": 12.960714285714316
    },
    "spread": {
      "10": {
        "exhaust": {
          "0": 1.880952380952381,
          "10": 2.9166666666666665,
          "20": 3.357142857142857,
          "30": 4.404761904761905
        },
        "hm": {
          "0": 2.0357142857142856,
          "10": 2.4523809523809526,
          "20": 2.9285714285714284,
          "30": 3.380952380952381
        },
        "rhw": {
          "0": 2.0357142857142856,
          "10": 2.5476190476190474,
          "20": 2.9642857142857144,
          "30": 3.261904761904762
        },
        "zg": {
          "0": 2.0357142857142856,
          "10": 2.4523809523809526,
          "20": 2.9285714285714284,
          "30": 3.380952380952381
        }
      },
      "30": {
        "exhaust": {
          "0": 1.5833333333333333,
          "10": 2.2976190476190474,
          "20": 3.4523809523809526,
          "30": 4.880952380952381
        },
        "hm": {
          "0": 1.5357142857142858,
          "10": 1.9642857142857142,
          "20": 2.6547619047619047,