{
  "zeno_travel": {
    "problems": 364,
    "goals_avg": 6.857142857142857,
    "observations": {
      "10": {
        "exhaust": {
          "time": {
            "0": 8.07,
            "10": 8.045
          },
          "accuracy": {
            "0": 73.80952380952381,
            "10": 89.28571428571429
          },
          "prob_accuracy": {
            "0": 100.0,
            "10": 100.0
          }
        },
        "hm": {
          "time": {
            "0": 13.997,
            "10": 14.03
          },
          "accuracy": {
            "0": 71.42857142857143,
            "10": 75.0
          },
          "prob_accuracy": {
            "0": 100.0,
            "10": 100.0
          }
        },
        "rhw": {
          "time": {
            "0": 8.018,
            "10": 7.934
          },
          "accuracy": {
            "0": 71.42857142857143,
            "10": 77.38095238095238
          },
          "prob_accuracy": {
            "0": 100.0,
            "10": 100.0
          }
        },
        "zg": {
          "time": {
            "0": 7.975,
            "10": 7.945
          },
          "accuracy": {
            "0": 71.42857142857143,
            "10": 75.0
          },
          "prob_accuracy": {
            "0": 100.0,
            "10": 100.0
          }
        },
        "hoffmann": {
          "time": {
            "0": 52.864,
            "10": 52.69
          },
          "accuracy": {
            "0": 47.61904761904761,
            "10": 54.761904761904766
          },
          "prob_accuracy": {
            "0": 100.0,
            "10": 100.0
          }
        },
        "observations_avg": 2.607142857142857
      },
      "30": {
        "exhaust": {
          "time": {
            "0": 7.965,
            "10": 7.921
          },
          "accuracy": {
            "0": 89.28571428571429,
            "10": 95.23809523809523
          },
          "prob_accuracy": {
            "0": 100.0,
            "10": 100.0
          }
        },
        "hm": {
          "time": {
            "0": 13.929,
            "10": 13.923
          },
          "accuracy": {
            "0": 86.90476190476191,
            "10": 89.28571428571429
          },
          "prob_accuracy": {
            "0": 100.0,
            "10": 100.0
          }
        },
        "rhw": {
          "time": {
            "0": 7.858,
            "10": 7.888
          },
          "accuracy": {
            "0": 85.71428571428571,
            "10": 92.85714285714286
          },
          "prob_accuracy": {
            "0": 100.0,
            "10": 100.0
          }
        },
        "zg": {
          "time": {
            "0": 7.876,
            "10": 7.886
          },
          "accuracy": {
            "0": 86.90476190476191,
            "10": 89.28571428571429
          },
          "prob_accuracy": {
            "0": 100.0,
            "10": 100.0
          }
        },
        "hoffmann": {
          "time": {
            "0": 52.118,
            "10": 51.934
          },
          "accuracy": {
            "0": 60.71428571428571,
            "10": 64.28571428571429
          },
          "prob_accuracy": {
            "0": 100.0,
            "10": 100.0
          }
        },
        "observations_avg": 6.75
      },
      "50": {
        "exhaust": {
          "time": {
            "0": 6.458,
            "10": 6.424
          },
          "accuracy": {
            "0": 92.85714285714286,
            "10": 98.80952380952381
          },
          "prob_accuracy": {
            "0": 100.0,
            "10": 100.0
          }
        },
        "hm": {
          "time": {
            "0": 11.365,
            "10": 11.388
          },
          "accuracy": {
            "0": 95.23809523809523,
            "10": 97.61904761904762
          },
          "prob_accuracy": {
            "0": 100.0,
            "10": 100.0
          }
        },
        "rhw": {
          "time": {
            "0": 6.383,
            "10": 6.405
          },
          "accuracy": {
            "0": 96.42857142857143,
            "10": 98.80952380952381
          },
          "prob_accuracy": {
            "0": 100.0,
            "10": 100.0
          }
        },
        "zg": {
          "time": {
            "0": 6.392,
            "10": 6.382
          },
          "accuracy": {
            "0": 95.23809523809523,
            "10": 97.61904761904762
          },
          "prob_accuracy": {
            "0": 100.0,
            "10": 100.0
          }
        },
        "hoffmann": {
          "time": {
            "0": 48.154,
            "10": 48.16
          },
          "accuracy": {
            "0": 78.57142857142857,
            "10": 79.76190476190477
          },
          "prob_accuracy": {
            "0": 100.0,
            "10": 100.0
          }
        },
        "observations_avg": 10.821428571428571
      },
      "70": {
        "exhaust": {
          "time": {
            "0": 8.054,
            "10": 8.055
          },
          "accuracy": {
            "0": 100.0,
            "10": 100.0
          },
          "prob_accuracy": {
            "0": 100.0,
            "10": 100.0
          }
        },
        "hm": {
          "time": {
            "0": 14.111,
            "10": 14.16
          },
          "accuracy": {
            "0": 100.0,
            "10": 100.0
          },
          "prob_accuracy": {
            "0": 100.0,
            "10": 100.0
          }
        },
        "rhw": {
          "time": {
            "0": 7.975,
            "10": 7.969
          },
          "accuracy": {
            "0": 100.0,
            "10": 100.0
          },
          "prob_accuracy": {
            "0": 100.0,
            "10": 100.0
          }
        },
        "zg": {
          "time": {
            "0": 7.963,
            "10": 8.021
          },
          "accuracy": {
            "0": 100.0,
            "10": 100.0
          },
          "prob_accuracy": {
            "0": 100.0,
            "10": 100.0
          }
        },
        "hoffmann": {
          "time": {
            "0": 52.936,
            "10": 52.743
          },
          "accuracy": {
            "0": 88.09523809523809,
            "10": 89.28571428571429
          },
          "prob_accuracy": {
            "0": 100.0,
            "10": 100.0
          }
        },
        "observations_avg": 15.214285714285714
      },
      "100": {
        "exhaust": {
          "time": {
            "0": 7.916,
            "10": 8.077
          },
          "accuracy": {
            "0": 100.0,
            "10": 100.0
          },
          "prob_accuracy": {
            "0": 100.0,
            "10": 100.0
          }
        },
        "hm": {
          "time": {
            "0": 14.108,
            "10": 14.117
          },
          "accuracy": {
            "0": 100.0,
            "10": 100.0
          },
          "prob_accuracy": {
            "0": 100.0,
            "10": 100.0
          }
        },
        "rhw": {
          "time": {
            "0": 7.825,
            "10": 8.018
          },
          "accuracy": {
            "0": 100.0,
            "10": 100.0
          },
          "prob_accuracy": {
            "0": 100.0,
            "10": 100.0
          }
        },
        "zg": {
          "time": {
            "0": 7.89,
            "10": 7.989
          },
          "accuracy": {
            "0": 100.0,
            "10": 100.0
          },
          "prob_accuracy": {
            "0": 100.0,
            "10": 100.0
          }
        },
        "hoffmann": {
          "time": {
            "0": 52.619,
            "10": 52.91
          },
          "accuracy": {
            "0": 100.0,
            "10": 100.0
          },
          "prob_accuracy": {
            "0": 100.0,
            "10": 100.0
          }
        },
        "observations_avg": 21.142857142857142
      }
    },
    "landmarks_avg": {
      "exhaust": 17.375000000000064,