{
  "zeno_travel": {
    "problems": 364,
    "goals_avg": 6.857142857142857,
    "observations": {
      "10": {
        "exhaust": {
          "time": {
            "0": 7.512,
            "10": 7.592
          },
          "accuracy": {
            "0": 73.80952380952381,
            "10": 89.28571428571429
          }
        },
        "hm": {
          "time": {
            "0": 13.41,
            "10": 13.392
          },
          "accuracy": {
            "0": 71.42857142857143,
            "10": 75.0
          }
        },
        "rhw": {
          "time": {
            "0": 7.468,
            "10": 7.469
          },
          "accuracy": {
            "0": 71.42857142857143,
            "10": 77.38095238095238
          }
        },
        "zg": {
          "time": {
            "0": 7.489,
            "10": 7.491
          },
          "accuracy": {
            "0": 71.42857142857143,
            "10": 75.0
          }
        },
        "hoffmann": {
          "time": {
            "0": 13.878,
            "10": 14.046
          },
          "accuracy": {
            "0": 47.61904761904761,
            "10": 54.761904761904766
          }
        },
        "observations_avg": 2.607142857142857
      },
      "30": {
        "exhaust": {
          "time": {
            "0": 6.328,
            "10": 6.306
          },
          "accuracy": {
            "0": 89.28571428571429,
            "10": 95.23809523809523
          }
        },
        "hm": {
          "time": {
            "0": 11.351,
            "10": 11.35
          },
          "accuracy": {
            "0": 86.90476190476191,
            "10": 89.28571428571429
          }
        },
        "rhw": {
          "time": {
            "0": 6.278,
            "10": 6.244
          },
          "accuracy": {
            "0": 85.71428571428571,
            "10": 92.85714285714286
          }
        },
        "zg": {
          "time": {
            "0": 6.352,
            "10": 6.29
          },
          "accuracy": {
            "0": 86.90476190476191,
            "10": 89.28571428571429
          }
        },
        "hoffmann": {
          "time": {
            "0": 11.524,
            "10": 11.693
          },
          "accuracy": {
            "0": 60.71428571428571,
            "10": 64.28571428571429
          }
        },
        "observations_avg": 6.75
      },
      "50": {
        "exhaust": {
          "time": {
            "0": 8.301,
            "10": 8.32
          },
          "accuracy": {
            "0": 92.85714285714286,
            "10": 98.80952380952381
          }
        },
        "hm": {
          "time": {
            "0": 14.918,
            "10": 14.747
          },
          "accuracy": {
            "0": 95.23809523809523,
            "10": 97.61904761904762
          }
        },
        "rhw": {
          "time": {
            "0": 8.253,
            "10": 8.201
          },
          "accuracy": {
            "0": 96.42857142857143,
            "10": 98.80952380952381
          }
        },
        "zg": {
          "time": {
            "0": 8.324,
            "10": 8.206
          },
          "accuracy": {
            "0": 95.23809523809523,
            "10": 97.61904761904762
          }
        },
        "hoffmann": {
          "time": {
            "0": 15.535,
            "10": 15.371
          },
          "accuracy": {
            "0": 78.57142857142857,
            "10": 79.76190476190477
          }
        },
        "observations_avg": 10.821428571428571
      },
      "70": {
        "exhaust": {
          "time": {
            "0": 8.341,
            "10": 8.489
          },
          "accuracy": {
            "0": 100.0,
            "10": 100.0
          }
        },
        "hm": {
          "time": {
            "0": 14.896,
            "10": 15.035
          },
          "accuracy": {
            "0": 100.0,
            "10": 100.0
          }
        },
        "rhw": {
          "time": {
            "0": 8.332,
            "10": 8.345
          },
          "accuracy": {
            "0": 100.0,
            "10": 100.0
          }
        },
        "zg": {
          "time": {
            "0": 8.334,
            "10": 8.178
          },
          "accuracy": {
            "0": 100.0,
            "10": 100.0
          }
        },
        "hoffmann": {
          "time": {
            "0": 15.76,
            "10": 15.467
          },
          "accuracy": {
            "0": 88.09523809523809,
            "10": 89.28571428571429
          }
        },
        "observations_avg": 15.214285714285714
      },
      "100": {
        "exhaust": {
          "time": {
            "0": 8.515,
            "10": 8.606
          },
          "accuracy": {
            "0": 100.0,
            "10": 100.0
          }
        },
        "hm": {
          "time": {
            "0": 15.295,
            "10": 15.404
          },
          "accuracy": {
            "0": 100.0,
            "10": 100.0
          }
        },
        "rhw": {
          "time": {
            "0": 8.6,
            "10": 8.307
          },
          "accuracy": {
            "0": 100.0,
            "10": 100.0
          }
        },
        "zg": {
          "time": {
            "0": 8.399,
            "10": 8.408
          },
          "accuracy": {
            "0": 100.0,
            "10": 100.0
          }
        },
        "hoffmann": {
          "time": {
            "0": 16.074,
            "10": 15.84
          },
          "accuracy": {
            "0": 100.0,
            "10": 100.0
          }
        },
        "observations_avg": 21.142857142857142
      }
    },
    "landmarks_avg": {
      "exhaust": 17.375000000000068,
      "hm": 12.9607142857143,
      "rhw": 12.517857142857117,
      "zg": 12.9607142857143,
      "hoffmann": 8.755952380952385
    },
    "spread": {
      "10": {
        "exhaust": {
          "0": 1.880952380952381,
          "10": 2.9166666666666665
        },
        "hm": {
          "0": 2.0357142857142856,
          "10": 2.4523809523809526
        },
        "rhw": {
          "0": 2.0357142857142856,
          "10": 2.5476190476190474
        },
        "zg": {
          "0": 2.0357142857142856,
          "10": 2.4523809523809526
        },
        "hoffmann": {
          "0": 1.75,
          "10": 1.9880952380952381
        }
      },
      "30": {
        "exhaust": {
          "0": 1.5833333333333333,
          "10": 2.2976190476190474
        },
        "hm": {
          "0": 1.5357142857142858,
          "10": 1.9642857142857142
        },
        "rhw": {
          "0": 1.5,
          "10": 1.9523809523809523
        },
        "zg": {
          "0": 1.5357142857142858,
          "10": 1.9642857142857142
        },
        "hoffmann": {
          "0": 1.4880952380952381,
          "10": 1.5952380952380953
        }
      },
      "50": {
        "exhaust": {
          "0": 1.1428571428571428,
          "10": 1.5476190476190477
        },
        "hm": {
          "0": 1.2261904761904763,
          "10": 1.4523809523809523
        },
        "rhw": {
          "0": 1.1785714285714286,
          "10": 1.4761904761904763
        },
        "zg": {
          "0": 1.2261904761904763,
          "10": 1.4523809523809523
        },
        "hoffmann": {
          "0": 1.3214285714285714,
          "10": 1.4404761904761905
        }
      },
      "70": {
        "exhaust": {
          "0": 1.0476190476190477,
          "10": 1.1904761904761905
        },
        "hm": {
          "0": 1.0595238095238095,
          "10": 1.2023809523809523
        },
        "rhw": {
          "0": 1.0476190476190477,
          "10": 1.130952380952381
        },
        "zg": {
          "0": 1.0595238095238095,
          "10": 1.2023809523809523
        },
        "hoffmann": {
          "0": 1.2023809523809523,
          "10": 1.369047619047619
        }
      },
      "100": {
        "exhaust": {
          "0": 1.0,