{
  "rovers": {
    "problems": 364,
    "goals_avg": 6.0,
    "observations": {
      "10": {
        "exhaust": {
          "time": {
            "0": 12.15,
            "10": 12.112,
            "20": 12.205,
            "30": 12.201
          },
          "accuracy": {
            "0": 59.523809523809526,
            "10": 95.23809523809523,
            "20": 100.0,
            "30": 100.0
          }
        },
        "hm": {
          "time": {
            "0": 15.156,
            "10": 15.297,
            "20": 15.034,
            "30": 15.151
          },
          "accuracy": {
            "0": 86.90476190476191,
            "10": 94.04761904761905,
            "20": 98.80952380952381,
            "30": 100.0
          }
        },
        "rhw": {
          "time": {
            "0": 12.072,
            "10": 12.138,
            "20": 12.163,
            "30": 12.117
          },
          "accuracy": {
            "0": 80.95238095238095,
            "10": 92.85714285714286,
            "20": 98.80952380952381,
            "30": 98.80952380952381
          }
        },
        "zg": {
          "time": {
            "0": 12.142,
            "10": 12.143,
            "20": 12.136,
            "30": 12.152
          },
          "accuracy": {
            "0": 86.90476190476191,
            "10": 97.61904761904762,
            "20": 100.0,
            "30": 100.0
          }
        },
        "observations_avg": 3.0
      },
      "30": {
        "exhaust": {
          "time": {
            "0": 10.625,
            "10": 10.601,
            "20": 10.753,
            "30": 10.634
          },
          "accuracy": {
            "0": 91.66666666666666,
            "10": 98.80952380952381,
            "20": 100.0,
            "30": 100.0
          }
        },
        "hm": {
          "time": {
            "0": 13.225,
            "10": 13.194,
            "20": 13.189,
            "30": 13.231
          },
          "accuracy": {
            "0": 100.0,
            "10": 100.0,
            "20": 100.0,
            "30": 100.0
          }
        },
        "rhw": {
          "time": {
            "0": 10.668,
            "10": 10.688,
            "20": 10.655,
            "30": 10.648
          },
          "accuracy": {
            "0": 98.80952380952381,
            "10": 98.80952380952381,
            "20": 100.0,
            "30": 100.0
          }
        },
        "zg": {
          "time": {
            "0": 10.575,
            "10": 10.64,
            "20": 10.632,
            "30": 10.716
          },
          "accuracy": {
            "0": 100.0,
            "10": 100.0,
            "20": 100.0,
            "30": 100.0
          }
        },
        "observations_avg": 7.928571428571429
      },
      "50": {
        "exhaust": {
          "time": {
            "0": 12.684,
            "10": 12.695,
            "20": 12.662,
            "30": 12.692
          },
          "accuracy": {
            "0": 95.23809523809523,
            "10": 100.0,
            "20": 100.0,
            "30": 100.0
          }
        },
        "hm": {
          "time": {
            "0": 15.834,
            "10": 15.921,
            "20": 15.984,
            "30": 16.043
          },
          "accuracy": {
            "0": 100.0,
            "10": 100.0,
            "20": 100.0,
            "30": 100.0
          }
        },
        "rhw": {
          "time": {
            "0": 12.591,
            "10": 12.66,
            "20": 12.694,
            "30": 12.737
          },
          "accuracy": {
            "0": 96.42857142857143,
            "10": 98.80952380952381,
            "20": 100.0,
            "30": 100.0
          }
        },
        "zg": {
          "time": {
            "0": 12.724,
            "10": 12.641,
            "20": 12.76,
            "30": 12.7
          },
          "accuracy": {
            "0": 100.0,
            "10": 100.0,
            "20": 100.0,
            "30": 100.0
          }
        },
        "observations_avg": 12.75
      },
      "70": {
        "exhaust": {
          "time": {
            "0": 14.959,
            "10": 15.04,
            "20": 15.007,
            "30": 14.954
          },
          "accuracy": {
            "0": 98.80952380952381,
            "10": 100.0,
            "20": 100.0,
            "30": 100.0
          }
        },
        "hm": {
          "time": {
            "0": 18.99,
            "10": 19.091,
            "20": 19.036,
            "30": 19.002
          },
          "accuracy": {
            "0": 100.0,
            "10": 100.0,
            "20": 100.0,
            "30": 100.0
          }
        },
        "rhw": {
          "time": {
            "0": 15.037,
            "10": 15.004,
            "20": 15.004,
            "30": 14.945
          },
          "accuracy": {
            "0": 100.0,
            "10": 100.0,
            "20": 100.0,
            "30": 100.0
          }
        },
        "zg": {
          "time": {
            "0": 14.972,
            "10": 14.998,
            "20": 14.884,
            "30": 14.959
          },
          "accuracy": {
            "0": 100.0,
            "10": 100.0,
            "20": 100.0,
            "30": 100.0
          }
        },
        "observations_avg": 17.964285714285715
      },
      "100": {
        "exhaust": {
          "time": {
            "0": 5.488,
            "10": 5.489,
            "20": 5.42,
            "30": 5.558
          },
          "accuracy": {
            "0": 100.0,
            "10": 100.0,
            "20": 100.0,
            "30": 100.0
          }
        },
        "hm": {
          "time": {
            "0": 6.943,
            "10": 7.095,
            "20": 7.031,
            "30": 7.0
          },
          "accuracy": {
            "0": 100.0,
            "10": 100.0,
            "20": 100.0,
            "30": 100.0
          }
        },
        "rhw": {
          "time": {
            "0": 5.529,
            "10": 5.464,
            "20": 5.426,
            "30": 5.52
          },
          "accuracy": {
            "0": 100.0,
            "10": 100.0,
            "20": 100.0,
            "30": 100.0
          }
        },
        "zg": {
          "time": {
            "0": 5.485,
            "10": 5.442,
            "20": 5.551,
            "30": 5.569
          },
          "accuracy": {
            "0": 100.0,
            "10": 100.0,
            "20": 100.0,
            "30": 100.0
          }
        },
        "observations_avg": 24.928571428571427
      }
    },
    "landmarks_avg": {
      "exhaust": 40.52197802197827,
      "hm": 17.928571428571427,
      "rhw": 24.40476190476189,
      "zg": 17.523809523809458
    },
    "spread": {
      "10": {
        "exhaust": {
          "0": 1.5357142857142858,
          "10": 3.0595238095238093,
          "20": 3.7023809523809526,
          "30": 4.083333333333333
        },
        "hm": {
          "0": 2.011904761904762,
          "10": 2.369047619047619,
          "20": 2.9404761904761907,
          "30": 3.4166666666666665
        },
        "rhw": {
          "0": 1.9880952380952381,
          "10": 2.4642857142857144,
          "20": 2.869047619047619,
          "30": 3.3214285714285716
        },
        "zg": {
          "0": 2.011904761904762,
          "10": 2.619047619047619,
          "20": 2.988095238095238,
          "30": 3.3452380952380953
        }
      },
      "30": {
        "exhaust": {
          "0": 1.2738095238095237,
          "10": 2.25,
          "20": 3.619047619047619,
          "30": 4.559523809523809
        },
        "hm": {
          "0": 1.2857142857142858,
          "10": 1.7023809523809523,
          "20": 2.392857142857143,
          "30": 3.0238095238095237
        },
        "rhw": {
          "0": 1.2857142857142858,
          "10": 1.7023809523809523,
          "20": 2.369047619047619,
          "30": 2.9285714285714284
        },
        "zg": {
          "0": 1.2738095238095237,