{
  "rovers": {
    "problems": 364,
    "goals_avg": 6.0,
    "observations": {
      "10": {
        "exhaust": {
          "time": {
            "0": 4.818,
            "10": 4.857,
            "20": 4.856,
            "30": 4.826
          },
          "accuracy": {
            "0": 59.523809523809526,
            "10": 95.23809523809523,
            "20": 100.0,
            "30": 100.0
          }
        },
        "hm": {
          "time": {
            "0": 6.185,
            "10": 6.114,
            "20": 6.126,
            "30": 6.15
          },
          "accuracy": {
            "0": 86.90476190476191,
            "10": 94.04761904761905,
            "20": 98.80952380952381,
            "30": 100.0
          }
        },
        "rhw": {
          "time": {
            "0": 4.85,
            "10": 4.818,
            "20": 4.823,
            "30": 4.833
          },
          "accuracy": {
            "0": 80.95238095238095,
            "10": 92.85714285714286,
            "20": 98.80952380952381,
            "30": 98.80952380952381
          }
        },
        "zg": {
          "time": {
            "0": 4.762,
            "10": 4.852,
            "20": 4.795,
            "30": 4.849
          },
          "accuracy": {
            "0": 86.90476190476191,
            "10": 97.61904761904762,
            "20": 100.0,
            "30": 100.0
          }
        },
        "observations_avg": 3.0
      },
      "30": {
        "exhaust": {
          "time": {
            "0": 4.743,
            "10": 4.749,
            "20": 4.765,
            "30": 4.753
          },
          "accuracy": {
            "0": 91.66666666666666,
            "10": 98.80952380952381,
            "20": 100.0,
            "30": 100.0
          }
        },
        "hm": {
          "time": {
            "0": 6.086,
            "10": 6.068,
            "20": 6.111,
            "30": 6.071
          },
          "accuracy": {
            "0": 100.0,
            "10": 100.0,
            "20": 100.0,
            "30": 100.0
          }
        },
        "rhw": {
          "time": {
            "0": 4.777,
            "10": 4.727,
            "20": 4.738,
            "30": 4.795
          },
          "accuracy": {
            "0": 98.80952380952381,
            "10": 98.80952380952381,
            "20": 100.0,
            "30": 100.0
          }
        },
        "zg": {
          "time": {
            "0": 4.781,
            "10": 4.725,
            "20": 4.723,
            "30": 4.757
          },
          "accuracy": {
            "0": 100.0,
            "10": 100.0,
            "20": 100.0,
            "30": 100.0
          }
        },
        "observations_avg": 7.928571428571429
      },
      "50": {
        "exhaust": {
          "time": {
            "0": 4.578,
            "10": 4.598,
            "20": 4.503,
            "30": 4.556
          },
          "accuracy": {
            "0": 95.23809523809523,
            "10": 100.0,
            "20": 100.0,
            "30": 100.0
          }
        },
        "hm": {
          "time": {
            "0": 5.801,
            "10": 5.767,
            "20": 5.793,
            "30": 5.796
          },
          "accuracy": {
            "0": 100.0,
            "10": 100.0,
            "20": 100.0,
            "30": 100.0
          }
        },
        "rhw": {
          "time": {
            "0": 4.579,
            "10": 4.57,
            "20": 4.529,
            "30": 4.568
          },
          "accuracy": {
            "0": 96.42857142857143,
            "10": 98.80952380952381,
            "20": 100.0,
            "30": 100.0
          }
        },
        "zg": {
          "time": {
            "0": 4.543,
            "10": 4.541,
            "20": 4.562,
            "30": 4.51
          },
          "accuracy": {
            "0": 100.0,
            "10": 100.0,
            "20": 100.0,
            "30": 100.0
          }
        },
        "observations_avg": 12.75
      },
      "70": {
        "exhaust": {
          "time": {
            "0": 4.753,
            "10": 4.735,
            "20": 4.765,
            "30": 4.791
          },
          "accuracy": {
            "0": 98.80952380952381,
            "10": 100.0,
            "20": 100.0,
            "30": 100.0
          }
        },
        "hm": {
          "time": {
            "0": 6.055,
            "10": 6.068,
            "20": 6.104,
            "30": 6.085
          },
          "accuracy": {
            "0": 100.0,
            "10": 100.0,
            "20": 100.0,
            "30": 100.0
          }
        },
        "rhw": {
          "time": {
            "0": 4.775,
            "10": 4.767,
            "20": 4.734,
            "30": 4.745
          },
          "accuracy": {
            "0": 100.0,
            "10": 100.0,
            "20": 100.0,
            "30": 100.0
          }
        },
        "zg": {
          "time": {
            "0": 4.764,
            "10": 4.74,
            "20": 4.721,
            "30": 4.764
          },
          "accuracy": {
            "0": 100.0,
            "10": 100.0,
            "20": 100.0,
            "30": 100.0
          }
        },
        "observations_avg": 17.964285714285715
      },
      "100": {
        "exhaust": {
          "time": {
            "0": 4.941,
            "10": 5.044,
            "20": 4.969,
            "30": 5.04
          },
          "accuracy": {
            "0": 100.0,
            "10": 100.0,
            "20": 100.0,
            "30": 100.0
          }
        },
        "hm": {
          "time": {
            "0": 6.245,
            "10": 6.259,
            "20": 6.375,
            "30": 6.294
          },
          "accuracy": {
            "0": 100.0,
            "10": 100.0,
            "20": 100.0,
            "30": 100.0
          }
        },
        "rhw": {
          "time": {
            "0": 4.871,
            "10": 4.982,
            "20": 4.938,
            "30": 4.97
          },
          "accuracy": {
            "0": 100.0,
            "10": 100.0,
            "20": 100.0,
            "30": 100.0
          }
        },
        "zg": {
          "time": {
            "0": 5.086,
            "10": 5.04,
            "20": 4.923,
            "30": 4.996
          },
          "accuracy": {
            "0": 100.0,
            "10": 100.0,
            "20": 100.0,
            "30": 100.0
          }
        },
        "observations_avg": 24.928571428571427
      }
    },
    "landmarks_avg": {
      "exhaust": 40.52197802197827,
      "hm": 17.928571428571427,
      "rhw": 24.40476190476189,
      "zg": 17.523809523809458
    },
    "spread": {
      "10": {
        "exhaust": {
          "0": 1.5357142857142858,
          "10": 3.0595238095238093,
          "20": 3.7023809523809526,
          "30": 4.083333333333333
        },
        "hm": {
          "0": 2.011904761904762,
          "10": 2.369047619047619,
          "20": 2.9404761904761907,
          "30": 3.4166666666666665
        },
        "rhw": {
          "0": 1.9880952380952381,
          "10": 2.4642857142857144,
          "20": 2.869047619047619,
          "30": 3.3214285714285716
        },
        "zg": {
          "0": 2.011904761904762,
          "10": 2.619047619047619,
          "20": 2.988095238095238,
          "30": 3.3452380952380953
        }
      },
      "30": {
        "exhaust": {
          "0": 1.2738095238095237,
          "10": 2.25,
          "20": 3.619047619047619,
          "30": 4.559523809523809
        },
        "hm": {
          "0": 1.2857142857142858,
          "10": 1.7023809523809523,
          "20": 2.392857142857143,
          "30": 3.0238095238095237
        },
        "rhw": {
          "0": 1.2857142857142858,
          "10": 1.7023809523809523,
          "20": 2.369047619047619,
          "30": 2.9285714285714284
        },
        "zg": {
          "0": 1.2738095238095237,
          "10": 1.6904761904761905,