{
  "rovers": {
    "problems": 364,
    "goals_avg": 6.0,
    "observations": {
      "10": {
        "exhaust": {
          "time": {
            "0": 4.816,
            "10": 4.811,
            "20": 4.781,
            "30": 4.769
          },
          "accuracy": {
            "0": 59.523809523809526,
            "10": 95.23809523809523,
            "20": 100.0,
            "30": 100.0
          }
        },
        "hm": {
          "time": {
            "0": 6.109,
            "10": 6.067,
            "20": 6.13,
            "30": 6.098
          },
          "accuracy": {
            "0": 86.90476190476191,
            "10": 94.04761904761905,
            "20": 98.80952380952381,
            "30": 100.0
          }
        },
        "rhw": {
          "time": {
            "0": 4.751,
            "10": 4.788,
            "20": 4.759,
            "30": 4.812
          },
          "accuracy": {
            "0": 80.95238095238095,
            "10": 92.85714285714286,
            "20": 98.80952380952381,
            "30": 98.80952380952381
          }
        },
        "zg": {
          "time": {
            "0": 4.822,
            "10": 4.747,
            "20": 4.81,
            "30": 4.743
          },
          "accuracy": {
            "0": 86.90476190476191,
            "10": 97.61904761904762,
            "20": 100.0,
            "30": 100.0
          }
        },
        "observations_avg": 3.0
      },
      "30": {
        "exhaust": {
          "time": {
            "0": 4.699,
            "10": 4.721,
            "20": 4.73,
            "30": 4.727
          },
          "accuracy": {
            "0": 91.66666666666666,
            "10": 98.80952380952381,
            "20": 100.0,
            "30": 100.0
          }
        },
        "hm": {
          "time": {
            "0": 6.017,
            "10": 6.014,
            "20": 6.02,
            "30": 6.052
          },
          "accuracy": {
            "0": 100.0,
            "10": 100.0,
            "20": 100.0,
            "30": 100.0
          }
        },
        "rhw": {
          "time": {
            "0": 4.713,
            "10": 4.729,
            "20": 4.742,
            "30": 4.716
          },
          "accuracy": {
            "0": 98.80952380952381,
            "10": 98.80952380952381,
            "20": 100.0,
            "30": 100.0
          }
        },
        "zg": {
          "time": {
            "0": 4.698,
            "10": 4.699,
            "20": 4.708,
            "30": 4.712
          },
          "accuracy": {
            "0": 100.0,
            "10": 100.0,
            "20": 100.0,
            "30": 100.0
          }
        },
        "observations_avg": 7.928571428571429
      },
      "50": {
        "exhaust": {
          "time": {
            "0": 4.777,
            "10": 4.729,
            "20": 4.775,
            "30": 4.738
          },
          "accuracy": {
            "0": 95.23809523809523,
            "10": 100.0,
            "20": 100.0,
            "30": 100.0
          }
        },
        "hm": {
          "time": {
            "0": 6.065,
            "10": 6.068,
            "20": 6.065,
            "30": 6.066
          },
          "accuracy": {
            "0": 100.0,
            "10": 100.0,
            "20": 100.0,
            "30": 100.0
          }
        },
        "rhw": {
          "time": {
            "0": 4.75,
            "10": 4.74,
            "20": 4.729,
            "30": 4.779
          },
          "accuracy": {
            "0": 96.42857142857143,
            "10": 98.80952380952381,
            "20": 100.0,
            "30": 100.0
          }
        },
        "zg": {
          "time": {
            "0": 4.745,
            "10": 4.75,
            "20": 4.739,
            "30": 4.758
          },
          "accuracy": {
            "0": 100.0,
            "10": 100.0,
            "20": 100.0,
            "30": 100.0
          }
        },
        "observations_avg": 12.75
      },
      "70": {
        "exhaust": {
          "time": {
            "0": 4.816,
            "10": 4.81,
            "20": 4.8,
            "30": 4.77
          },
          "accuracy": {
            "0": 98.80952380952381,
            "10": 100.0,
            "20": 100.0,
            "30": 100.0
          }
        },
        "hm": {
          "time": {
            "0": 6.103,
            "10": 6.079,
            "20": 6.064,
            "30": 6.112
          },
          "accuracy": {
            "0": 100.0,
            "10": 100.0,
            "20": 100.0,
            "30": 100.0
          }
        },
        "rhw": {
          "time": {
            "0": 4.767,
            "10": 4.812,
            "20": 4.765,
            "30": 4.808
          },
          "accuracy": {
            "0": 100.0,
            "10": 100.0,
            "20": 100.0,
            "30": 100.0
          }
        },
        "zg": {
          "time": {
            "0": 4.819,
            "10": 4.745,
            "20": 4.773,
            "30": 4.75
          },
          "accuracy": {
            "0": 100.0,
            "10": 100.0,
            "20": 100.0,
            "30": 100.0
          }
        },
        "observations_avg": 17.964285714285715
      },
      "100": {
        "exhaust": {
          "time": {
            "0": 5.115,
            "10": 5.172,
            "20": 5.205,
            "30": 5.181
          },
          "accuracy": {
            "0": 100.0,
            "10": 100.0,
            "20": 100.0,
            "30": 100.0
          }
        },
        "hm": {
          "time": {
            "0": 6.595,
            "10": 6.556,
            "20": 6.558,
            "30": 6.532
          },
          "accuracy": {
            "0": 100.0,
            "10": 100.0,
            "20": 100.0,
            "30": 100.0
          }
        },
        "rhw": {
          "time": {
            "0": 5.27,
            "10": 5.067,
            "20": 5.137,
            "30": 5.167
          },
          "accuracy": {
            "0": 100.0,
            "10": 100.0,
            "20": 100.0,
            "30": 100.0
          }
        },
        "zg": {
          "time": {
            "0": 5.08,
            "10": 5.235,
            "20": 5.111,
            "30": 5.158
          },
          "accuracy": {
            "0": 100.0,
            "10": 100.0,
            "20": 100.0,
            "30": 100.0
          }
        },
        "observations_avg": 24.928571428571427
      }
    },
    "landmarks_avg": {
      "exhaust": 40.52197802197827,
      "hm": 17.928571428571427,
      "rhw": 24.40476190476189,
      "zg": 17.523809523809458
    }
  }
}