{
  "rovers": {
    "problems": 364,
    "goals_avg": 6.0,
    "landmarks_avg": 40.52197802197808,
    "observations": {
      "10": {
        "exhaust": {
          "time": {
            "0": 22.043,
            "10": 21.992,
            "20": 21.985,
            "30": 21.931
          },
          "accuracy": {
            "0": 0.0,
            "10": 0.0,
            "20": 0.0,
            "30": 0.0
          }
        },
        "hm": {
          "time": {
            "0": 0.0,
            "10": 0.0,
            "20": 0.0,
            "30": 0.0
          },
          "accuracy": {
            "0": 0.0,
            "10": 0.0,
            "20": 0.0,
            "30": 0.0
          }
        },
        "rhw": {
          "time": {
            "0": 0.0,
            "10": 0.0,
            "20": 0.0,
            "30": 0.0
          },
          "accuracy": {
            "0": 0.0,
            "10": 0.0,
            "20": 0.0,
            "30": 0.0
          }
        },
        "zg": {
          "time": {
            "0": 0.0,
            "10": 0.0,
            "20": 0.0,
            "30": 0.0
          },
          "accuracy": {
            "0": 0.0,
            "10": 0.0,
            "20": 0.0,
            "30": 0.0
          }
        },
        "observations_avg": 3.0
      },
      "30": {
        "exhaust": {
          "time": {
            "0": 20.182,
            "10": 20.159,
            "20": 20.152,
            "30": 20.2
          },
          "accuracy": {
            "0": 0.0,
            "10": 0.0,
            "20": 0.0,
            "30": 0.0
          }
        },
        "hm": {
          "time": {
            "0": 0.0,
            "10": 0.0,
            "20": 0.0,
            "30": 0.0
          },
          "accuracy": {
            "0": 0.0,
            "10": 0.0,
            "20": 0.0,
            "30": 0.0
          }
        },
        "rhw": {
          "time": {
            "0": 0.0,
            "10": 0.0,
            "20": 0.0,
            "30": 0.0
          },
          "accuracy": {
            "0": 0.0,
            "10": 0.0,
            "20": 0.0,
            "30": 0.0
          }
        },
        "zg": {
          "time": {
            "0": 0.0,
            "10": 0.0,
            "20": 0.0,
            "30": 0.0
          },
          "accuracy": {
            "0": 0.0,
            "10": 0.0,
            "20": 0.0,
            "30": 0.0
          }
        },
        "observations_avg": 7.928571428571429
      },
      "50": {
        "exhaust": {
          "time": {
            "0": 22.453,
            "10": 22.38,
            "20": 22.408,
            "30": 22.385
          },
          "accuracy": {
            "0": 0.0,
            "10": 0.0,
            "20": 0.0,
            "30": 0.0
          }
        },
        "hm": {
          "time": {
            "0": 0.0,
            "10": 0.0,
            "20": 0.0,
            "30": 0.0
          },
          "accuracy": {
            "0": 0.0,
            "10": 0.0,
            "20": 0.0,
            "30": 0.0
          }
        },
        "rhw": {
          "time": {
            "0": 0.0,
            "10": 0.0,
            "20": 0.0,
            "30": 0.0
          },
          "accuracy": {
            "0": 0.0,
            "10": 0.0,
            "20": 0.0,
            "30": 0.0
          }
        },
        "zg": {
          "time": {
            "0": 0.0,
            "10": 0.0,
            "20": 0.0,
            "30": 0.0
          },
          "accuracy": {
            "0": 0.0,
            "10": 0.0,
            "20": 0.0,
            "30": 0.0
          }
        },
        "observations_avg": 12.75
      },
      "70": {
        "exhaust": {
          "time": {
            "0": 22.487,
            "10": 22.428,
            "20": 22.51,
            "30": 22.555
          },
          "accuracy": {
            "0": 0.0,
            "10": 0.0,
            "20": 0.0,
            "30": 0.0
          }
        },
        "hm": {
          "time": {
            "0": 0.0,
            "10": 0.0,
            "20": 0.0,
            "30": 0.0
          },
          "accuracy": {
            "0": 0.0,
            "10": 0.0,
            "20": 0.0,
            "30": 0.0
          }
        },
        "rhw": {
          "time": {
            "0": 0.0,
            "10": 0.0,
            "20": 0.0,
            "30": 0.0
          },
          "accuracy": {
            "0": 0.0,
            "10": 0.0,
            "20": 0.0,
            "30": 0.0
          }
        },
        "zg": {
          "time": {
            "0": 0.0,
            "10": 0.0,
            "20": 0.0,
            "30": 0.0
          },
          "accuracy": {
            "0": 0.0,
            "10": 0.0,
            "20": 0.0,
            "30": 0.0
          }
        },
        "observations_avg": 17.964285714285715
      },
      "100": {
        "exhaust": {
          "time": {
            "0": 24.512,
            "10": 24.604,
            "20": 24.709,
            "30": 24.517
          },
          "accuracy": {
            "0": 0.0,
            "10": 0.0,
            "20": 0.0,
            "30": 0.0
          }
        },
        "hm": {
          "time": {
            "0": 0.0,
            "10": 0.0,
            "20": 0.0,
            "30": 0.0
          },
          "accuracy": {
            "0": 0.0,
            "10": 0.0,
            "20": 0.0,
            "30": 0.0
          }
        },
        "rhw": {
          "time": {
            "0": 0.0,
            "10": 0.0,
            "20": 0.0,
            "30": 0.0
          },
          "accuracy": {
            "0": 0.0,
            "10": 0.0,
            "20": 0.0,
            "30": 0.0
          }
        },
        "zg": {
          "time": {
            "0": 0.0,
            "10": 0.0,
            "20": 0.0,
            "30": 0.0
          },
          "accuracy": {
            "0": 0.0,
            "10": 0.0,
            "20": 0.0,
            "30": 0.0
          }
        },
        "observations_avg": 24.928571428571427
      }
    }
  }
}