{
  "rovers": {
    "problems": 364,
    "goals_avg": 6.0,
    "observations": {
      "10": {
        "exhaust": {
          "time": {
            "0": 5.907,
            "10": 5.863
          },
          "accuracy": {
            "0": 59.523809523809526,
            "10": 95.23809523809523
          }
        },
        "hm": {
          "time": {
            "0": 7.568,
            "10": 7.477
          },
          "accuracy": {
            "0": 86.90476190476191,
            "10": 94.04761904761905
          }
        },
        "rhw": {
          "time": {
            "0": 5.922,
            "10": 5.899
          },
          "accuracy": {
            "0": 80.95238095238095,
            "10": 92.85714285714286
          }
        },
        "zg": {
          "time": {
            "0": 5.895,
            "10": 5.882
          },
          "accuracy": {
            "0": 86.90476190476191,
            "10": 97.61904761904762
          }
        },
        "hoffmann": {
          "time": {
            "0": 11.017,
            "10": 11.133
          },
          "accuracy": {
            "0": 63.095238095238095,
            "10": 90.47619047619048
          }
        },
        "observations_avg": 3.0
      },
      "30": {
        "exhaust": {
          "time": {
            "0": 5.714,
            "10": 5.676
          },
          "accuracy": {
            "0": 91.66666666666666,
            "10": 98.80952380952381
          }
        },
        "hm": {
          "time": {
            "0": 7.27,
            "10": 7.227
          },
          "accuracy": {
            "0": 100.0,
            "10": 100.0
          }
        },
        "rhw": {
          "time": {
            "0": 5.675,
            "10": 5.732
          },
          "accuracy": {
            "0": 98.80952380952381,
            "10": 98.80952380952381
          }
        },
        "zg": {
          "time": {
            "0": 5.732,
            "10": 5.737
          },
          "accuracy": {
            "0": 100.0,
            "10": 100.0
          }
        },
        "hoffmann": {
          "time": {
            "0": 10.628,
            "10": 10.595
          },
          "accuracy": {
            "0": 89.28571428571429,
            "10": 97.61904761904762
          }
        },
        "observations_avg": 7.928571428571429
      },
      "50": {
        "exhaust": {
          "time": {
            "0": 5.853,
            "10": 5.895
          },
          "accuracy": {
            "0": 95.23809523809523,
            "10": 100.0
          }
        },
        "hm": {
          "time": {
            "0": 7.398,
            "10": 7.401
          },
          "accuracy": {
            "0": 100.0,
            "10": 100.0
          }
        },
        "rhw": {
          "time": {
            "0": 5.889,
            "10": 5.876
          },
          "accuracy": {
            "0": 96.42857142857143,
            "10": 98.80952380952381
          }
        },
        "zg": {
          "time": {
            "0": 5.837,
            "10": 5.885
          },
          "accuracy": {
            "0": 100.0,
            "10": 100.0
          }
        },
        "hoffmann": {
          "time": {
            "0": 10.826,
            "10": 10.981
          },
          "accuracy": {
            "0": 98.80952380952381,
            "10": 100.0
          }
        },
        "observations_avg": 12.75
      },
      "70": {
        "exhaust": {
          "time": {
            "0": 5.903,
            "10": 5.824
          },
          "accuracy": {
            "0": 98.80952380952381,
            "10": 100.0
          }
        },
        "hm": {
          "time": {
            "0": 7.414,
            "10": 7.379
          },
          "accuracy": {
            "0": 100.0,
            "10": 100.0
          }
        },
        "rhw": {
          "time": {
            "0": 5.852,
            "10": 5.876
          },
          "accuracy": {
            "0": 100.0,
            "10": 100.0
          }
        },
        "zg": {
          "time": {
            "0": 5.92,
            "10": 5.893
          },
          "accuracy": {
            "0": 100.0,
            "10": 100.0
          }
        },
        "hoffmann": {
          "time": {
            "0": 10.962,
            "10": 10.964
          },
          "accuracy": {
            "0": 98.80952380952381,
            "10": 100.0
          }
        },
        "observations_avg": 17.964285714285715
      },
      "100": {
        "exhaust": {
          "time": {
            "0": 5.928,
            "10": 6.099
          },
          "accuracy": {
            "0": 100.0,
            "10": 100.0
          }
        },
        "hm": {
          "time": {
            "0": 7.723,
            "10": 7.888
          },
          "accuracy": {
            "0": 100.0,
            "10": 100.0
          }
        },
        "rhw": {
          "time": {
            "0": 6.013,
            "10": 6.121
          },
          "accuracy": {
            "0": 100.0,
            "10": 100.0
          }
        },
        "zg": {
          "time": {
            "0": 6.053,
            "10": 6.049
          },
          "accuracy": {
            "0": 100.0,
            "10": 100.0
          }
        },
        "hoffmann": {
          "time": {
            "0": 11.346,
            "10": 11.444
          },
          "accuracy": {
            "0": 100.0,
            "10": 100.0
          }
        },
        "observations_avg": 24.928571428571427
      }
    },
    "landmarks_avg": {
      "exhaust": 40.521978021977894,
      "hm": 17.928571428571427,
      "rhw": 24.404761904761912,
      "zg": 17.523809523809557,
      "hoffmann": 19.214285714285722
    },
    "spread": {
      "10": {
        "exhaust": {
          "0": 1.5357142857142858,
          "10": 3.0595238095238093
        },
        "hm": {
          "0": 2.011904761904762,
          "10": 2.369047619047619
        },
        "rhw": {
          "0": 1.9880952380952381,
          "10": 2.4642857142857144
        },
        "zg": {
          "0": 2.011904761904762,
          "10": 2.619047619047619
        },
        "hoffmann": {
          "0": 1.3333333333333333,
          "10": 2.4761904761904763
        }
      },
      "30": {
        "exhaust": {
          "0": 1.2738095238095237,
          "10": 2.25
        },
        "hm": {
          "0": 1.2857142857142858,
          "10": 1.7023809523809523
        },
        "rhw": {
          "0": 1.2857142857142858,
          "10": 1.7023809523809523
        },
        "zg": {
          "0": 1.2738095238095237,
          "10": 1.6904761904761905
        },
        "hoffmann": {
          "0": 1.1547619047619047,
          "10": 2.0595238095238093
        }
      },
      "50": {
        "exhaust": {
          "0": 1.0952380952380953,
          "10": 1.8214285714285714
        },
        "hm": {
          "0": 1.0833333333333333,
          "10": 1.3452380952380953
        },
        "rhw": {
          "0": 1.0357142857142858,
          "10": 1.3214285714285714
        },
        "zg": {
          "0": 1.0833333333333333,
          "10": 1.3333333333333333
        },
        "hoffmann": {
          "0": 1.0833333333333333,
          "10": 1.6428571428571428
        }
      },
      "70": {
        "exhaust": {
          "0": 1.0357142857142858,
          "10": 1.5
        },
        "hm": {
          "0": 1.0357142857142858,
          "10": 1.119047619047619
        },
        "rhw": {
          "0": 1.0357142857142858,
          "10": 1.1071428571428572
        },
        "zg": {
          "0": 1.0357142857142858,
          "10": 1.1071428571428572
        },
        "hoffmann": {
          "0": 1.0357142857142858,
          "10": 1.2738095238095237
        }
      },
      "100": {
        "exhaust": {
          "0": 1.0,
          "10": 1.3571428571428572
        },
        "hm": {
          "0": 1.0,
          "10": 1.0
        },