{
  "rovers": {
    "problems": 364,
    "goals_avg": 6.0,
    "observations": {
      "10": {
        "exhaust": {
          "time": {
            "0": 4.591,
            "10": 4.606,
            "20": 4.614,
            "30": 4.564
          },
          "accuracy": {
            "0": 59.523809523809526,
            "10": 95.23809523809523,
            "20": 100.0,
            "30": 100.0
          }
        },
        "hm": {
          "time": {
            "0": 5.826,
            "10": 5.768,
            "20": 5.794,
            "30": 5.821
          },
          "accuracy": {
            "0": 86.90476190476191,
            "10": 94.04761904761905,
            "20": 98.80952380952381,
            "30": 100.0
          }
        },
        "rhw": {
          "time": {
            "0": 4.572,
            "10": 4.592,
            "20": 4.56,
            "30": 4.591
          },
          "accuracy": {
            "0": 80.95238095238095,
            "10": 92.85714285714286,
            "20": 98.80952380952381,
            "30": 98.80952380952381
          }
        },
        "zg": {
          "time": {
            "0": 4.588,
            "10": 4.557,
            "20": 4.577,
            "30": 4.573
          },
          "accuracy": {
            "0": 86.90476190476191,
            "10": 97.61904761904762,
            "20": 100.0,
            "30": 100.0
          }
        },
        "observations_avg": 3.0
      },
      "30": {
        "exhaust": {
          "time": {
            "0": 4.524,
            "10": 4.537,
            "20": 4.565,
            "30": 4.546
          },
          "accuracy": {
            "0": 91.66666666666666,
            "10": 98.80952380952381,
            "20": 100.0,
            "30": 100.0
          }
        },
        "hm": {
          "time": {
            "0": 5.757,
            "10": 5.746,
            "20": 5.702,
            "30": 5.741
          },
          "accuracy": {
            "0": 100.0,
            "10": 100.0,
            "20": 100.0,
            "30": 100.0
          }
        },
        "rhw": {
          "time": {
            "0": 4.509,
            "10": 4.492,
            "20": 4.512,
            "30": 4.486
          },
          "accuracy": {
            "0": 98.80952380952381,
            "10": 98.80952380952381,
            "20": 100.0,
            "30": 100.0
          }
        },
        "zg": {
          "time": {
            "0": 4.513,
            "10": 4.504,
            "20": 4.491,
            "30": 4.525
          },
          "accuracy": {
            "0": 100.0,
            "10": 100.0,
            "20": 100.0,
            "30": 100.0
          }
        },
        "observations_avg": 7.928571428571429
      },
      "50": {
        "exhaust": {
          "time": {
            "0": 4.571,
            "10": 4.551,
            "20": 4.542,
            "30": 4.53
          },
          "accuracy": {
            "0": 95.23809523809523,
            "10": 100.0,
            "20": 100.0,
            "30": 100.0
          }
        },
        "hm": {
          "time": {
            "0": 5.746,
            "10": 5.772,
            "20": 5.801,
            "30": 5.781
          },
          "accuracy": {
            "0": 100.0,
            "10": 100.0,
            "20": 100.0,
            "30": 100.0
          }
        },
        "rhw": {
          "time": {
            "0": 4.539,
            "10": 4.55,
            "20": 4.564,
            "30": 4.533
          },
          "accuracy": {
            "0": 96.42857142857143,
            "10": 98.80952380952381,
            "20": 100.0,
            "30": 100.0
          }
        },
        "zg": {
          "time": {
            "0": 4.545,
            "10": 4.515,
            "20": 4.511,
            "30": 4.505
          },
          "accuracy": {
            "0": 100.0,
            "10": 100.0,
            "20": 100.0,
            "30": 100.0
          }
        },
        "observations_avg": 12.75
      },
      "70": {
        "exhaust": {
          "time": {
            "0": 4.571,
            "10": 4.566,
            "20": 4.587,
            "30": 4.571
          },
          "accuracy": {
            "0": 98.80952380952381,
            "10": 100.0,
            "20": 100.0,
            "30": 100.0
          }
        },
        "hm": {
          "time": {
            "0": 5.834,
            "10": 5.811,
            "20": 5.795,
            "30": 5.815
          },
          "accuracy": {
            "0": 100.0,
            "10": 100.0,
            "20": 100.0,
            "30": 100.0
          }
        },
        "rhw": {
          "time": {
            "0": 4.56,
            "10": 4.557,
            "20": 4.558,
            "30": 4.602
          },
          "accuracy": {
            "0": 100.0,
            "10": 100.0,
            "20": 100.0,
            "30": 100.0
          }
        },
        "zg": {
          "time": {
            "0": 4.546,
            "10": 4.614,
            "20": 4.585,
            "30": 4.558
          },
          "accuracy": {
            "0": 100.0,
            "10": 100.0,
            "20": 100.0,
            "30": 100.0
          }
        },
        "observations_avg": 17.964285714285715
      },
      "100": {
        "exhaust": {
          "time": {
            "0": 4.842,
            "10": 4.869,
            "20": 4.856,
            "30": 4.877
          },
          "accuracy": {
            "0": 100.0,
            "10": 100.0,
            "20": 100.0,
            "30": 100.0
          }
        },
        "hm": {
          "time": {
            "0": 6.097,
            "10": 6.192,
            "20": 6.2,
            "30": 6.149
          },
          "accuracy": {
            "0": 100.0,
            "10": 100.0,
            "20": 100.0,
            "30": 100.0
          }
        },
        "rhw": {
          "time": {
            "0": 4.892,
            "10": 4.928,
            "20": 4.851,
            "30": 4.831
          },
          "accuracy": {
            "0": 100.0,
            "10": 100.0,
            "20": 100.0,
            "30": 100.0
          }
        },
        "zg": {
          "time": {
            "0": 4.881,
            "10": 4.815,
            "20": 4.807,
            "30": 4.917
          },
          "accuracy": {
            "0": 100.0,
            "10": 100.0,
            "20": 100.0,
            "30": 100.0
          }
        },
        "observations_avg": 24.928571428571427
      }
    },
    "landmarks_avg": {
      "exhaust": 40.52197802197827,
      "hm": 17.928571428571427,
      "rhw": 24.40476190476189,
      "zg": 17.523809523809458
    }
  }
}