{
  "rovers": {
    "problems": 364,
    "goals_avg": 6.0,
    "observations": {
      "10": {
        "exhaust": {
          "time": {
            "0": 5.686,
            "10": 5.757
          },
          "accuracy": {
            "0": 59.523809523809526,
            "10": 95.23809523809523
          },
          "prob_accuracy": {
            "0": 100.0,
            "10": 100.0
          }
        },
        "hm": {
          "time": {
            "0": 7.167,
            "10": 7.191
          },
          "accuracy": {
            "0": 86.90476190476191,
            "10": 94.04761904761905
          },
          "prob_accuracy": {
            "0": 100.0,
            "10": 100.0
          }
        },
        "rhw": {
          "time": {
            "0": 5.639,
            "10": 5.654
          },
          "accuracy": {
            "0": 80.95238095238095,
            "10": 92.85714285714286
          },
          "prob_accuracy": {
            "0": 100.0,
            "10": 100.0
          }
        },
        "zg": {
          "time": {
            "0": 5.619,
            "10": 5.688
          },
          "accuracy": {
            "0": 86.90476190476191,
            "10": 97.61904761904762
          },
          "prob_accuracy": {
            "0": 100.0,
            "10": 100.0
          }
        },
        "hoffmann": {
          "time": {
            "0": 43.4,
            "10": 43.574
          },
          "accuracy": {
            "0": 72.61904761904762,
            "10": 91.66666666666666
          },
          "prob_accuracy": {
            "0": 100.0,
            "10": 100.0
          }
        },
        "observations_avg": 3.0
      },
      "30": {
        "exhaust": {
          "time": {
            "0": 5.737,
            "10": 5.736
          },
          "accuracy": {
            "0": 91.66666666666666,
            "10": 98.80952380952381
          },
          "prob_accuracy": {
            "0": 100.0,
            "10": 100.0
          }
        },
        "hm": {
          "time": {
            "0": 7.16,
            "10": 7.234
          },
          "accuracy": {
            "0": 100.0,
            "10": 100.0
          },
          "prob_accuracy": {
            "0": 100.0,
            "10": 100.0
          }
        },
        "rhw": {
          "time": {
            "0": 5.778,
            "10": 5.744
          },
          "accuracy": {
            "0": 98.80952380952381,
            "10": 98.80952380952381
          },
          "prob_accuracy": {
            "0": 100.0,
            "10": 100.0
          }
        },
        "zg": {
          "time": {
            "0": 5.649,
            "10": 5.712
          },
          "accuracy": {
            "0": 100.0,
            "10": 100.0
          },
          "prob_accuracy": {
            "0": 100.0,
            "10": 100.0
          }
        },
        "hoffmann": {
          "time": {
            "0": 43.362,
            "10": 43.892
          },
          "accuracy": {
            "0": 92.85714285714286,
            "10": 98.80952380952381
          },
          "prob_accuracy": {
            "0": 100.0,
            "10": 100.0
          }
        },
        "observations_avg": 7.928571428571429
      },
      "50": {
        "exhaust": {
          "time": {
            "0": 5.687,
            "10": 5.685
          },
          "accuracy": {
            "0": 95.23809523809523,
            "10": 100.0
          },
          "prob_accuracy": {
            "0": 100.0,
            "10": 100.0
          }
        },
        "hm": {
          "time": {
            "0": 7.179,
            "10": 7.236
          },
          "accuracy": {
            "0": 100.0,
            "10": 100.0
          },
          "prob_accuracy": {
            "0": 100.0,
            "10": 100.0
          }
        },
        "rhw": {
          "time": {
            "0": 5.714,
            "10": 5.697
          },
          "accuracy": {
            "0": 96.42857142857143,
            "10": 98.80952380952381
          },
          "prob_accuracy": {
            "0": 100.0,
            "10": 100.0
          }
        },
        "zg": {
          "time": {
            "0": 5.634,
            "10": 5.695
          },
          "accuracy": {
            "0": 100.0,
            "10": 100.0
          },
          "prob_accuracy": {
            "0": 100.0,
            "10": 100.0
          }
        },
        "hoffmann": {
          "time": {
            "0": 43.388,
            "10": 43.614
          },
          "accuracy": {
            "0": 100.0,
            "10": 100.0
          },
          "prob_accuracy": {
            "0": 100.0,
            "10": 100.0
          }
        },
        "observations_avg": 12.75
      },
      "70": {
        "exhaust": {
          "time": {
            "0": 5.811,
            "10": 5.943
          },
          "accuracy": {
            "0": 98.80952380952381,
            "10": 100.0
          },
          "prob_accuracy": {
            "0": 100.0,
            "10": 100.0
          }
        },
        "hm": {
          "time": {
            "0": 7.399,
            "10": 7.501
          },
          "accuracy": {
            "0": 100.0,
            "10": 100.0
          },
          "prob_accuracy": {
            "0": 100.0,
            "10": 100.0
          }
        },
        "rhw": {
          "time": {
            "0": 5.831,
            "10": 5.85
          },
          "accuracy": {
            "0": 100.0,
            "10": 100.0
          },
          "prob_accuracy": {
            "0": 100.0,
            "10": 100.0
          }
        },
        "zg": {
          "time": {
            "0": 5.837,
            "10": 5.894
          },
          "accuracy": {
            "0": 100.0,
            "10": 100.0
          },
          "prob_accuracy": {
            "0": 100.0,
            "10": 100.0
          }
        },
        "hoffmann": {
          "time": {
            "0": 44.315,
            "10": 44.063
          },
          "accuracy": {
            "0": 100.0,
            "10": 100.0
          },
          "prob_accuracy": {
            "0": 100.0,
            "10": 100.0
          }
        },
        "observations_avg": 17.964285714285715
      },
      "100": {
        "exhaust": {
          "time": {
            "0": 5.699,
            "10": 5.673
          },
          "accuracy": {
            "0": 100.0,
            "10": 100.0
          },
          "prob_accuracy": {
            "0": 100.0,
            "10": 100.0
          }
        },
        "hm": {
          "time": {
            "0": 7.237,
            "10": 7.271
          },
          "accuracy": {
            "0": 100.0,
            "10": 100.0
          },
          "prob_accuracy": {
            "0": 100.0,
            "10": 100.0
          }
        },
        "rhw": {
          "time": {
            "0": 5.685,
            "10": 5.756
          },
          "accuracy": {
            "0": 100.0,
            "10": 100.0
          },
          "prob_accuracy": {
            "0": 100.0,
            "10": 100.0
          }
        },
        "zg": {
          "time": {
            "0": 5.681,
            "10": 5.701
          },
          "accuracy": {
            "0": 100.0,
            "10": 100.0
          },
          "prob_accuracy": {
            "0": 100.0,
            "10": 100.0
          }
        },
        "hoffmann": {
          "time": {
            "0": 43.484,
            "10": 43.911
          },
          "accuracy": {
            "0": 100.0,
            "10": 100.0
          },
          "prob_accuracy": {
            "0": 100.0,
            "10": 100.0
          }
        },
        "observations_avg": 24.928571428571427
      }
    },
    "landmarks_avg": {
      "exhaust": 40.52197802197792,
      "hm": 17.928571428571427,
      "rhw": 24.404761904761916,
      "zg": 17.523809523809565,
      "hoffmann": 18.928571428571423
    },