{
  "rovers": {
    "problems": 364,
    "goals_avg": 6.0,
    "observations": {
      "10": {
        "exhaust": {
          "time": {
            "0": 4.611,
            "10": 4.602,
            "20": 4.617,
            "30": 4.582
          },
          "accuracy": {
            "0": 53.57142857142857,
            "10": 58.333333333333336,
            "20": 67.85714285714286,
            "30": 72.61904761904762
          }
        },
        "hm": {
          "time": {
            "0": 5.863,
            "10": 5.867,
            "20": 5.853,
            "30": 5.802
          },
          "accuracy": {
            "0": 57.14285714285714,
            "10": 65.47619047619048,
            "20": 67.85714285714286,
            "30": 82.14285714285714
          }
        },
        "rhw": {
          "time": {
            "0": 4.593,
            "10": 4.588,
            "20": 4.556,
            "30": 4.594
          },
          "accuracy": {
            "0": 58.333333333333336,
            "10": 63.095238095238095,
            "20": 66.66666666666666,
            "30": 78.57142857142857
          }
        },
        "zg": {
          "time": {
            "0": 4.558,
            "10": 4.597,
            "20": 4.586,
            "30": 4.554
          },
          "accuracy": {
            "0": 58.333333333333336,
            "10": 66.66666666666666,
            "20": 67.85714285714286,
            "30": 82.14285714285714
          }
        },
        "observations_avg": 3.0
      },
      "30": {
        "exhaust": {
          "time": {
            "0": 4.571,
            "10": 4.567,
            "20": 4.537,
            "30": 4.532
          },
          "accuracy": {
            "0": 66.66666666666666,
            "10": 72.61904761904762,
            "20": 83.33333333333334,
            "30": 88.09523809523809
          }
        },
        "hm": {
          "time": {
            "0": 5.72,
            "10": 5.763,
            "20": 5.781,
            "30": 5.735
          },
          "accuracy": {
            "0": 76.19047619047619,
            "10": 88.09523809523809,
            "20": 91.66666666666666,
            "30": 92.85714285714286
          }
        },
        "rhw": {
          "time": {
            "0": 4.496,
            "10": 4.502,
            "20": 4.498,
            "30": 4.555
          },
          "accuracy": {
            "0": 72.61904761904762,
            "10": 83.33333333333334,
            "20": 91.66666666666666,
            "30": 92.85714285714286
          }
        },
        "zg": {
          "time": {
            "0": 4.534,
            "10": 4.529,
            "20": 4.495,
            "30": 4.532
          },
          "accuracy": {
            "0": 76.19047619047619,
            "10": 88.09523809523809,
            "20": 91.66666666666666,
            "30": 92.85714285714286
          }
        },
        "observations_avg": 7.928571428571429
      },
      "50": {
        "exhaust": {
          "time": {
            "0": 4.546,
            "10": 4.564,
            "20": 4.562,
            "30": 4.55
          },
          "accuracy": {
            "0": 79.76190476190477,
            "10": 84.52380952380952,
            "20": 89.28571428571429,
            "30": 90.47619047619048
          }
        },
        "hm": {
          "time": {
            "0": 5.836,
            "10": 5.749,
            "20": 5.79,
            "30": 5.764
          },
          "accuracy": {
            "0": 88.09523809523809,
            "10": 92.85714285714286,
            "20": 95.23809523809523,
            "30": 96.42857142857143
          }
        },
        "rhw": {
          "time": {
            "0": 4.532,
            "10": 4.612,
            "20": 4.528,
            "30": 4.56
          },
          "accuracy": {
            "0": 89.28571428571429,
            "10": 91.66666666666666,
            "20": 94.04761904761905,
            "30": 95.23809523809523
          }
        },
        "zg": {
          "time": {
            "0": 4.537,
            "10": 4.559,
            "20": 4.548,
            "30": 4.521
          },
          "accuracy": {
            "0": 88.09523809523809,
            "10": 92.85714285714286,
            "20": 95.23809523809523,
            "30": 95.23809523809523
          }
        },
        "observations_avg": 12.75
      },
      "70": {
        "exhaust": {
          "time": {
            "0": 4.57,
            "10": 4.611,
            "20": 4.629,
            "30": 4.586
          },
          "accuracy": {
            "0": 85.71428571428571,
            "10": 91.66666666666666,
            "20": 96.42857142857143,
            "30": 97.61904761904762
          }
        },
        "hm": {
          "time": {
            "0": 5.821,
            "10": 5.81,
            "20": 5.782,
            "30": 5.799
          },
          "accuracy": {
            "0": 95.23809523809523,
            "10": 98.80952380952381,
            "20": 98.80952380952381,
            "30": 100.0
          }
        },
        "rhw": {
          "time": {
            "0": 4.592,
            "10": 4.617,
            "20": 4.542,
            "30": 4.602
          },
          "accuracy": {
            "0": 95.23809523809523,
            "10": 95.23809523809523,
            "20": 98.80952380952381,
            "30": 100.0
          }
        },
        "zg": {
          "time": {
            "0": 4.537,
            "10": 4.584,
            "20": 4.56,
            "30": 4.527
          },
          "accuracy": {
            "0": 95.23809523809523,
            "10": 98.80952380952381,
            "20": 98.80952380952381,
            "30": 100.0
          }
        },
        "observations_avg": 17.964285714285715
      },
      "100": {
        "exhaust": {
          "time": {
            "0": 4.832,
            "10": 4.9,
            "20": 4.859,
            "30": 4.88
          },
          "accuracy": {
            "0": 92.85714285714286,
            "10": 92.85714285714286,
            "20": 100.0,
            "30": 100.0
          }
        },
        "hm": {
          "time": {
            "0": 6.212,
            "10": 6.175,
            "20": 6.308,
            "30": 6.28
          },
          "accuracy": {
            "0": 100.0,
            "10": 100.0,
            "20": 100.0,
            "30": 100.0
          }
        },
        "rhw": {
          "time": {
            "0": 4.969,
            "10": 5.016,
            "20": 4.961,
            "30": 4.8
          },
          "accuracy": {
            "0": 100.0,
            "10": 100.0,
            "20": 100.0,
            "30": 100.0
          }
        },
        "zg": {
          "time": {
            "0": 4.955,
            "10": 4.863,
            "20": 4.879,
            "30": 4.905
          },
          "accuracy": {
            "0": 100.0,
            "10": 100.0,
            "20": 100.0,
            "30": 100.0
          }
        },
        "observations_avg": 24.928571428571427
      }
    },
    "landmarks_avg": {
      "exhaust": 40.52197802197827,
      "hm": 17.928571428571427,
      "rhw": 24.40476190476189,
      "zg": 17.523809523809458
    },
    "spread": {
      "10": {
        "exhaust": {
          "0": 1.0476190476190477,
          "10": 1.2261904761904763,
          "20": 1.5,
          "30": 1.880952380952381
        },
        "hm": {
          "0": 1.1428571428571428,
          "10": 1.3333333333333333,
          "20": 1.7380952380952381,
          "30": 2.261904761904762
        },
        "rhw": {
          "0": 1.0952380952380953,
          "10": 1.2380952380952381,
          "20": 1.6666666666666667,
          "30": 2.130952380952381
        },
        "zg": {
          "0": 1.1428571428571428,
          "10": 1.3333333333333333,
          "20": 1.7261904761904763,
          "30": 2.25
        }
      },
      "30": {
        "exhaust": {
          "0": 1.0238095238095237,
          "10": 1.1428571428571428,