{
  "rovers": {
    "problems": 364,
    "goals_avg": 6.0,
    "observations": {
      "10": {
        "hoffmann": {
          "time": {
            "0": 29.987,
            "10": 30.276,
            "20": 30.034,
            "30": 29.937
          },
          "accuracy": {
            "0": 63.095238095238095,
            "10": 90.47619047619048,
            "20": 97.61904761904762,
            "30": 100.0
          }
        },
        "observations_avg": 3.0
      },
      "30": {
        "hoffmann": {
          "time": {
            "0": 27.203,
            "10": 27.19,
            "20": 27.362,
            "30": 27.258
          },
          "accuracy": {
            "0": 89.28571428571429,
            "10": 97.61904761904762,
            "20": 100.0,
            "30": 100.0
          }
        },
        "observations_avg": 7.928571428571429
      },
      "50": {
        "hoffmann": {
          "time": {
            "0": 47.408,
            "10": 47.668,
            "20": 47.944,
            "30": 47.41
          },
          "accuracy": {
            "0": 98.80952380952381,
            "10": 100.0,
            "20": 100.0,
            "30": 100.0
          }
        },
        "observations_avg": 12.75
      },
      "70": {
        "hoffmann": {
          "time": {
            "0": 37.497,
            "10": 37.357,
            "20": 37.186,
            "30": 37.373
          },
          "accuracy": {
            "0": 98.80952380952381,
            "10": 100.0,
            "20": 100.0,
            "30": 100.0
          }
        },
        "observations_avg": 17.964285714285715
      },
      "100": {
        "hoffmann": {
          "time": {
            "0": 44.183,
            "10": 44.471,
            "20": 44.739,
            "30": 44.737
          },
          "accuracy": {
            "0": 100.0,
            "10": 100.0,
            "20": 100.0,
            "30": 100.0
          }
        },
        "observations_avg": 24.928571428571427
      }
    },
    "landmarks_avg": {
      "hoffmann": 19.2142857142857
    },
    "spread": {
      "10": {
        "hoffmann": {
          "0": 1.3333333333333333,
          "10": 2.4761904761904763,
          "20": 3.3452380952380953,
          "30": 4.107142857142857
        }
      },
      "30": {
        "hoffmann": {
          "0": 1.1547619047619047,
          "10": 2.0595238095238093,
          "20": 3.0357142857142856,
          "30": 3.988095238095238
        }
      },
      "50": {
        "hoffmann": {
          "0": 1.0833333333333333,
          "10": 1.6428571428571428,
          "20": 2.2976190476190474,
          "30": 3.6666666666666665
        }
      },
      "70": {
        "hoffmann": {
          "0": 1.0357142857142858,
          "10": 1.2738095238095237,
          "20": 1.9880952380952381,
          "30": 3.4285714285714284
        }
      },
      "100": {
        "hoffmann": {
          "0": 1.0,
          "10": 1.0,
          "20": 1.8571428571428572,
          "30": 3.3214285714285716
        }
      }
    }
  }
}