{
  "satellite_noisy": {
    "problems": 144,
    "goals_avg": 6.0,
    "observations": {
      "25": {
        "exhaust": {
          "time": {
            "0": 2.806,
            "10": 2.796,
            "20": 2.81,
            "30": 2.832
          },
          "accuracy": {
            "0": 30.555555555555557,
            "10": 33.33333333333333,
            "20": 52.77777777777778,
            "30": 61.111111111111114
          }
        },
        "hm": {
          "time": {
            "0": 2.868,
            "10": 2.87,
            "20": 2.846,
            "30": 2.85
          },
          "accuracy": {
            "0": 33.33333333333333,
            "10": 36.11111111111111,
            "20": 50.0,
            "30": 58.333333333333336
          }
        },
        "rhw": {
          "time": {
            "0": 2.815,
            "10": 2.787,
            "20": 2.805,
            "30": 2.817
          },
          "accuracy": {
            "0": 33.33333333333333,
            "10": 36.11111111111111,
            "20": 52.77777777777778,
            "30": 58.333333333333336
          }
        },
        "zg": {
          "time": {
            "0": 2.818,
            "10": 2.812,
            "20": 2.789,
            "30": 2.806
          },
          "accuracy": {
            "0": 33.33333333333333,
            "10": 36.11111111111111,
            "20": 50.0,
            "30": 58.333333333333336
          }
        },
        "observations_avg": 3.3333333333333335
      },
      "50": {
        "exhaust": {
          "time": {
            "0": 2.954,
            "10": 2.929,
            "20": 2.951,
            "30": 2.967
          },
          "accuracy": {
            "0": 50.0,
            "10": 58.333333333333336,
            "20": 77.77777777777779,
            "30": 88.88888888888889
          }
        },
        "hm": {
          "time": {
            "0": 3.029,
            "10": 3.025,
            "20": 3.02,
            "30": 2.981
          },
          "accuracy": {
            "0": 50.0,
            "10": 58.333333333333336,
            "20": 77.77777777777779,
            "30": 80.55555555555556
          }
        },
        "rhw": {
          "time": {
            "0": 2.95,
            "10": 2.959,
            "20": 2.981,
            "30": 2.959
          },
          "accuracy": {
            "0": 41.66666666666667,
            "10": 52.77777777777778,
            "20": 75.0,
            "30": 86.11111111111111
          }
        },
        "zg": {
          "time": {
            "0": 2.962,
            "10": 2.953,
            "20": 2.952,
            "30": 2.976
          },
          "accuracy": {
            "0": 50.0,
            "10": 58.333333333333336,
            "20": 77.77777777777779,
            "30": 80.55555555555556
          }
        },
        "observations_avg": 5.75
      },
      "75": {
        "exhaust": {
          "time": {
            "0": 2.895,
            "10": 2.876,
            "20": 2.878,
            "30": 2.891
          },
          "accuracy": {
            "0": 66.66666666666666,
            "10": 72.22222222222221,
            "20": 88.88888888888889,
            "30": 91.66666666666666
          }
        },
        "hm": {
          "time": {
            "0": 2.913,
            "10": 2.938,
            "20": 2.927,
            "30": 2.91
          },
          "accuracy": {
            "0": 66.66666666666666,
            "10": 75.0,
            "20": 88.88888888888889,
            "30": 94.44444444444444
          }
        },
        "rhw": {
          "time": {
            "0": 2.902,
            "10": 2.881,
            "20": 2.868,
            "30": 2.866
          },
          "accuracy": {
            "0": 58.333333333333336,
            "10": 72.22222222222221,
            "20": 80.55555555555556,
            "30": 88.88888888888889
          }
        },
        "zg": {
          "time": {
            "0": 2.897,
            "10": 2.905,
            "20": 2.892,
            "30": 2.877
          },
          "accuracy": {
            "0": 66.66666666666666,
            "10": 75.0,
            "20": 88.88888888888889,
            "30": 94.44444444444444
          }
        },
        "observations_avg": 8.416666666666666
      },
      "100": {
        "exhaust": {
          "time": {
            "0": 2.958,
            "10": 2.959,
            "20": 2.946,
            "30": 2.965
          },
          "accuracy": {
            "0": 77.77777777777779,
            "10": 91.66666666666666,
            "20": 97.22222222222221,
            "30": 97.22222222222221
          }
        },
        "hm": {
          "time": {
            "0": 2.976,
            "10": 2.999,
            "20": 3.046,
            "30": 3.009
          },
          "accuracy": {
            "0": 77.77777777777779,
            "10": 97.22222222222221,
            "20": 97.22222222222221,
            "30": 100.0
          }
        },
        "rhw": {
          "time": {
            "0": 2.959,
            "10": 2.951,
            "20": 2.958,
            "30": 2.962
          },
          "accuracy": {
            "0": 72.22222222222221,
            "10": 86.11111111111111,
            "20": 91.66666666666666,
            "30": 97.22222222222221
          }
        },
        "zg": {
          "time": {
            "0": 2.964,
            "10": 2.949,
            "20": 2.979,
            "30": 2.958
          },
          "accuracy": {
            "0": 77.77777777777779,
            "10": 97.22222222222221,
            "20": 97.22222222222221,
            "30": 100.0
          }
        },
        "observations_avg": 10.75
      }
    },
    "landmarks_avg": {
      "exhaust": 18.50000000000001,
      "hm": 10.222222222222191,
      "rhw": 14.833333333333359,
      "zg": 10.222222222222191
    },
    "spread": {
      "25": {
        "exhaust": {
          "0": 1.6111111111111112,
          "10": 1.7777777777777777,
          "20": 2.9166666666666665,
          "30": 3.1666666666666665
        },
        "hm": {
          "0": 1.75,
          "10": 2.0555555555555554,
          "20": 2.9722222222222223,
          "30": 3.25
        },
        "rhw": {
          "0": 1.75,
          "10": 1.8888888888888888,
          "20": 2.8333333333333335,
          "30": 3.2222222222222223
        },
        "zg": {
          "0": 1.75,
          "10": 2.0555555555555554,
          "20": 2.9722222222222223,
          "30": 3.25
        }
      },
      "50": {
        "exhaust": {
          "0": 1.5833333333333333,
          "10": 1.9444444444444444,
          "20": 2.9722222222222223,
          "30": 3.3333333333333335
        },
        "hm": {
          "0": 1.5555555555555556,
          "10": 1.9166666666666667,
          "20": 2.9166666666666665,
          "30": 3.1666666666666665
        },
        "rhw": {
          "0": 1.5833333333333333,
          "10": 1.9166666666666667,
          "20": 2.7777777777777777,
          "30": 3.25
        },
        "zg": {
          "0": 1.5555555555555556,
          "10": 1.9166666666666667,
          "20": 2.9166666666666665,
          "30": 3.1666666666666665
        }
      },
      "75": {
        "exhaust": {
          "0": 1.2777777777777777,
          "10": 1.6388888888888888,
          "20": 2.4444444444444446,
          "30": 3.111111111111111
        },
        "hm": {
          "0": 1.2777777777777777,
          "10": 1.6388888888888888,
          "20": 2.388888888888889,
          "30": 3.111111111111111
        },
        "rhw": {
          "0": 1.2777777777777777,
          "10": 1.6388888888888888,
          "20": 2.2222222222222223,
          "30": 3.111111111111111
        },
        "zg": {
          "0": 1.2777777777777777,
          "10": 1.6388888888888888,
          "20": 2.388888888888889,
          "30": 3.111111111111111
        }
      },
      "100": {
        "exhaust": {
          "0": 1.25,
          "10": 1.8055555555555556,