{
  "satellite_noisy": {
    "problems": 144,
    "goals_avg": 6.0,
    "observations": {
      "25": {
        "hoffmann": {
          "time": {
            "0": 31.886,
            "10": 32.186,
            "20": 32.175,
            "30": 32.52
          },
          "accuracy": {
            "0": 63.888888888888886,
            "10": 63.888888888888886,
            "20": 77.77777777777779,
            "30": 83.33333333333334
          }
        },
        "observations_avg": 3.3333333333333335
      },
      "50": {
        "hoffmann": {
          "time": {
            "0": 32.975,
            "10": 32.742,
            "20": 32.513,
            "30": 32.395
          },
          "accuracy": {
            "0": 75.0,
            "10": 80.55555555555556,
            "20": 94.44444444444444,
            "30": 94.44444444444444
          }
        },
        "observations_avg": 5.75
      },
      "75": {
        "hoffmann": {
          "time": {
            "0": 32.547,
            "10": 32.238,
            "20": 32.397,
            "30": 32.354
          },
          "accuracy": {
            "0": 80.55555555555556,
            "10": 91.66666666666666,
            "20": 94.44444444444444,
            "30": 100.0
          }
        },
        "observations_avg": 8.416666666666666
      },
      "100": {
        "hoffmann": {
          "time": {
            "0": 31.919,
            "10": 32.658,
            "20": 32.629,
            "30": 32.896
          },
          "accuracy": {
            "0": 97.22222222222221,
            "10": 100.0,
            "20": 100.0,
            "30": 100.0
          }
        },
        "observations_avg": 10.75
      }
    },
    "landmarks_avg": {
      "hoffmann": 10.222222222222191
    },
    "spread": {
      "25": {
        "hoffmann": {
          "0": 2.75,
          "10": 3.0555555555555554,
          "20": 4.305555555555555,
          "30": 4.694444444444445
        }
      },
      "50": {
        "hoffmann": {
          "0": 2.111111111111111,
          "10": 2.861111111111111,
          "20": 4.277777777777778,
          "30": 4.833333333333333
        }
      },
      "75": {
        "hoffmann": {
          "0": 1.4444444444444444,
          "10": 2.4166666666666665,
          "20": 3.5555555555555554,
          "30": 4.722222222222222
        }
      },
      "100": {
        "hoffmann": {
          "0": 1.4444444444444444,
          "10": 2.3333333333333335,
          "20": 3.361111111111111,
          "30": 4.611111111111111
        }
      }
    }
  }
}