{
  "satellite_noisy": {
    "problems": 144,
    "goals_avg": 6.0,
    "observations": {
      "25": {
        "exhaust": {
          "time": {
            "0": 4.186,
            "10": 4.273
          },
          "accuracy": {
            "0": 61.111111111111114,
            "10": 69.44444444444444
          },
          "prob_accuracy": {
            "0": 100.0,
            "10": 100.0
          }
        },
        "hm": {
          "time": {
            "0": 4.219,
            "10": 4.213
          },
          "accuracy": {
            "0": 63.888888888888886,
            "10": 63.888888888888886
          },
          "prob_accuracy": {
            "0": 100.0,
            "10": 100.0
          }
        },
        "rhw": {
          "time": {
            "0": 4.179,
            "10": 4.211
          },
          "accuracy": {
            "0": 63.888888888888886,
            "10": 63.888888888888886
          },
          "prob_accuracy": {
            "0": 100.0,
            "10": 100.0
          }
        },
        "zg": {
          "time": {
            "0": 4.164,
            "10": 4.112
          },
          "accuracy": {
            "0": 63.888888888888886,
            "10": 63.888888888888886
          },
          "prob_accuracy": {
            "0": 100.0,
            "10": 100.0
          }
        },
        "hoffmann": {
          "time": {
            "0": 42.011,
            "10": 42.2
          },
          "accuracy": {
            "0": 63.888888888888886,
            "10": 63.888888888888886
          },
          "prob_accuracy": {
            "0": 100.0,
            "10": 100.0
          }
        },
        "observations_avg": 3.3333333333333335
      },
      "50": {
        "exhaust": {
          "time": {
            "0": 3.93,
            "10": 3.991
          },
          "accuracy": {
            "0": 75.0,
            "10": 88.88888888888889
          },
          "prob_accuracy": {
            "0": 100.0,
            "10": 100.0
          }
        },
        "hm": {
          "time": {
            "0": 3.977,
            "10": 3.965
          },
          "accuracy": {
            "0": 75.0,
            "10": 80.55555555555556
          },
          "prob_accuracy": {
            "0": 100.0,
            "10": 100.0
          }
        },
        "rhw": {
          "time": {
            "0": 3.969,
            "10": 3.955
          },
          "accuracy": {
            "0": 75.0,
            "10": 83.33333333333334
          },
          "prob_accuracy": {
            "0": 100.0,
            "10": 100.0
          }
        },
        "zg": {
          "time": {
            "0": 3.988,
            "10": 3.974
          },
          "accuracy": {
            "0": 75.0,
            "10": 80.55555555555556
          },
          "prob_accuracy": {
            "0": 100.0,
            "10": 100.0
          }
        },
        "hoffmann": {
          "time": {
            "0": 41.068,
            "10": 40.949
          },
          "accuracy": {
            "0": 75.0,
            "10": 80.55555555555556
          },
          "prob_accuracy": {
            "0": 100.0,
            "10": 100.0
          }
        },
        "observations_avg": 5.75
      },
      "75": {
        "exhaust": {
          "time": {
            "0": 4.24,
            "10": 4.19
          },
          "accuracy": {
            "0": 80.55555555555556,
            "10": 94.44444444444444
          },
          "prob_accuracy": {
            "0": 100.0,
            "10": 100.0
          }
        },
        "hm": {
          "time": {
            "0": 4.247,
            "10": 4.248
          },
          "accuracy": {
            "0": 80.55555555555556,
            "10": 91.66666666666666
          },
          "prob_accuracy": {
            "0": 100.0,
            "10": 100.0
          }
        },
        "rhw": {
          "time": {
            "0": 4.218,
            "10": 4.107
          },
          "accuracy": {
            "0": 80.55555555555556,
            "10": 91.66666666666666
          },
          "prob_accuracy": {
            "0": 100.0,
            "10": 100.0
          }
        },
        "zg": {
          "time": {
            "0": 4.145,
            "10": 4.221
          },
          "accuracy": {
            "0": 80.55555555555556,
            "10": 91.66666666666666
          },
          "prob_accuracy": {
            "0": 100.0,
            "10": 100.0
          }
        },
        "hoffmann": {
          "time": {
            "0": 42.072,
            "10": 41.625
          },
          "accuracy": {
            "0": 80.55555555555556,
            "10": 91.66666666666666
          },
          "prob_accuracy": {
            "0": 100.0,
            "10": 100.0
          }
        },
        "observations_avg": 8.416666666666666
      },
      "100": {
        "exhaust": {
          "time": {
            "0": 4.334,
            "10": 4.311
          },
          "accuracy": {
            "0": 97.22222222222221,
            "10": 100.0
          },
          "prob_accuracy": {
            "0": 100.0,
            "10": 100.0
          }
        },
        "hm": {
          "time": {
            "0": 4.394,
            "10": 4.443
          },
          "accuracy": {
            "0": 97.22222222222221,
            "10": 100.0
          },
          "prob_accuracy": {
            "0": 100.0,
            "10": 100.0
          }
        },
        "rhw": {
          "time": {
            "0": 4.37,
            "10": 4.263
          },
          "accuracy": {
            "0": 94.44444444444444,
            "10": 100.0
          },
          "prob_accuracy": {
            "0": 100.0,
            "10": 100.0
          }
        },
        "zg": {
          "time": {
            "0": 4.387,
            "10": 4.394
          },
          "accuracy": {
            "0": 97.22222222222221,
            "10": 100.0
          },
          "prob_accuracy": {
            "0": 100.0,
            "10": 100.0
          }
        },
        "hoffmann": {
          "time": {
            "0": 42.861,
            "10": 42.761
          },
          "accuracy": {
            "0": 97.22222222222221,
            "10": 100.0
          },
          "prob_accuracy": {
            "0": 100.0,
            "10": 100.0
          }
        },
        "observations_avg": 10.75
      }
    },
    "landmarks_avg": {
      "exhaust": 18.500000000000004,
      "hm": 10.222222222222236,
      "rhw": 14.833333333333336,
      "zg": 10.222222222222236,
      "hoffmann": 10.222222222222236
    },
    "spread": {
      "25": {
        "exhaust": {
          "0": 2.611111111111111,
          "10": 3.5
        },
        "hm": {
          "0": 2.75,
          "10": 3.0555555555555554
        },
        "rhw": {
          "0": 2.75,
          "10": 3.0555555555555554
        },
        "zg": {
          "0": 2.75,
          "10": 3.0555555555555554
        },
        "hoffmann": {
          "0": 2.75,
          "10": 3.0555555555555554
        }
      },
      "50": {
        "exhaust": {
          "0": 2.111111111111111,
          "10": 3.138888888888889
        },
        "hm": {
          "0": 2.111111111111111,
          "10": 2.861111111111111
        },
        "rhw": {
          "0": 2.138888888888889,
          "10": 2.9722222222222223
        },
        "zg": {
          "0": 2.111111111111111,
          "10": 2.861111111111111
        },
        "hoffmann": {
          "0": 2.111111111111111,
          "10": 2.861111111111111
        }
      },
      "75": {
        "exhaust": {
          "0": 1.4444444444444444,
          "10": 2.5833333333333335
        },
        "hm": {
          "0": 1.4444444444444444,
          "10": 2.4166666666666665
        },
        "rhw": {
          "0": 1.5277777777777777,
          "10": 2.5
        },
        "zg": {
          "0": 1.4444444444444444,
          "10": 2.4166666666666665
        },