{
  "satellite_noisy": {
    "problems": 144,
    "goals_avg": 6.0,
    "observations": {
      "25": {
        "exhaust": {
          "time": {
            "0": 3.585,
            "10": 3.564
          },
          "accuracy": {
            "0": 61.111111111111114,
            "10": 69.44444444444444
          }
        },
        "hm": {
          "time": {
            "0": 3.598,
            "10": 3.588
          },
          "accuracy": {
            "0": 63.888888888888886,
            "10": 63.888888888888886
          }
        },
        "rhw": {
          "time": {
            "0": 3.577,
            "10": 3.56
          },
          "accuracy": {
            "0": 63.888888888888886,
            "10": 63.888888888888886
          }
        },
        "zg": {
          "time": {
            "0": 3.561,
            "10": 3.552
          },
          "accuracy": {
            "0": 63.888888888888886,
            "10": 63.888888888888886
          }
        },
        "hoffmann": {
          "time": {
            "0": 6.972,
            "10": 7.127
          },
          "accuracy": {
            "0": 63.888888888888886,
            "10": 63.888888888888886
          }
        },
        "observations_avg": 3.3333333333333335
      },
      "50": {
        "exhaust": {
          "time": {
            "0": 5.255,
            "10": 4.972
          },
          "accuracy": {
            "0": 75.0,
            "10": 88.88888888888889
          }
        },
        "hm": {
          "time": {
            "0": 5.282,
            "10": 5.147
          },
          "accuracy": {
            "0": 75.0,
            "10": 80.55555555555556
          }
        },
        "rhw": {
          "time": {
            "0": 5.11,
            "10": 5.098
          },
          "accuracy": {
            "0": 75.0,
            "10": 83.33333333333334
          }
        },
        "zg": {
          "time": {
            "0": 5.155,
            "10": 4.996
          },
          "accuracy": {
            "0": 75.0,
            "10": 80.55555555555556
          }
        },
        "hoffmann": {
          "time": {
            "0": 10.94,
            "10": 11.362
          },
          "accuracy": {
            "0": 75.0,
            "10": 80.55555555555556
          }
        },
        "observations_avg": 5.75
      },
      "75": {
        "exhaust": {
          "time": {
            "0": 3.889,
            "10": 3.914
          },
          "accuracy": {
            "0": 80.55555555555556,
            "10": 94.44444444444444
          }
        },
        "hm": {
          "time": {
            "0": 3.86,
            "10": 3.929
          },
          "accuracy": {
            "0": 80.55555555555556,
            "10": 91.66666666666666
          }
        },
        "rhw": {
          "time": {
            "0": 3.786,
            "10": 3.772
          },
          "accuracy": {
            "0": 80.55555555555556,
            "10": 91.66666666666666
          }
        },
        "zg": {
          "time": {
            "0": 3.787,
            "10": 3.744
          },
          "accuracy": {
            "0": 80.55555555555556,
            "10": 91.66666666666666
          }
        },
        "hoffmann": {
          "time": {
            "0": 7.708,
            "10": 7.364
          },
          "accuracy": {
            "0": 80.55555555555556,
            "10": 91.66666666666666
          }
        },
        "observations_avg": 8.416666666666666
      },
      "100": {
        "exhaust": {
          "time": {
            "0": 3.413,
            "10": 3.328
          },
          "accuracy": {
            "0": 97.22222222222221,
            "10": 100.0
          }
        },
        "hm": {
          "time": {
            "0": 3.515,
            "10": 3.492
          },
          "accuracy": {
            "0": 97.22222222222221,
            "10": 100.0
          }
        },
        "rhw": {
          "time": {
            "0": 3.334,
            "10": 3.367
          },
          "accuracy": {
            "0": 94.44444444444444,
            "10": 100.0
          }
        },
        "zg": {
          "time": {
            "0": 3.301,
            "10": 3.333
          },
          "accuracy": {
            "0": 97.22222222222221,
            "10": 100.0
          }
        },
        "hoffmann": {
          "time": {
            "0": 6.433,
            "10": 6.481
          },
          "accuracy": {
            "0": 97.22222222222221,
            "10": 100.0
          }
        },
        "observations_avg": 10.75
      }
    },
    "landmarks_avg": {
      "exhaust": 18.499999999999993,
      "hm": 10.222222222222237,
      "rhw": 14.833333333333321,
      "zg": 10.222222222222237,
      "hoffmann": 10.222222222222237
    },
    "spread": {
      "25": {
        "exhaust": {
          "0": 2.611111111111111,
          "10": 3.5
        },
        "hm": {
          "0": 2.75,
          "10": 3.0555555555555554
        },
        "rhw": {
          "0": 2.75,
          "10": 3.0555555555555554
        },
        "zg": {
          "0": 2.75,
          "10": 3.0555555555555554
        },
        "hoffmann": {
          "0": 2.75,
          "10": 3.0555555555555554
        }
      },
      "50": {
        "exhaust": {
          "0": 2.111111111111111,
          "10": 3.138888888888889
        },
        "hm": {
          "0": 2.111111111111111,
          "10": 2.861111111111111
        },
        "rhw": {
          "0": 2.138888888888889,
          "10": 2.9722222222222223
        },
        "zg": {
          "0": 2.111111111111111,
          "10": 2.861111111111111
        },
        "hoffmann": {
          "0": 2.111111111111111,
          "10": 2.861111111111111
        }
      },
      "75": {
        "exhaust": {
          "0": 1.4444444444444444,
          "10": 2.5833333333333335
        },
        "hm": {
          "0": 1.4444444444444444,
          "10": 2.4166666666666665
        },
        "rhw": {
          "0": 1.5277777777777777,
          "10": 2.5
        },
        "zg": {
          "0": 1.4444444444444444,
          "10": 2.4166666666666665
        },
        "hoffmann": {
          "0": 1.4444444444444444,
          "10": 2.4166666666666665
        }
      },
      "100": {
        "exhaust": {
          "0": 1.4166666666666667,
          "10": 2.388888888888889
        },
        "hm": {
          "0": 1.4444444444444444,
          "10": 2.3333333333333335
        },
        "rhw": {
          "0": 1.4722222222222223,
          "10": 2.3055555555555554
        },
        "zg": {
          "0": 1.4444444444444444,
          "10": 2.3333333333333335
        },
        "hoffmann": {
          "0": 1.4444444444444444,
          "10": 2.3333333333333335
        }
      }
    }
  }
}