{
  "satellite_noisy": {
    "problems": 144,
    "goals_avg": 6.0,
    "observations": {
      "25": {
        "exhaust": {
          "time": {
            "0": 10.56,
            "10": 10.561,
            "20": 10.653,
            "30": 10.538
          },
          "accuracy": {
            "0": 61.111111111111114,
            "10": 69.44444444444444,
            "20": 77.77777777777779,
            "30": 86.11111111111111
          }
        },
        "hm": {
          "time": {
            "0": 10.784,
            "10": 10.711,
            "20": 10.693,
            "30": 10.734
          },
          "accuracy": {
            "0": 63.888888888888886,
            "10": 63.888888888888886,
            "20": 77.77777777777779,
            "30": 83.33333333333334
          }
        },
        "rhw": {
          "time": {
            "0": 10.524,
            "10": 10.615,
            "20": 10.475,
            "30": 10.466
          },
          "accuracy": {
            "0": 63.888888888888886,
            "10": 63.888888888888886,
            "20": 77.77777777777779,
            "30": 86.11111111111111
          }
        },
        "zg": {
          "time": {
            "0": 10.671,
            "10": 10.609,
            "20": 10.694,
            "30": 10.535
          },
          "accuracy": {
            "0": 63.888888888888886,
            "10": 63.888888888888886,
            "20": 77.77777777777779,
            "30": 83.33333333333334
          }
        },
        "observations_avg": 3.3333333333333335
      },
      "50": {
        "exhaust": {
          "time": {
            "0": 7.492,
            "10": 7.336,
            "20": 7.339,
            "30": 7.365
          },
          "accuracy": {
            "0": 75.0,
            "10": 88.88888888888889,
            "20": 94.44444444444444,
            "30": 97.22222222222221
          }
        },
        "hm": {
          "time": {
            "0": 7.367,
            "10": 7.362,
            "20": 7.488,
            "30": 7.562
          },
          "accuracy": {
            "0": 75.0,
            "10": 80.55555555555556,
            "20": 94.44444444444444,
            "30": 94.44444444444444
          }
        },
        "rhw": {
          "time": {
            "0": 7.373,
            "10": 7.327,
            "20": 7.347,
            "30": 7.42
          },
          "accuracy": {
            "0": 75.0,
            "10": 83.33333333333334,
            "20": 94.44444444444444,
            "30": 94.44444444444444
          }
        },
        "zg": {
          "time": {
            "0": 7.263,
            "10": 7.39,
            "20": 7.417,
            "30": 7.363
          },
          "accuracy": {
            "0": 75.0,
            "10": 80.55555555555556,
            "20": 94.44444444444444,
            "30": 94.44444444444444
          }
        },
        "observations_avg": 5.75
      },
      "75": {
        "exhaust": {
          "time": {
            "0": 11.023,
            "10": 10.821,
            "20": 10.992,
            "30": 10.867
          },
          "accuracy": {
            "0": 80.55555555555556,
            "10": 94.44444444444444,
            "20": 97.22222222222221,
            "30": 100.0
          }
        },
        "hm": {
          "time": {
            "0": 10.944,
            "10": 11.138,
            "20": 10.905,
            "30": 11.069
          },
          "accuracy": {
            "0": 80.55555555555556,
            "10": 91.66666666666666,
            "20": 94.44444444444444,
            "30": 100.0
          }
        },
        "rhw": {
          "time": {
            "0": 10.867,
            "10": 10.875,
            "20": 11.01,
            "30": 10.96
          },
          "accuracy": {
            "0": 80.55555555555556,
            "10": 91.66666666666666,
            "20": 97.22222222222221,
            "30": 100.0
          }
        },
        "zg": {
          "time": {
            "0": 10.949,
            "10": 10.974,
            "20": 10.893,
            "30": 10.999
          },
          "accuracy": {
            "0": 80.55555555555556,
            "10": 91.66666666666666,
            "20": 94.44444444444444,
            "30": 100.0
          }
        },
        "observations_avg": 8.416666666666666
      },
      "100": {
        "exhaust": {
          "time": {
            "0": 5.424,
            "10": 5.463,
            "20": 5.437,
            "30": 5.333
          },
          "accuracy": {
            "0": 97.22222222222221,
            "10": 100.0,
            "20": 100.0,
            "30": 100.0
          }
        },
        "hm": {
          "time": {
            "0": 5.502,
            "10": 5.477,
            "20": 5.536,
            "30": 5.505
          },
          "accuracy": {
            "0": 97.22222222222221,
            "10": 100.0,
            "20": 100.0,
            "30": 100.0
          }
        },
        "rhw": {
          "time": {
            "0": 5.436,
            "10": 5.434,
            "20": 5.537,
            "30": 5.411
          },
          "accuracy": {
            "0": 94.44444444444444,
            "10": 100.0,
            "20": 100.0,
            "30": 100.0
          }
        },
        "zg": {
          "time": {
            "0": 5.405,
            "10": 5.468,
            "20": 5.488,
            "30": 5.386
          },
          "accuracy": {
            "0": 97.22222222222221,
            "10": 100.0,
            "20": 100.0,
            "30": 100.0
          }
        },
        "observations_avg": 10.75
      }
    },
    "landmarks_avg": {
      "exhaust": 18.50000000000001,
      "hm": 10.222222222222191,
      "rhw": 14.833333333333359,
      "zg": 10.222222222222191
    },
    "spread": {
      "25": {
        "exhaust": {
          "0": 2.611111111111111,
          "10": 3.5,
          "20": 4.361111111111111,
          "30": 4.861111111111111
        },
        "hm": {
          "0": 2.75,
          "10": 3.0555555555555554,
          "20": 4.305555555555555,
          "30": 4.694444444444445
        },
        "rhw": {
          "0": 2.75,
          "10": 3.0555555555555554,
          "20": 4.333333333333333,
          "30": 4.75
        },
        "zg": {
          "0": 2.75,
          "10": 3.0555555555555554,
          "20": 4.305555555555555,
          "30": 4.694444444444445
        }
      },
      "50": {
        "exhaust": {
          "0": 2.111111111111111,
          "10": 3.138888888888889,
          "20": 4.694444444444445,
          "30": 5.111111111111111
        },
        "hm": {
          "0": 2.111111111111111,
          "10": 2.861111111111111,
          "20": 4.277777777777778,
          "30": 4.833333333333333
        },
        "rhw": {
          "0": 2.138888888888889,
          "10": 2.9722222222222223,
          "20": 4.527777777777778,
          "30": 4.861111111111111
        },
        "zg": {
          "0": 2.111111111111111,
          "10": 2.861111111111111,
          "20": 4.277777777777778,
          "30": 4.833333333333333
        }
      },
      "75": {
        "exhaust": {
          "0": 1.4444444444444444,
          "10": 2.5833333333333335,
          "20": 3.8055555555555554,
          "30": 5.25
        },
        "hm": {
          "0": 1.4444444444444444,
          "10": 2.4166666666666665,
          "20": 3.5555555555555554,
          "30": 4.722222222222222
        },
        "rhw": {
          "0": 1.5277777777777777,
          "10": 2.5,
          "20": 3.8055555555555554,
          "30": 4.833333333333333
        },
        "zg": {
          "0": 1.4444444444444444,
          "10": 2.4166666666666665,
          "20": 3.5555555555555554,
          "30": 4.722222222222222
        }
      },
      "100": {
        "exhaust": {
          "0": 1.4166666666666667,
          "10": 2.388888888888889,
          "20": 3.75,
          "30": 5.166666666666667
        },
        "hm": {
          "0": 1.4444444444444444,