{
  "sokoban": {
    "problems": 364,
    "goals_avg": 7.142857142857143,
    "observations": {
      "10": {
        "hoffmann": {
          "time": {
            "0": 33.733,
            "10": 33.715,
            "20": 33.562,
            "30": 33.743
          },
          "accuracy": {
            "0": 36.904761904761905,
            "10": 38.095238095238095,
            "20": 40.476190476190474,
            "30": 41.66666666666667
          }
        },
        "observations_avg": 3.1785714285714284
      },
      "30": {
        "hoffmann": {
          "time": {
            "0": 26.099,
            "10": 25.997,
            "20": 25.946,
            "30": 26.017
          },
          "accuracy": {
            "0": 48.80952380952381,
            "10": 53.57142857142857,
            "20": 64.28571428571429,
            "30": 69.04761904761905
          }
        },
        "observations_avg": 8.821428571428571
      },
      "50": {
        "hoffmann": {
          "time": {
            "0": 53.778,
            "10": 53.613,
            "20": 53.611,
            "30": 53.291
          },
          "accuracy": {
            "0": 63.095238095238095,
            "10": 66.66666666666666,
            "20": 77.38095238095238,
            "30": 79.76190476190477
          }
        },
        "observations_avg": 14.071428571428571
      },
      "70": {
        "hoffmann": {
          "time": {
            "0": 39.568,
            "10": 39.547,
            "20": 39.953,
            "30": 39.721
          },
          "accuracy": {
            "0": 76.19047619047619,
            "10": 76.19047619047619,
            "20": 85.71428571428571,
            "30": 89.28571428571429
          }
        },
        "observations_avg": 19.857142857142858
      },
      "100": {
        "hoffmann": {
          "time": {
            "0": 52.061,
            "10": 52.983,
            "20": 52.182,
            "30": 52.681
          },
          "accuracy": {
            "0": 100.0,
            "10": 100.0,
            "20": 100.0,
            "30": 100.0
          }
        },
        "observations_avg": 27.714285714285715
      }
    },
    "landmarks_avg": {
      "hoffmann": 9.767857142857146
    },
    "spread": {
      "10": {
        "hoffmann": {
          "0": 1.1904761904761905,
          "10": 1.2738095238095237,
          "20": 1.4761904761904763,
          "30": 1.6666666666666667
        }
      },
      "30": {
        "hoffmann": {
          "0": 1.1428571428571428,
          "10": 1.2619047619047619,
          "20": 1.5714285714285714,
          "30": 1.9047619047619047
        }
      },
      "50": {
        "hoffmann": {
          "0": 1.1904761904761905,
          "10": 1.3571428571428572,
          "20": 1.8571428571428572,
          "30": 2.3452380952380953
        }
      },
      "70": {
        "hoffmann": {
          "0": 1.0357142857142858,
          "10": 1.1904761904761905,
          "20": 1.5238095238095237,
          "30": 2.0833333333333335
        }
      },
      "100": {
        "hoffmann": {
          "0": 1.0,
          "10": 1.0714285714285714,
          "20": 1.4642857142857142,
          "30": 2.1785714285714284
        }
      }
    }
  }
}