{
  "sokoban": {
    "problems": 364,
    "goals_avg": 7.142857142857143,
    "observations": {
      "10": {
        "exhaust": {
          "time": {
            "0": 5.248,
            "10": 5.268,
            "20": 5.296,
            "30": 5.327
          },
          "accuracy": {
            "0": 57.14285714285714,
            "10": 86.90476190476191,
            "20": 94.04761904761905,
            "30": 100.0
          }
        },
        "hm": {
          "time": {
            "0": 62.197,
            "10": 62.301,
            "20": 62.377,
            "30": 62.382
          },
          "accuracy": {
            "0": 47.61904761904761,
            "10": 50.0,
            "20": 55.952380952380956,
            "30": 66.66666666666666
          }
        },
        "rhw": {
          "time": {
            "0": 4.994,
            "10": 5.028,
            "20": 4.989,
            "30": 4.975
          },
          "accuracy": {
            "0": 35.714285714285715,
            "10": 41.66666666666667,
            "20": 46.42857142857143,
            "30": 47.61904761904761
          }
        },
        "zg": {
          "time": {
            "0": 5.135,
            "10": 5.051,
            "20": 5.114,
            "30": 5.042
          },
          "accuracy": {
            "0": 41.66666666666667,
            "10": 46.42857142857143,
            "20": 48.80952380952381,
            "30": 54.761904761904766
          }
        },
        "observations_avg": 3.1785714285714284
      },
      "30": {
        "exhaust": {
          "time": {
            "0": 4.545,
            "10": 4.541,
            "20": 4.548,
            "30": 4.539
          },
          "accuracy": {
            "0": 75.0,
            "10": 92.85714285714286,
            "20": 100.0,
            "30": 100.0
          }
        },
        "hm": {
          "time": {
            "0": 55.058,
            "10": 55.179,
            "20": 55.191,
            "30": 55.066
          },
          "accuracy": {
            "0": 60.71428571428571,
            "10": 64.28571428571429,
            "20": 76.19047619047619,
            "30": 86.90476190476191
          }
        },
        "rhw": {
          "time": {
            "0": 4.303,
            "10": 4.293,
            "20": 4.291,
            "30": 4.289
          },
          "accuracy": {
            "0": 55.952380952380956,
            "10": 63.095238095238095,
            "20": 65.47619047619048,
            "30": 70.23809523809523
          }
        },
        "zg": {
          "time": {
            "0": 4.348,
            "10": 4.337,
            "20": 4.33,
            "30": 4.331
          },
          "accuracy": {
            "0": 57.14285714285714,
            "10": 65.47619047619048,
            "20": 70.23809523809523,
            "30": 75.0
          }
        },
        "observations_avg": 8.821428571428571
      },
      "50": {
        "exhaust": {
          "time": {
            "0": 15.237,
            "10": 15.201,
            "20": 15.164,
            "30": 15.196
          },
          "accuracy": {
            "0": 72.61904761904762,
            "10": 96.42857142857143,
            "20": 100.0,
            "30": 100.0
          }
        },
        "hm": {
          "time": {
            "0": 149.296,
            "10": 149.235,
            "20": 149.079,
            "30": 148.042
          },
          "accuracy": {
            "0": 71.42857142857143,
            "10": 80.95238095238095,
            "20": 90.47619047619048,
            "30": 96.42857142857143
          }
        },
        "rhw": {
          "time": {
            "0": 14.658,
            "10": 14.53,
            "20": 14.452,
            "30": 14.417
          },
          "accuracy": {
            "0": 70.23809523809523,
            "10": 79.76190476190477,
            "20": 80.95238095238095,
            "30": 88.09523809523809
          }
        },
        "zg": {
          "time": {
            "0": 14.759,
            "10": 14.62,
            "20": 14.593,
            "30": 14.532
          },
          "accuracy": {
            "0": 72.61904761904762,
            "10": 77.38095238095238,
            "20": 86.90476190476191,
            "30": 88.09523809523809
          }
        },
        "observations_avg": 14.071428571428571
      },
      "70": {
        "exhaust": {
          "time": {
            "0": 6.989,
            "10": 6.964,
            "20": 6.951,
            "30": 6.993
          },
          "accuracy": {
            "0": 88.09523809523809,
            "10": 100.0,
            "20": 100.0,
            "30": 100.0
          }
        },
        "hm": {
          "time": {
            "0": 75.756,
            "10": 75.504,
            "20": 75.359,
            "30": 75.081
          },
          "accuracy": {
            "0": 85.71428571428571,
            "10": 94.04761904761905,
            "20": 96.42857142857143,
            "30": 100.0
          }
        },
        "rhw": {
          "time": {
            "0": 6.576,
            "10": 6.636,
            "20": 6.649,
            "30": 6.585
          },
          "accuracy": {
            "0": 85.71428571428571,
            "10": 89.28571428571429,
            "20": 92.85714285714286,
            "30": 96.42857142857143
          }
        },
        "zg": {
          "time": {
            "0": 6.77,
            "10": 6.678,
            "20": 6.601,
            "30": 6.649
          },
          "accuracy": {
            "0": 84.52380952380952,
            "10": 88.09523809523809,
            "20": 95.23809523809523,
            "30": 97.61904761904762
          }
        },
        "observations_avg": 19.857142857142858
      },
      "100": {
        "exhaust": {
          "time": {
            "0": 12.305,
            "10": 12.383,
            "20": 12.644,
            "30": 12.728
          },
          "accuracy": {
            "0": 100.0,
            "10": 100.0,
            "20": 100.0,
            "30": 100.0
          }
        },
        "hm": {
          "time": {
            "0": 137.013,
            "10": 138.231,
            "20": 139.1,
            "30": 139.345
          },
          "accuracy": {
            "0": 100.0,
            "10": 100.0,
            "20": 100.0,
            "30": 100.0
          }
        },
        "rhw": {
          "time": {
            "0": 11.775,
            "10": 11.887,
            "20": 12.015,
            "30": 12.529
          },
          "accuracy": {
            "0": 100.0,
            "10": 100.0,
            "20": 100.0,
            "30": 100.0
          }
        },
        "zg": {
          "time": {
            "0": 11.918,
            "10": 12.177,
            "20": 12.334,
            "30": 12.694
          },
          "accuracy": {
            "0": 100.0,
            "10": 100.0,
            "20": 100.0,
            "30": 100.0
          }
        },
        "observations_avg": 27.714285714285715
      }
    },
    "landmarks_avg": {
      "exhaust": 74.82023809523737,
      "hm": 14.292857142857095,
      "rhw": 9.96309523809524,
      "zg": 10.850000000000037
    },
    "spread": {
      "10": {
        "exhaust": {
          "0": 2.3452380952380953,
          "10": 4.333333333333333,
          "20": 5.273809523809524,
          "30": 6.0476190476190474
        },
        "hm": {
          "0": 1.7976190476190477,
          "10": 2.2142857142857144,
          "20": 2.5833333333333335,
          "30": 3.2261904761904763
        },
        "rhw": {
          "0": 1.619047619047619,
          "10": 1.7619047619047619,
          "20": 2.0476190476190474,
          "30": 2.1904761904761907
        },
        "zg": {
          "0": 1.8928571428571428,
          "10": 2.0238095238095237,
          "20": 2.1666666666666665,
          "30": 2.5714285714285716
        }
      },
      "30": {
        "exhaust": {
          "0": 1.5714285714285714,
          "10": 2.988095238095238,