{
  "sokoban": {
    "problems": 364,
    "goals_avg": 7.142857142857143,
    "observations": {
      "10": {
        "exhaust": {
          "time": {
            "0": 4.445,
            "10": 4.452,
            "20": 4.449,
            "30": 4.448
          },
          "accuracy": {
            "0": 54.761904761904766,
            "10": 79.76190476190477,
            "20": 92.85714285714286,
            "30": 97.61904761904762
          }
        },
        "hm": {
          "time": {
            "0": 53.205,
            "10": 53.292,
            "20": 53.317,
            "30": 53.281
          },
          "accuracy": {
            "0": 59.523809523809526,
            "10": 61.904761904761905,
            "20": 67.85714285714286,
            "30": 73.80952380952381
          }
        },
        "rhw": {
          "time": {
            "0": 4.202,
            "10": 4.204,
            "20": 4.204,
            "30": 4.206
          },
          "accuracy": {
            "0": 57.14285714285714,
            "10": 60.71428571428571,
            "20": 65.47619047619048,
            "30": 65.47619047619048
          }
        },
        "zg": {
          "time": {
            "0": 4.235,
            "10": 4.263,
            "20": 4.257,
            "30": 4.249
          },
          "accuracy": {
            "0": 60.71428571428571,
            "10": 63.095238095238095,
            "20": 65.47619047619048,
            "30": 67.85714285714286
          }
        },
        "observations_avg": 3.1785714285714284
      },
      "30": {
        "exhaust": {
          "time": {
            "0": 4.902,
            "10": 4.9,
            "20": 4.918,
            "30": 4.923
          },
          "accuracy": {
            "0": 76.19047619047619,
            "10": 90.47619047619048,
            "20": 100.0,
            "30": 100.0
          }
        },
        "hm": {
          "time": {
            "0": 48.739,
            "10": 48.802,
            "20": 48.567,
            "30": 48.769
          },
          "accuracy": {
            "0": 63.095238095238095,
            "10": 66.66666666666666,
            "20": 76.19047619047619,
            "30": 85.71428571428571
          }
        },
        "rhw": {
          "time": {
            "0": 4.568,
            "10": 4.591,
            "20": 4.621,
            "30": 4.601
          },
          "accuracy": {
            "0": 60.71428571428571,
            "10": 67.85714285714286,
            "20": 69.04761904761905,
            "30": 70.23809523809523
          }
        },
        "zg": {
          "time": {
            "0": 4.649,
            "10": 4.657,
            "20": 4.679,
            "30": 4.682
          },
          "accuracy": {
            "0": 61.904761904761905,
            "10": 67.85714285714286,
            "20": 70.23809523809523,
            "30": 75.0
          }
        },
        "observations_avg": 8.821428571428571
      },
      "50": {
        "exhaust": {
          "time": {
            "0": 5.624,
            "10": 5.562,
            "20": 5.609,
            "30": 5.629
          },
          "accuracy": {
            "0": 72.61904761904762,
            "10": 96.42857142857143,
            "20": 100.0,
            "30": 100.0
          }
        },
        "hm": {
          "time": {
            "0": 63.429,
            "10": 63.161,
            "20": 63.307,
            "30": 63.435
          },
          "accuracy": {
            "0": 72.61904761904762,
            "10": 78.57142857142857,
            "20": 88.09523809523809,
            "30": 95.23809523809523
          }
        },
        "rhw": {
          "time": {
            "0": 5.252,
            "10": 5.311,
            "20": 5.317,
            "30": 5.285
          },
          "accuracy": {
            "0": 73.80952380952381,
            "10": 82.14285714285714,
            "20": 83.33333333333334,
            "30": 85.71428571428571
          }
        },
        "zg": {
          "time": {
            "0": 5.416,
            "10": 5.38,
            "20": 5.336,
            "30": 5.364
          },
          "accuracy": {
            "0": 72.61904761904762,
            "10": 77.38095238095238,
            "20": 85.71428571428571,
            "30": 85.71428571428571
          }
        },
        "observations_avg": 14.071428571428571
      },
      "70": {
        "exhaust": {
          "time": {
            "0": 4.64,
            "10": 4.659,
            "20": 4.653,
            "30": 4.627
          },
          "accuracy": {
            "0": 88.09523809523809,
            "10": 100.0,
            "20": 100.0,
            "30": 100.0
          }
        },
        "hm": {
          "time": {
            "0": 56.397,
            "10": 56.321,
            "20": 56.276,
            "30": 56.041
          },
          "accuracy": {
            "0": 85.71428571428571,
            "10": 94.04761904761905,
            "20": 96.42857142857143,
            "30": 98.80952380952381
          }
        },
        "rhw": {
          "time": {
            "0": 4.416,
            "10": 4.422,
            "20": 4.396,
            "30": 4.396
          },
          "accuracy": {
            "0": 85.71428571428571,
            "10": 89.28571428571429,
            "20": 92.85714285714286,
            "30": 96.42857142857143
          }
        },
        "zg": {
          "time": {
            "0": 4.45,
            "10": 4.438,
            "20": 4.449,
            "30": 4.445
          },
          "accuracy": {
            "0": 84.52380952380952,
            "10": 88.09523809523809,
            "20": 95.23809523809523,
            "30": 97.61904761904762
          }
        },
        "observations_avg": 19.857142857142858
      },
      "100": {
        "exhaust": {
          "time": {
            "0": 5.966,
            "10": 5.95,
            "20": 5.958,
            "30": 5.867
          },
          "accuracy": {
            "0": 100.0,
            "10": 100.0,
            "20": 100.0,
            "30": 100.0
          }
        },
        "hm": {
          "time": {
            "0": 65.61,
            "10": 65.124,
            "20": 65.294,
            "30": 65.385
          },
          "accuracy": {
            "0": 100.0,
            "10": 100.0,
            "20": 100.0,
            "30": 100.0
          }
        },
        "rhw": {
          "time": {
            "0": 5.656,
            "10": 5.601,
            "20": 5.573,
            "30": 5.601
          },
          "accuracy": {
            "0": 100.0,
            "10": 100.0,
            "20": 100.0,
            "30": 100.0
          }
        },
        "zg": {
          "time": {
            "0": 5.667,
            "10": 5.625,
            "20": 5.676,
            "30": 5.638
          },
          "accuracy": {
            "0": 100.0,
            "10": 100.0,
            "20": 100.0,
            "30": 100.0
          }
        },
        "observations_avg": 27.714285714285715
      }
    },
    "landmarks_avg": {
      "exhaust": 74.82023809523737,
      "hm": 14.292857142857095,
      "rhw": 9.96309523809524,
      "zg": 10.850000000000037
    }
  }
}