{
  "sokoban": {
    "problems": 364,
    "goals_avg": 7.142857142857143,
    "observations": {
      "10": {
        "exhaust": {
          "time": {
            "0": 5.112,
            "10": 5.088
          },
          "accuracy": {
            "0": 57.14285714285714,
            "10": 86.90476190476191
          },
          "prob_accuracy": {
            "0": 100.0,
            "10": 100.0
          }
        },
        "hm": {
          "time": {
            "0": 57.909,
            "10": 57.843
          },
          "accuracy": {
            "0": 47.61904761904761,
            "10": 50.0
          },
          "prob_accuracy": {
            "0": 100.0,
            "10": 100.0
          }
        },
        "rhw": {
          "time": {
            "0": 4.818,
            "10": 4.832
          },
          "accuracy": {
            "0": 35.714285714285715,
            "10": 41.66666666666667
          },
          "prob_accuracy": {
            "0": 100.0,
            "10": 100.0
          }
        },
        "zg": {
          "time": {
            "0": 4.884,
            "10": 4.902
          },
          "accuracy": {
            "0": 41.66666666666667,
            "10": 46.42857142857143
          },
          "prob_accuracy": {
            "0": 100.0,
            "10": 100.0
          }
        },
        "hoffmann": {
          "time": {
            "0": 45.481,
            "10": 45.455
          },
          "accuracy": {
            "0": 36.904761904761905,
            "10": 38.095238095238095
          },
          "prob_accuracy": {
            "0": 100.0,
            "10": 100.0
          }
        },
        "observations_avg": 3.1785714285714284
      },
      "30": {
        "exhaust": {
          "time": {
            "0": 4.797,
            "10": 4.818
          },
          "accuracy": {
            "0": 75.0,
            "10": 92.85714285714286
          },
          "prob_accuracy": {
            "0": 100.0,
            "10": 100.0
          }
        },
        "hm": {
          "time": {
            "0": 53.653,
            "10": 53.702
          },
          "accuracy": {
            "0": 60.71428571428571,
            "10": 64.28571428571429
          },
          "prob_accuracy": {
            "0": 100.0,
            "10": 100.0
          }
        },
        "rhw": {
          "time": {
            "0": 4.545,
            "10": 4.553
          },
          "accuracy": {
            "0": 55.952380952380956,
            "10": 63.095238095238095
          },
          "prob_accuracy": {
            "0": 100.0,
            "10": 100.0
          }
        },
        "zg": {
          "time": {
            "0": 4.591,
            "10": 4.562
          },
          "accuracy": {
            "0": 57.14285714285714,
            "10": 65.47619047619048
          },
          "prob_accuracy": {
            "0": 100.0,
            "10": 100.0
          }
        },
        "hoffmann": {
          "time": {
            "0": 44.776,
            "10": 44.798
          },
          "accuracy": {
            "0": 48.80952380952381,
            "10": 53.57142857142857
          },
          "prob_accuracy": {
            "0": 100.0,
            "10": 100.0
          }
        },
        "observations_avg": 8.821428571428571
      },
      "50": {
        "exhaust": {
          "time": {
            "0": 4.96,
            "10": 4.937
          },
          "accuracy": {
            "0": 72.61904761904762,
            "10": 96.42857142857143
          },
          "prob_accuracy": {
            "0": 100.0,
            "10": 100.0
          }
        },
        "hm": {
          "time": {
            "0": 53.644,
            "10": 53.657
          },
          "accuracy": {
            "0": 71.42857142857143,
            "10": 80.95238095238095
          },
          "prob_accuracy": {
            "0": 100.0,
            "10": 100.0
          }
        },
        "rhw": {
          "time": {
            "0": 4.696,
            "10": 4.7
          },
          "accuracy": {
            "0": 70.23809523809523,
            "10": 79.76190476190477
          },
          "prob_accuracy": {
            "0": 100.0,
            "10": 100.0
          }
        },
        "zg": {
          "time": {
            "0": 4.754,
            "10": 4.707
          },
          "accuracy": {
            "0": 72.61904761904762,
            "10": 77.38095238095238
          },
          "prob_accuracy": {
            "0": 100.0,
            "10": 100.0
          }
        },
        "hoffmann": {
          "time": {
            "0": 44.906,
            "10": 44.893
          },
          "accuracy": {
            "0": 63.095238095238095,
            "10": 66.66666666666666
          },
          "prob_accuracy": {
            "0": 100.0,
            "10": 100.0
          }
        },
        "observations_avg": 14.071428571428571
      },
      "70": {
        "exhaust": {
          "time": {
            "0": 7.563,
            "10": 7.527
          },
          "accuracy": {
            "0": 88.09523809523809,
            "10": 100.0
          },
          "prob_accuracy": {
            "0": 100.0,
            "10": 100.0
          }
        },
        "hm": {
          "time": {
            "0": 75.921,
            "10": 76.161
          },
          "accuracy": {
            "0": 85.71428571428571,
            "10": 94.04761904761905
          },
          "prob_accuracy": {
            "0": 100.0,
            "10": 100.0
          }
        },
        "rhw": {
          "time": {
            "0": 7.149,
            "10": 7.114
          },
          "accuracy": {
            "0": 85.71428571428571,
            "10": 89.28571428571429
          },
          "prob_accuracy": {
            "0": 100.0,
            "10": 100.0
          }
        },
        "zg": {
          "time": {
            "0": 7.24,
            "10": 7.222
          },
          "accuracy": {
            "0": 84.52380952380952,
            "10": 88.09523809523809
          },
          "prob_accuracy": {
            "0": 100.0,
            "10": 100.0
          }
        },
        "hoffmann": {
          "time": {
            "0": 52.678,
            "10": 52.85
          },
          "accuracy": {
            "0": 76.19047619047619,
            "10": 76.19047619047619
          },
          "prob_accuracy": {
            "0": 100.0,
            "10": 100.0
          }
        },
        "observations_avg": 19.857142857142858
      },
      "100": {
        "exhaust": {
          "time": {
            "0": 4.762,
            "10": 4.863
          },
          "accuracy": {
            "0": 100.0,
            "10": 100.0
          },
          "prob_accuracy": {
            "0": 100.0,
            "10": 100.0
          }
        },
        "hm": {
          "time": {
            "0": 54.069,
            "10": 54.057
          },
          "accuracy": {
            "0": 100.0,
            "10": 100.0
          },
          "prob_accuracy": {
            "0": 100.0,
            "10": 100.0
          }
        },
        "rhw": {
          "time": {
            "0": 4.596,
            "10": 4.587
          },
          "accuracy": {
            "0": 100.0,
            "10": 100.0
          },
          "prob_accuracy": {
            "0": 100.0,
            "10": 100.0
          }
        },
        "zg": {
          "time": {
            "0": 4.566,
            "10": 4.618
          },
          "accuracy": {
            "0": 100.0,
            "10": 100.0
          },
          "prob_accuracy": {
            "0": 100.0,
            "10": 100.0
          }
        },
        "hoffmann": {
          "time": {
            "0": 44.898,
            "10": 44.858
          },
          "accuracy": {
            "0": 100.0,
            "10": 100.0
          },
          "prob_accuracy": {
            "0": 100.0,
            "10": 100.0
          }
        },