{
  "sokoban": {
    "problems": 364,
    "goals_avg": 7.142857142857143,
    "observations": {
      "10": {
        "exhaust": {
          "time": {
            "0": 4.507,
            "10": 4.5,
            "20": 4.502,
            "30": 4.515
          },
          "accuracy": {
            "0": 54.761904761904766,
            "10": 79.76190476190477,
            "20": 92.85714285714286,
            "30": 97.61904761904762
          }
        },
        "hm": {
          "time": {
            "0": 54.527,
            "10": 54.461,
            "20": 54.213,
            "30": 54.366
          },
          "accuracy": {
            "0": 59.523809523809526,
            "10": 61.904761904761905,
            "20": 67.85714285714286,
            "30": 73.80952380952381
          }
        },
        "rhw": {
          "time": {
            "0": 4.26,
            "10": 4.264,
            "20": 4.25,
            "30": 4.248
          },
          "accuracy": {
            "0": 57.14285714285714,
            "10": 60.71428571428571,
            "20": 65.47619047619048,
            "30": 65.47619047619048
          }
        },
        "zg": {
          "time": {
            "0": 4.305,
            "10": 4.306,
            "20": 4.297,
            "30": 4.279
          },
          "accuracy": {
            "0": 60.71428571428571,
            "10": 63.095238095238095,
            "20": 65.47619047619048,
            "30": 67.85714285714286
          }
        },
        "observations_avg": 3.1785714285714284
      },
      "30": {
        "exhaust": {
          "time": {
            "0": 4.528,
            "10": 4.546,
            "20": 4.549,
            "30": 4.545
          },
          "accuracy": {
            "0": 76.19047619047619,
            "10": 90.47619047619048,
            "20": 100.0,
            "30": 100.0
          }
        },
        "hm": {
          "time": {
            "0": 50.533,
            "10": 50.611,
            "20": 50.514,
            "30": 50.355
          },
          "accuracy": {
            "0": 63.095238095238095,
            "10": 66.66666666666666,
            "20": 76.19047619047619,
            "30": 85.71428571428571
          }
        },
        "rhw": {
          "time": {
            "0": 4.267,
            "10": 4.31,
            "20": 4.277,
            "30": 4.289
          },
          "accuracy": {
            "0": 60.71428571428571,
            "10": 67.85714285714286,
            "20": 69.04761904761905,
            "30": 70.23809523809523
          }
        },
        "zg": {
          "time": {
            "0": 4.331,
            "10": 4.351,
            "20": 4.353,
            "30": 4.328
          },
          "accuracy": {
            "0": 61.904761904761905,
            "10": 67.85714285714286,
            "20": 70.23809523809523,
            "30": 75.0
          }
        },
        "observations_avg": 8.821428571428571
      },
      "50": {
        "exhaust": {
          "time": {
            "0": 5.879,
            "10": 5.887,
            "20": 5.883,
            "30": 5.892
          },
          "accuracy": {
            "0": 72.61904761904762,
            "10": 96.42857142857143,
            "20": 100.0,
            "30": 100.0
          }
        },
        "hm": {
          "time": {
            "0": 66.231,
            "10": 66.441,
            "20": 66.143,
            "30": 65.986
          },
          "accuracy": {
            "0": 72.61904761904762,
            "10": 78.57142857142857,
            "20": 88.09523809523809,
            "30": 95.23809523809523
          }
        },
        "rhw": {
          "time": {
            "0": 5.532,
            "10": 5.575,
            "20": 5.571,
            "30": 5.557
          },
          "accuracy": {
            "0": 73.80952380952381,
            "10": 82.14285714285714,
            "20": 83.33333333333334,
            "30": 85.71428571428571
          }
        },
        "zg": {
          "time": {
            "0": 5.641,
            "10": 5.591,
            "20": 5.585,
            "30": 5.634
          },
          "accuracy": {
            "0": 72.61904761904762,
            "10": 77.38095238095238,
            "20": 85.71428571428571,
            "30": 85.71428571428571
          }
        },
        "observations_avg": 14.071428571428571
      },
      "70": {
        "exhaust": {
          "time": {
            "0": 4.741,
            "10": 4.778,
            "20": 4.725,
            "30": 4.723
          },
          "accuracy": {
            "0": 88.09523809523809,
            "10": 100.0,
            "20": 100.0,
            "30": 100.0
          }
        },
        "hm": {
          "time": {
            "0": 57.819,
            "10": 57.702,
            "20": 57.66,
            "30": 57.716
          },
          "accuracy": {
            "0": 85.71428571428571,
            "10": 94.04761904761905,
            "20": 96.42857142857143,
            "30": 98.80952380952381
          }
        },
        "rhw": {
          "time": {
            "0": 4.482,
            "10": 4.516,
            "20": 4.464,
            "30": 4.481
          },
          "accuracy": {
            "0": 85.71428571428571,
            "10": 89.28571428571429,
            "20": 92.85714285714286,
            "30": 96.42857142857143
          }
        },
        "zg": {
          "time": {
            "0": 4.537,
            "10": 4.551,
            "20": 4.591,
            "30": 4.555
          },
          "accuracy": {
            "0": 84.52380952380952,
            "10": 88.09523809523809,
            "20": 95.23809523809523,
            "30": 97.61904761904762
          }
        },
        "observations_avg": 19.857142857142858
      },
      "100": {
        "exhaust": {
          "time": {
            "0": 5.95,
            "10": 5.954,
            "20": 5.954,
            "30": 5.977
          },
          "accuracy": {
            "0": 100.0,
            "10": 100.0,
            "20": 100.0,
            "30": 100.0
          }
        },
        "hm": {
          "time": {
            "0": 65.974,
            "10": 65.728,
            "20": 65.702,
            "30": 65.79
          },
          "accuracy": {
            "0": 100.0,
            "10": 100.0,
            "20": 100.0,
            "30": 100.0
          }
        },
        "rhw": {
          "time": {
            "0": 5.763,
            "10": 5.693,
            "20": 5.691,
            "30": 5.577
          },
          "accuracy": {
            "0": 100.0,
            "10": 100.0,
            "20": 100.0,
            "30": 100.0
          }
        },
        "zg": {
          "time": {
            "0": 5.778,
            "10": 5.751,
            "20": 5.61,
            "30": 5.685
          },
          "accuracy": {
            "0": 100.0,
            "10": 100.0,
            "20": 100.0,
            "30": 100.0
          }
        },
        "observations_avg": 27.714285714285715
      }
    },
    "landmarks_avg": {
      "exhaust": 74.82023809523737,
      "hm": 14.292857142857095,
      "rhw": 9.96309523809524,
      "zg": 10.850000000000037
    },
    "spread": {
      "10": {
        "exhaust": {
          "0": 2.3452380952380953,
          "10": 4.0,
          "20": 5.119047619047619,
          "30": 5.7976190476190474
        },
        "hm": {
          "0": 2.7023809523809526,
          "10": 2.8333333333333335,
          "20": 3.0238095238095237,
          "30": 3.380952380952381
        },
        "rhw": {
          "0": 2.5952380952380953,
          "10": 2.7023809523809526,
          "20": 2.9166666666666665,
          "30": 2.9761904761904763
        },
        "zg": {
          "0": 2.7857142857142856,
          "10": 2.880952380952381,
          "20": 2.9523809523809526,
          "30": 3.1666666666666665
        }
      },
      "30": {
        "exhaust": {
          "0": 1.5714285714285714,
          "10": 2.8214285714285716,