{
  "sokoban": {
    "problems": 364,
    "goals_avg": 7.142857142857143,
    "observations": {
      "10": {
        "exhaust": {
          "time": {
            "0": 4.472,
            "10": 4.468,
            "20": 4.474,
            "30": 4.462
          },
          "accuracy": {
            "0": 32.142857142857146,
            "10": 42.857142857142854,
            "20": 44.047619047619044,
            "30": 54.761904761904766
          }
        },
        "hm": {
          "time": {
            "0": 53.436,
            "10": 53.358,
            "20": 53.349,
            "30": 53.522
          },
          "accuracy": {
            "0": 40.476190476190474,
            "10": 41.66666666666667,
            "20": 42.857142857142854,
            "30": 46.42857142857143
          }
        },
        "rhw": {
          "time": {
            "0": 4.22,
            "10": 4.216,
            "20": 4.201,
            "30": 4.217
          },
          "accuracy": {
            "0": 46.42857142857143,
            "10": 46.42857142857143,
            "20": 46.42857142857143,
            "30": 48.80952380952381
          }
        },
        "zg": {
          "time": {
            "0": 4.238,
            "10": 4.244,
            "20": 4.253,
            "30": 4.247
          },
          "accuracy": {
            "0": 45.23809523809524,
            "10": 46.42857142857143,
            "20": 46.42857142857143,
            "30": 50.0
          }
        },
        "observations_avg": 3.1785714285714284
      },
      "30": {
        "exhaust": {
          "time": {
            "0": 4.874,
            "10": 4.884,
            "20": 4.869,
            "30": 4.899
          },
          "accuracy": {
            "0": 57.14285714285714,
            "10": 65.47619047619048,
            "20": 67.85714285714286,
            "30": 71.42857142857143
          }
        },
        "hm": {
          "time": {
            "0": 48.927,
            "10": 48.825,
            "20": 48.86,
            "30": 48.813
          },
          "accuracy": {
            "0": 52.38095238095239,
            "10": 54.761904761904766,
            "20": 59.523809523809526,
            "30": 60.71428571428571
          }
        },
        "rhw": {
          "time": {
            "0": 4.577,
            "10": 4.585,
            "20": 4.595,
            "30": 4.602
          },
          "accuracy": {
            "0": 51.19047619047619,
            "10": 51.19047619047619,
            "20": 55.952380952380956,
            "30": 59.523809523809526
          }
        },
        "zg": {
          "time": {
            "0": 4.647,
            "10": 4.65,
            "20": 4.656,
            "30": 4.653
          },
          "accuracy": {
            "0": 50.0,
            "10": 52.38095238095239,
            "20": 58.333333333333336,
            "30": 60.71428571428571
          }
        },
        "observations_avg": 8.821428571428571
      },
      "50": {
        "exhaust": {
          "time": {
            "0": 5.686,
            "10": 5.664,
            "20": 5.616,
            "30": 5.622
          },
          "accuracy": {
            "0": 60.71428571428571,
            "10": 66.66666666666666,
            "20": 66.66666666666666,
            "30": 70.23809523809523
          }
        },
        "hm": {
          "time": {
            "0": 63.558,
            "10": 63.435,
            "20": 63.346,
            "30": 63.515
          },
          "accuracy": {
            "0": 60.71428571428571,
            "10": 65.47619047619048,
            "20": 67.85714285714286,
            "30": 67.85714285714286
          }
        },
        "rhw": {
          "time": {
            "0": 5.316,
            "10": 5.296,
            "20": 5.284,
            "30": 5.312
          },
          "accuracy": {
            "0": 59.523809523809526,
            "10": 61.904761904761905,
            "20": 64.28571428571429,
            "30": 66.66666666666666
          }
        },
        "zg": {
          "time": {
            "0": 5.378,
            "10": 5.4,
            "20": 5.391,
            "30": 5.382
          },
          "accuracy": {
            "0": 60.71428571428571,
            "10": 63.095238095238095,
            "20": 65.47619047619048,
            "30": 66.66666666666666
          }
        },
        "observations_avg": 14.071428571428571
      },
      "70": {
        "exhaust": {
          "time": {
            "0": 4.661,
            "10": 4.682,
            "20": 4.652,
            "30": 4.654
          },
          "accuracy": {
            "0": 82.14285714285714,
            "10": 83.33333333333334,
            "20": 85.71428571428571,
            "30": 89.28571428571429
          }
        },
        "hm": {
          "time": {
            "0": 56.423,
            "10": 56.362,
            "20": 56.374,
            "30": 56.288
          },
          "accuracy": {
            "0": 83.33333333333334,
            "10": 85.71428571428571,
            "20": 88.09523809523809,
            "30": 89.28571428571429
          }
        },
        "rhw": {
          "time": {
            "0": 4.413,
            "10": 4.387,
            "20": 4.409,
            "30": 4.382
          },
          "accuracy": {
            "0": 80.95238095238095,
            "10": 84.52380952380952,
            "20": 86.90476190476191,
            "30": 86.90476190476191
          }
        },
        "zg": {
          "time": {
            "0": 4.454,
            "10": 4.433,
            "20": 4.457,
            "30": 4.425
          },
          "accuracy": {
            "0": 82.14285714285714,
            "10": 84.52380952380952,
            "20": 86.90476190476191,
            "30": 88.09523809523809
          }
        },
        "observations_avg": 19.857142857142858
      },
      "100": {
        "exhaust": {
          "time": {
            "0": 5.941,
            "10": 5.953,
            "20": 5.935,
            "30": 5.889
          },
          "accuracy": {
            "0": 100.0,
            "10": 100.0,
            "20": 100.0,
            "30": 100.0
          }
        },
        "hm": {
          "time": {
            "0": 65.873,
            "10": 65.279,
            "20": 65.488,
            "30": 65.746
          },
          "accuracy": {
            "0": 100.0,
            "10": 100.0,
            "20": 100.0,
            "30": 100.0
          }
        },
        "rhw": {
          "time": {
            "0": 5.577,
            "10": 5.649,
            "20": 5.615,
            "30": 5.576
          },
          "accuracy": {
            "0": 100.0,
            "10": 100.0,
            "20": 100.0,
            "30": 100.0
          }
        },
        "zg": {
          "time": {
            "0": 5.649,
            "10": 5.638,
            "20": 5.648,
            "30": 5.655
          },
          "accuracy": {
            "0": 100.0,
            "10": 100.0,
            "20": 100.0,
            "30": 100.0
          }
        },
        "observations_avg": 27.714285714285715
      }
    },
    "landmarks_avg": {
      "exhaust": 74.82023809523737,
      "hm": 14.292857142857095,
      "rhw": 9.96309523809524,
      "zg": 10.850000000000037
    },
    "spread": {
      "10": {
        "exhaust": {
          "0": 1.2023809523809523,
          "10": 1.6428571428571428,
          "20": 1.7619047619047619,
          "30": 2.5
        },
        "hm": {
          "0": 1.9761904761904763,
          "10": 2.107142857142857,
          "20": 2.1666666666666665,
          "30": 2.2976190476190474
        },
        "rhw": {
          "0": 2.3214285714285716,
          "10": 2.3333333333333335,
          "20": 2.4166666666666665,
          "30": 2.511904761904762
        },
        "zg": {
          "0": 2.3214285714285716,
          "10": 2.357142857142857,
          "20": 2.4047619047619047,
          "30": 2.5238095238095237
        }
      },