{
  "sokoban": {
    "problems": 364,
    "goals_avg": 7.142857142857143,
    "observations": {
      "10": {
        "exhaust": {
          "time": {
            "0": 5.202,
            "10": 5.236
          },
          "accuracy": {
            "0": 57.14285714285714,
            "10": 86.90476190476191
          }
        },
        "hm": {
          "time": {
            "0": 61.498,
            "10": 61.403
          },
          "accuracy": {
            "0": 47.61904761904761,
            "10": 50.0
          }
        },
        "rhw": {
          "time": {
            "0": 4.944,
            "10": 4.937
          },
          "accuracy": {
            "0": 35.714285714285715,
            "10": 41.66666666666667
          }
        },
        "zg": {
          "time": {
            "0": 4.998,
            "10": 4.917
          },
          "accuracy": {
            "0": 41.66666666666667,
            "10": 46.42857142857143
          }
        },
        "hoffmann": {
          "time": {
            "0": 8.423,
            "10": 8.336
          },
          "accuracy": {
            "0": 36.904761904761905,
            "10": 38.095238095238095
          }
        },
        "observations_avg": 3.1785714285714284
      },
      "30": {
        "exhaust": {
          "time": {
            "0": 6.61,
            "10": 6.567
          },
          "accuracy": {
            "0": 75.0,
            "10": 92.85714285714286
          }
        },
        "hm": {
          "time": {
            "0": 73.611,
            "10": 73.507
          },
          "accuracy": {
            "0": 60.71428571428571,
            "10": 64.28571428571429
          }
        },
        "rhw": {
          "time": {
            "0": 6.27,
            "10": 6.337
          },
          "accuracy": {
            "0": 55.952380952380956,
            "10": 63.095238095238095
          }
        },
        "zg": {
          "time": {
            "0": 6.327,
            "10": 6.358
          },
          "accuracy": {
            "0": 57.14285714285714,
            "10": 65.47619047619048
          }
        },
        "hoffmann": {
          "time": {
            "0": 10.97,
            "10": 11.144
          },
          "accuracy": {
            "0": 48.80952380952381,
            "10": 53.57142857142857
          }
        },
        "observations_avg": 8.821428571428571
      },
      "50": {
        "exhaust": {
          "time": {
            "0": 7.411,
            "10": 7.476
          },
          "accuracy": {
            "0": 72.61904761904762,
            "10": 96.42857142857143
          }
        },
        "hm": {
          "time": {
            "0": 81.49,
            "10": 81.023
          },
          "accuracy": {
            "0": 71.42857142857143,
            "10": 80.95238095238095
          }
        },
        "rhw": {
          "time": {
            "0": 7.185,
            "10": 7.113
          },
          "accuracy": {
            "0": 70.23809523809523,
            "10": 79.76190476190477
          }
        },
        "zg": {
          "time": {
            "0": 7.24,
            "10": 7.137
          },
          "accuracy": {
            "0": 72.61904761904762,
            "10": 77.38095238095238
          }
        },
        "hoffmann": {
          "time": {
            "0": 12.789,
            "10": 12.697
          },
          "accuracy": {
            "0": 63.095238095238095,
            "10": 66.66666666666666
          }
        },
        "observations_avg": 14.071428571428571
      },
      "70": {
        "exhaust": {
          "time": {
            "0": 5.985,
            "10": 5.838
          },
          "accuracy": {
            "0": 88.09523809523809,
            "10": 100.0
          }
        },
        "hm": {
          "time": {
            "0": 68.058,
            "10": 67.625
          },
          "accuracy": {
            "0": 85.71428571428571,
            "10": 94.04761904761905
          }
        },
        "rhw": {
          "time": {
            "0": 5.62,
            "10": 5.591
          },
          "accuracy": {
            "0": 85.71428571428571,
            "10": 89.28571428571429
          }
        },
        "zg": {
          "time": {
            "0": 5.663,
            "10": 5.671
          },
          "accuracy": {
            "0": 84.52380952380952,
            "10": 88.09523809523809
          }
        },
        "hoffmann": {
          "time": {
            "0": 9.737,
            "10": 9.899
          },
          "accuracy": {
            "0": 76.19047619047619,
            "10": 76.19047619047619
          }
        },
        "observations_avg": 19.857142857142858
      },
      "100": {
        "exhaust": {
          "time": {
            "0": 7.532,
            "10": 7.447
          },
          "accuracy": {
            "0": 100.0,
            "10": 100.0
          }
        },
        "hm": {
          "time": {
            "0": 82.132,
            "10": 82.457
          },
          "accuracy": {
            "0": 100.0,
            "10": 100.0
          }
        },
        "rhw": {
          "time": {
            "0": 7.352,
            "10": 7.232
          },
          "accuracy": {
            "0": 100.0,
            "10": 100.0
          }
        },
        "zg": {
          "time": {
            "0": 7.293,
            "10": 7.399
          },
          "accuracy": {
            "0": 100.0,
            "10": 100.0
          }
        },
        "hoffmann": {
          "time": {
            "0": 12.791,
            "10": 12.869
          },
          "accuracy": {
            "0": 100.0,
            "10": 100.0
          }
        },
        "observations_avg": 27.714285714285715
      }
    },
    "landmarks_avg": {
      "exhaust": 74.82023809523821,
      "hm": 14.292857142857128,
      "rhw": 9.963095238095233,
      "zg": 10.849999999999982,
      "hoffmann": 9.767857142857142
    },
    "spread": {
      "10": {
        "exhaust": {
          "0": 2.3452380952380953,
          "10": 4.333333333333333
        },
        "hm": {
          "0": 1.7976190476190477,
          "10": 2.2142857142857144
        },
        "rhw": {
          "0": 1.619047619047619,
          "10": 1.7619047619047619
        },
        "zg": {
          "0": 1.8928571428571428,
          "10": 2.0238095238095237
        },
        "hoffmann": {
          "0": 1.1904761904761905,
          "10": 1.2738095238095237
        }
      },
      "30": {
        "exhaust": {
          "0": 1.5714285714285714,
          "10": 2.988095238095238
        },
        "hm": {
          "0": 1.3095238095238095,
          "10": 1.4642857142857142
        },
        "rhw": {
          "0": 1.2738095238095237,
          "10": 1.4642857142857142
        },
        "zg": {
          "0": 1.3571428571428572,
          "10": 1.4880952380952381
        },
        "hoffmann": {
          "0": 1.1428571428571428,
          "10": 1.2619047619047619
        }
      },
      "50": {
        "exhaust": {
          "0": 1.2976190476190477,
          "10": 3.380952380952381
        },
        "hm": {
          "0": 1.5357142857142858,
          "10": 1.7857142857142858
        },
        "rhw": {
          "0": 1.4285714285714286,
          "10": 1.7261904761904763
        },
        "zg": {
          "0": 1.5238095238095237,
          "10": 1.7738095238095237
        },
        "hoffmann": {
          "0": 1.1904761904761905,
          "10": 1.3571428571428572
        }
      },
      "70": {
        "exhaust": {
          "0": 1.1547619047619047,
          "10": 2.892857142857143
        },
        "hm": {
          "0": 1.1428571428571428,
          "10": 1.5119047619047619
        },
        "rhw": {
          "0": 1.1428571428571428,
          "10": 1.2857142857142858
        },
        "zg": {
          "0": 1.1547619047619047,
          "10": 1.3214285714285714
        },
        "hoffmann": {
          "0": 1.0357142857142858,