{
  "sokoban": {
    "problems": 364,
    "goals_avg": 7.142857142857143,
    "observations": {
      "10": {
        "exhaust": {
          "time": {
            "0": 4.513,
            "10": 4.507,
            "20": 4.513,
            "30": 4.522
          },
          "accuracy": {
            "0": 54.761904761904766,
            "10": 79.76190476190477,
            "20": 92.85714285714286,
            "30": 97.61904761904762
          }
        },
        "hm": {
          "time": {
            "0": 54.05,
            "10": 53.938,
            "20": 53.949,
            "30": 53.909
          },
          "accuracy": {
            "0": 59.523809523809526,
            "10": 61.904761904761905,
            "20": 67.85714285714286,
            "30": 73.80952380952381
          }
        },
        "rhw": {
          "time": {
            "0": 4.253,
            "10": 4.268,
            "20": 4.265,
            "30": 4.261
          },
          "accuracy": {
            "0": 57.14285714285714,
            "10": 60.71428571428571,
            "20": 65.47619047619048,
            "30": 65.47619047619048
          }
        },
        "zg": {
          "time": {
            "0": 4.315,
            "10": 4.309,
            "20": 4.29,
            "30": 4.31
          },
          "accuracy": {
            "0": 60.71428571428571,
            "10": 63.095238095238095,
            "20": 65.47619047619048,
            "30": 67.85714285714286
          }
        },
        "observations_avg": 3.1785714285714284
      },
      "30": {
        "exhaust": {
          "time": {
            "0": 4.381,
            "10": 4.379,
            "20": 4.372,
            "30": 4.367
          },
          "accuracy": {
            "0": 76.19047619047619,
            "10": 90.47619047619048,
            "20": 100.0,
            "30": 100.0
          }
        },
        "hm": {
          "time": {
            "0": 50.066,
            "10": 50.059,
            "20": 49.997,
            "30": 50.004
          },
          "accuracy": {
            "0": 63.095238095238095,
            "10": 66.66666666666666,
            "20": 76.19047619047619,
            "30": 85.71428571428571
          }
        },
        "rhw": {
          "time": {
            "0": 4.129,
            "10": 4.146,
            "20": 4.131,
            "30": 4.138
          },
          "accuracy": {
            "0": 60.71428571428571,
            "10": 67.85714285714286,
            "20": 69.04761904761905,
            "30": 70.23809523809523
          }
        },
        "zg": {
          "time": {
            "0": 4.175,
            "10": 4.181,
            "20": 4.182,
            "30": 4.187
          },
          "accuracy": {
            "0": 61.904761904761905,
            "10": 67.85714285714286,
            "20": 70.23809523809523,
            "30": 75.0
          }
        },
        "observations_avg": 8.821428571428571
      },
      "50": {
        "exhaust": {
          "time": {
            "0": 5.843,
            "10": 5.876,
            "20": 5.802,
            "30": 5.86
          },
          "accuracy": {
            "0": 72.61904761904762,
            "10": 96.42857142857143,
            "20": 100.0,
            "30": 100.0
          }
        },
        "hm": {
          "time": {
            "0": 64.986,
            "10": 64.998,
            "20": 64.885,
            "30": 64.912
          },
          "accuracy": {
            "0": 72.61904761904762,
            "10": 78.57142857142857,
            "20": 88.09523809523809,
            "30": 95.23809523809523
          }
        },
        "rhw": {
          "time": {
            "0": 5.555,
            "10": 5.52,
            "20": 5.529,
            "30": 5.551
          },
          "accuracy": {
            "0": 73.80952380952381,
            "10": 82.14285714285714,
            "20": 83.33333333333334,
            "30": 85.71428571428571
          }
        },
        "zg": {
          "time": {
            "0": 5.604,
            "10": 5.625,
            "20": 5.575,
            "30": 5.65
          },
          "accuracy": {
            "0": 72.61904761904762,
            "10": 77.38095238095238,
            "20": 85.71428571428571,
            "30": 85.71428571428571
          }
        },
        "observations_avg": 14.071428571428571
      },
      "70": {
        "exhaust": {
          "time": {
            "0": 4.742,
            "10": 4.754,
            "20": 4.741,
            "30": 4.724
          },
          "accuracy": {
            "0": 88.09523809523809,
            "10": 100.0,
            "20": 100.0,
            "30": 100.0
          }
        },
        "hm": {
          "time": {
            "0": 56.822,
            "10": 56.995,
            "20": 56.876,
            "30": 56.738
          },
          "accuracy": {
            "0": 85.71428571428571,
            "10": 94.04761904761905,
            "20": 96.42857142857143,
            "30": 98.80952380952381
          }
        },
        "rhw": {
          "time": {
            "0": 4.496,
            "10": 4.518,
            "20": 4.511,
            "30": 4.46
          },
          "accuracy": {
            "0": 85.71428571428571,
            "10": 89.28571428571429,
            "20": 92.85714285714286,
            "30": 96.42857142857143
          }
        },
        "zg": {
          "time": {
            "0": 4.506,
            "10": 4.554,
            "20": 4.527,
            "30": 4.526
          },
          "accuracy": {
            "0": 84.52380952380952,
            "10": 88.09523809523809,
            "20": 95.23809523809523,
            "30": 97.61904761904762
          }
        },
        "observations_avg": 19.857142857142858
      },
      "100": {
        "exhaust": {
          "time": {
            "0": 6.277,
            "10": 6.274,
            "20": 6.182,
            "30": 6.208
          },
          "accuracy": {
            "0": 100.0,
            "10": 100.0,
            "20": 100.0,
            "30": 100.0
          }
        },
        "hm": {
          "time": {
            "0": 67.226,
            "10": 67.867,
            "20": 67.259,
            "30": 67.387
          },
          "accuracy": {
            "0": 100.0,
            "10": 100.0,
            "20": 100.0,
            "30": 100.0
          }
        },
        "rhw": {
          "time": {
            "0": 6.023,
            "10": 5.933,
            "20": 5.924,
            "30": 5.916
          },
          "accuracy": {
            "0": 100.0,
            "10": 100.0,
            "20": 100.0,
            "30": 100.0
          }
        },
        "zg": {
          "time": {
            "0": 5.921,
            "10": 5.892,
            "20": 5.872,
            "30": 5.887
          },
          "accuracy": {
            "0": 100.0,
            "10": 100.0,
            "20": 100.0,
            "30": 100.0
          }
        },
        "observations_avg": 27.714285714285715
      }
    },
    "landmarks_avg": {
      "exhaust": 74.82023809523737,
      "hm": 14.292857142857095,
      "rhw": 9.96309523809524,
      "zg": 10.850000000000037
    }
  }
}