{
  "dwr": {
    "problems": 364,
    "goals_avg": 7.285714285714286,
    "observations": {
      "10": {
        "exhaust": {
          "time": {
            "0": 5.997,
            "10": 6.066
          },
          "accuracy": {
            "0": 45.23809523809524,
            "10": 96.42857142857143
          },
          "prob_accuracy": {
            "0": 100.0,
            "10": 100.0
          }
        },
        "hm": {
          "time": {
            "0": 67.801,
            "10": 67.683
          },
          "accuracy": {
            "0": 44.047619047619044,
            "10": 90.47619047619048
          },
          "prob_accuracy": {
            "0": 100.0,
            "10": 100.0
          }
        },
        "rhw": {
          "time": {
            "0": 5.878,
            "10": 5.911
          },
          "accuracy": {
            "0": 52.38095238095239,
            "10": 78.57142857142857
          },
          "prob_accuracy": {
            "0": 100.0,
            "10": 100.0
          }
        },
        "zg": {
          "time": {
            "0": 5.896,
            "10": 5.957
          },
          "accuracy": {
            "0": 44.047619047619044,
            "10": 83.33333333333334
          },
          "prob_accuracy": {
            "0": 100.0,
            "10": 100.0
          }
        },
        "hoffmann": {
          "time": {
            "0": 50.341,
            "10": 50.33
          },
          "accuracy": {
            "0": 40.476190476190474,
            "10": 79.76190476190477
          },
          "prob_accuracy": {
            "0": 100.0,
            "10": 100.0
          }
        },
        "observations_avg": 5.714285714285714
      },
      "30": {
        "exhaust": {
          "time": {
            "0": 4.674,
            "10": 4.622
          },
          "accuracy": {
            "0": 76.19047619047619,
            "10": 100.0
          },
          "prob_accuracy": {
            "0": 100.0,
            "10": 100.0
          }
        },
        "hm": {
          "time": {
            "0": 56.938,
            "10": 56.944
          },
          "accuracy": {
            "0": 69.04761904761905,
            "10": 98.80952380952381
          },
          "prob_accuracy": {
            "0": 100.0,
            "10": 100.0
          }
        },
        "rhw": {
          "time": {
            "0": 4.577,
            "10": 4.533
          },
          "accuracy": {
            "0": 71.42857142857143,
            "10": 97.61904761904762
          },
          "prob_accuracy": {
            "0": 100.0,
            "10": 100.0
          }
        },
        "zg": {
          "time": {
            "0": 4.57,
            "10": 4.605
          },
          "accuracy": {
            "0": 67.85714285714286,
            "10": 97.61904761904762
          },
          "prob_accuracy": {
            "0": 100.0,
            "10": 100.0
          }
        },
        "hoffmann": {
          "time": {
            "0": 46.119,
            "10": 46.063
          },
          "accuracy": {
            "0": 65.47619047619048,
            "10": 98.80952380952381
          },
          "prob_accuracy": {
            "0": 100.0,
            "10": 100.0
          }
        },
        "observations_avg": 16.0
      },
      "50": {
        "exhaust": {
          "time": {
            "0": 4.573,
            "10": 4.535
          },
          "accuracy": {
            "0": 83.33333333333334,
            "10": 100.0
          },
          "prob_accuracy": {
            "0": 100.0,
            "10": 100.0
          }
        },
        "hm": {
          "time": {
            "0": 56.543,
            "10": 56.518
          },
          "accuracy": {
            "0": 78.57142857142857,
            "10": 100.0
          },
          "prob_accuracy": {
            "0": 100.0,
            "10": 100.0
          }
        },
        "rhw": {
          "time": {
            "0": 4.451,
            "10": 4.48
          },
          "accuracy": {
            "0": 84.52380952380952,
            "10": 100.0
          },
          "prob_accuracy": {
            "0": 100.0,
            "10": 100.0
          }
        },
        "zg": {
          "time": {
            "0": 4.514,
            "10": 4.488
          },
          "accuracy": {
            "0": 75.0,
            "10": 100.0
          },
          "prob_accuracy": {
            "0": 100.0,
            "10": 100.0
          }
        },
        "hoffmann": {
          "time": {
            "0": 45.812,
            "10": 45.87
          },
          "accuracy": {
            "0": 83.33333333333334,
            "10": 100.0
          },
          "prob_accuracy": {
            "0": 100.0,
            "10": 100.0
          }
        },
        "observations_avg": 26.214285714285715
      },
      "70": {
        "exhaust": {
          "time": {
            "0": 5.985,
            "10": 5.979
          },
          "accuracy": {
            "0": 97.61904761904762,
            "10": 100.0
          },
          "prob_accuracy": {
            "0": 100.0,
            "10": 100.0
          }
        },
        "hm": {
          "time": {
            "0": 67.552,
            "10": 67.693
          },
          "accuracy": {
            "0": 96.42857142857143,
            "10": 100.0
          },
          "prob_accuracy": {
            "0": 100.0,
            "10": 100.0
          }
        },
        "rhw": {
          "time": {
            "0": 5.87,
            "10": 5.93
          },
          "accuracy": {
            "0": 97.61904761904762,
            "10": 100.0
          },
          "prob_accuracy": {
            "0": 100.0,
            "10": 100.0
          }
        },
        "zg": {
          "time": {
            "0": 5.93,
            "10": 5.96
          },
          "accuracy": {
            "0": 95.23809523809523,
            "10": 100.0
          },
          "prob_accuracy": {
            "0": 100.0,
            "10": 100.0
          }
        },
        "hoffmann": {
          "time": {
            "0": 50.311,
            "10": 50.042
          },
          "accuracy": {
            "0": 92.85714285714286,
            "10": 100.0
          },
          "prob_accuracy": {
            "0": 100.0,
            "10": 100.0
          }
        },
        "observations_avg": 36.857142857142854
      },
      "100": {
        "exhaust": {
          "time": {
            "0": 6.023,
            "10": 5.875
          },
          "accuracy": {
            "0": 100.0,
            "10": 100.0
          },
          "prob_accuracy": {
            "0": 100.0,
            "10": 100.0
          }
        },
        "hm": {
          "time": {
            "0": 67.322,
            "10": 67.062
          },
          "accuracy": {
            "0": 100.0,
            "10": 100.0
          },
          "prob_accuracy": {
            "0": 100.0,
            "10": 100.0
          }
        },
        "rhw": {
          "time": {
            "0": 5.883,
            "10": 5.857
          },
          "accuracy": {
            "0": 100.0,
            "10": 100.0
          },
          "prob_accuracy": {
            "0": 100.0,
            "10": 100.0
          }
        },
        "zg": {
          "time": {
            "0": 5.848,
            "10": 5.921
          },
          "accuracy": {
            "0": 100.0,
            "10": 100.0
          },
          "prob_accuracy": {
            "0": 100.0,
            "10": 100.0
          }
        },
        "hoffmann": {
          "time": {
            "0": 50.154,
            "10": 49.705
          },
          "accuracy": {
            "0": 100.0,
            "10": 100.0
          },
          "prob_accuracy": {
            "0": 100.0,
            "10": 100.0
          }
        },
        "observations_avg": 51.892857142857146
      }
    },
    "landmarks_avg": {
      "exhaust": 69.07397959183668,
      "hm": 47.55187074829931,