{
  "dwr": {
    "problems": 364,
    "goals_avg": 7.285714285714286,
    "observations": {
      "10": {
        "exhaust": {
          "time": {
            "0": 4.296,
            "10": 4.311
          },
          "accuracy": {
            "0": 45.23809523809524,
            "10": 96.42857142857143
          }
        },
        "hm": {
          "time": {
            "0": 55.83,
            "10": 55.729
          },
          "accuracy": {
            "0": 44.047619047619044,
            "10": 90.47619047619048
          }
        },
        "rhw": {
          "time": {
            "0": 4.218,
            "10": 4.288
          },
          "accuracy": {
            "0": 52.38095238095239,
            "10": 78.57142857142857
          }
        },
        "zg": {
          "time": {
            "0": 4.284,
            "10": 4.295
          },
          "accuracy": {
            "0": 44.047619047619044,
            "10": 83.33333333333334
          }
        },
        "hoffmann": {
          "time": {
            "0": 7.427,
            "10": 7.471
          },
          "accuracy": {
            "0": 40.476190476190474,
            "10": 79.76190476190477
          }
        },
        "observations_avg": 5.714285714285714
      },
      "30": {
        "exhaust": {
          "time": {
            "0": 4.792,
            "10": 4.709
          },
          "accuracy": {
            "0": 76.19047619047619,
            "10": 100.0
          }
        },
        "hm": {
          "time": {
            "0": 59.918,
            "10": 60.13
          },
          "accuracy": {
            "0": 69.04761904761905,
            "10": 98.80952380952381
          }
        },
        "rhw": {
          "time": {
            "0": 4.685,
            "10": 4.696
          },
          "accuracy": {
            "0": 71.42857142857143,
            "10": 97.61904761904762
          }
        },
        "zg": {
          "time": {
            "0": 4.709,
            "10": 4.727
          },
          "accuracy": {
            "0": 67.85714285714286,
            "10": 97.61904761904762
          }
        },
        "hoffmann": {
          "time": {
            "0": 8.279,
            "10": 8.409
          },
          "accuracy": {
            "0": 65.47619047619048,
            "10": 98.80952380952381
          }
        },
        "observations_avg": 16.0
      },
      "50": {
        "exhaust": {
          "time": {
            "0": 6.005,
            "10": 6.027
          },
          "accuracy": {
            "0": 83.33333333333334,
            "10": 100.0
          }
        },
        "hm": {
          "time": {
            "0": 72.721,
            "10": 72.484
          },
          "accuracy": {
            "0": 78.57142857142857,
            "10": 100.0
          }
        },
        "rhw": {
          "time": {
            "0": 6.013,
            "10": 5.974
          },
          "accuracy": {
            "0": 84.52380952380952,
            "10": 100.0
          }
        },
        "zg": {
          "time": {
            "0": 5.991,
            "10": 6.06
          },
          "accuracy": {
            "0": 75.0,
            "10": 100.0
          }
        },
        "hoffmann": {
          "time": {
            "0": 10.843,
            "10": 10.829
          },
          "accuracy": {
            "0": 83.33333333333334,
            "10": 100.0
          }
        },
        "observations_avg": 26.214285714285715
      },
      "70": {
        "exhaust": {
          "time": {
            "0": 5.146,
            "10": 5.16
          },
          "accuracy": {
            "0": 97.61904761904762,
            "10": 100.0
          }
        },
        "hm": {
          "time": {
            "0": 63.669,
            "10": 63.802
          },
          "accuracy": {
            "0": 96.42857142857143,
            "10": 100.0
          }
        },
        "rhw": {
          "time": {
            "0": 5.136,
            "10": 5.072
          },
          "accuracy": {
            "0": 97.61904761904762,
            "10": 100.0
          }
        },
        "zg": {
          "time": {
            "0": 5.117,
            "10": 5.084
          },
          "accuracy": {
            "0": 95.23809523809523,
            "10": 100.0
          }
        },
        "hoffmann": {
          "time": {
            "0": 9.157,
            "10": 9.071
          },
          "accuracy": {
            "0": 92.85714285714286,
            "10": 100.0
          }
        },
        "observations_avg": 36.857142857142854
      },
      "100": {
        "exhaust": {
          "time": {
            "0": 6.074,
            "10": 6.001
          },
          "accuracy": {
            "0": 100.0,
            "10": 100.0
          }
        },
        "hm": {
          "time": {
            "0": 72.213,
            "10": 72.91
          },
          "accuracy": {
            "0": 100.0,
            "10": 100.0
          }
        },
        "rhw": {
          "time": {
            "0": 5.89,
            "10": 6.011
          },
          "accuracy": {
            "0": 100.0,
            "10": 100.0
          }
        },
        "zg": {
          "time": {
            "0": 5.98,
            "10": 6.017
          },
          "accuracy": {
            "0": 100.0,
            "10": 100.0
          }
        },
        "hoffmann": {
          "time": {
            "0": 10.743,
            "10": 10.898
          },
          "accuracy": {
            "0": 100.0,
            "10": 100.0
          }
        },
        "observations_avg": 51.892857142857146
      }
    },
    "landmarks_avg": {
      "exhaust": 69.0739795918367,
      "hm": 47.55187074829932,
      "rhw": 43.14370748299311,
      "zg": 44.04761904761919,
      "hoffmann": 42.14880952380959
    },
    "spread": {
      "10": {
        "exhaust": {
          "0": 1.2976190476190477,
          "10": 4.392857142857143
        },
        "hm": {
          "0": 1.3214285714285714,
          "10": 3.8452380952380953
        },
        "rhw": {
          "0": 1.5357142857142858,
          "10": 3.6785714285714284
        },
        "zg": {
          "0": 1.2738095238095237,
          "10": 3.8095238095238093
        },
        "hoffmann": {
          "0": 1.119047619047619,
          "10": 3.380952380952381
        }
      },
      "30": {
        "exhaust": {
          "0": 1.1071428571428572,
          "10": 3.4166666666666665
        },
        "hm": {
          "0": 1.130952380952381,
          "10": 3.1785714285714284
        },
        "rhw": {
          "0": 1.1904761904761905,
          "10": 3.4642857142857144
        },
        "zg": {
          "0": 1.119047619047619,
          "10": 3.380952380952381
        },
        "hoffmann": {
          "0": 1.0119047619047619,
          "10": 2.9523809523809526
        }
      },
      "50": {
        "exhaust": {
          "0": 1.0357142857142858,
          "10": 3.1785714285714284
        },
        "hm": {
          "0": 1.0,
          "10": 2.9404761904761907
        },
        "rhw": {
          "0": 1.1071428571428572,
          "10": 3.142857142857143
        },
        "zg": {
          "0": 1.0,
          "10": 3.119047619047619
        },
        "hoffmann": {
          "0": 1.0119047619047619,
          "10": 2.5476190476190474
        }
      },
      "70": {
        "exhaust": {
          "0": 1.0357142857142858,
          "10": 2.6666666666666665
        },
        "hm": {
          "0": 1.0,
          "10": 2.6666666666666665
        },
        "rhw": {
          "0": 1.0476190476190477,
          "10": 2.7976190476190474
        },
        "zg": {
          "0": 1.0119047619047619,
          "10": 2.8333333333333335
        },
        "hoffmann": {
          "0": 1.0,
          "10": 2.392857142857143
        }
      },
      "100": {
        "exhaust": {
          "0": 1.0,
          "10": 2.2857142857142856
        },
        "hm": {
          "0": 1.0,