{
  "dwr": {
    "problems": 364,
    "goals_avg": 7.285714285714286,
    "observations": {
      "10": {
        "exhaust": {
          "time": {
            "0": 3.66,
            "10": 3.658,
            "20": 3.667,
            "30": 3.659
          },
          "accuracy": {
            "0": 45.23809523809524,
            "10": 96.42857142857143,
            "20": 98.80952380952381,
            "30": 100.0
          }
        },
        "hm": {
          "time": {
            "0": 48.889,
            "10": 48.98,
            "20": 48.973,
            "30": 48.883
          },
          "accuracy": {
            "0": 44.047619047619044,
            "10": 90.47619047619048,
            "20": 97.61904761904762,
            "30": 100.0
          }
        },
        "rhw": {
          "time": {
            "0": 3.618,
            "10": 3.602,
            "20": 3.602,
            "30": 3.595
          },
          "accuracy": {
            "0": 52.38095238095239,
            "10": 78.57142857142857,
            "20": 96.42857142857143,
            "30": 98.80952380952381
          }
        },
        "zg": {
          "time": {
            "0": 3.659,
            "10": 3.645,
            "20": 3.648,
            "30": 3.644
          },
          "accuracy": {
            "0": 44.047619047619044,
            "10": 83.33333333333334,
            "20": 97.61904761904762,
            "30": 98.80952380952381
          }
        },
        "observations_avg": 5.714285714285714
      },
      "30": {
        "exhaust": {
          "time": {
            "0": 3.625,
            "10": 3.612,
            "20": 3.633,
            "30": 3.599
          },
          "accuracy": {
            "0": 76.19047619047619,
            "10": 100.0,
            "20": 100.0,
            "30": 100.0
          }
        },
        "hm": {
          "time": {
            "0": 45.916,
            "10": 45.772,
            "20": 45.786,
            "30": 45.867
          },
          "accuracy": {
            "0": 69.04761904761905,
            "10": 98.80952380952381,
            "20": 100.0,
            "30": 100.0
          }
        },
        "rhw": {
          "time": {
            "0": 3.58,
            "10": 3.574,
            "20": 3.576,
            "30": 3.579
          },
          "accuracy": {
            "0": 71.42857142857143,
            "10": 97.61904761904762,
            "20": 100.0,
            "30": 100.0
          }
        },
        "zg": {
          "time": {
            "0": 3.597,
            "10": 3.596,
            "20": 3.605,
            "30": 3.616
          },
          "accuracy": {
            "0": 67.85714285714286,
            "10": 97.61904761904762,
            "20": 100.0,
            "30": 100.0
          }
        },
        "observations_avg": 16.0
      },
      "50": {
        "exhaust": {
          "time": {
            "0": 4.739,
            "10": 4.769,
            "20": 4.787,
            "30": 4.71
          },
          "accuracy": {
            "0": 83.33333333333334,
            "10": 100.0,
            "20": 100.0,
            "30": 100.0
          }
        },
        "hm": {
          "time": {
            "0": 57.655,
            "10": 57.671,
            "20": 57.79,
            "30": 57.656
          },
          "accuracy": {
            "0": 78.57142857142857,
            "10": 100.0,
            "20": 100.0,
            "30": 100.0
          }
        },
        "rhw": {
          "time": {
            "0": 4.673,
            "10": 4.64,
            "20": 4.66,
            "30": 4.683
          },
          "accuracy": {
            "0": 84.52380952380952,
            "10": 100.0,
            "20": 100.0,
            "30": 100.0
          }
        },
        "zg": {
          "time": {
            "0": 4.677,
            "10": 4.714,
            "20": 4.711,
            "30": 4.68
          },
          "accuracy": {
            "0": 75.0,
            "10": 100.0,
            "20": 100.0,
            "30": 100.0
          }
        },
        "observations_avg": 26.214285714285715
      },
      "70": {
        "exhaust": {
          "time": {
            "0": 3.849,
            "10": 3.835,
            "20": 3.869,
            "30": 3.867
          },
          "accuracy": {
            "0": 97.61904761904762,
            "10": 100.0,
            "20": 100.0,
            "30": 100.0
          }
        },
        "hm": {
          "time": {
            "0": 51.272,
            "10": 51.137,
            "20": 51.13,
            "30": 51.033
          },
          "accuracy": {
            "0": 96.42857142857143,
            "10": 100.0,
            "20": 100.0,
            "30": 100.0
          }
        },
        "rhw": {
          "time": {
            "0": 3.815,
            "10": 3.764,
            "20": 3.762,
            "30": 3.764
          },
          "accuracy": {
            "0": 97.61904761904762,
            "10": 100.0,
            "20": 100.0,
            "30": 100.0
          }
        },
        "zg": {
          "time": {
            "0": 3.807,
            "10": 3.823,
            "20": 3.804,
            "30": 3.839
          },
          "accuracy": {
            "0": 95.23809523809523,
            "10": 100.0,
            "20": 100.0,
            "30": 100.0
          }
        },
        "observations_avg": 36.857142857142854
      },
      "100": {
        "exhaust": {
          "time": {
            "0": 4.759,
            "10": 4.855,
            "20": 4.768,
            "30": 4.798
          },
          "accuracy": {
            "0": 100.0,
            "10": 100.0,
            "20": 100.0,
            "30": 100.0
          }
        },
        "hm": {
          "time": {
            "0": 57.735,
            "10": 57.724,
            "20": 58.14,
            "30": 58.299
          },
          "accuracy": {
            "0": 100.0,
            "10": 100.0,
            "20": 100.0,
            "30": 100.0
          }
        },
        "rhw": {
          "time": {
            "0": 4.678,
            "10": 4.679,
            "20": 4.752,
            "30": 4.732
          },
          "accuracy": {
            "0": 100.0,
            "10": 100.0,
            "20": 100.0,
            "30": 100.0
          }
        },
        "zg": {
          "time": {
            "0": 4.69,
            "10": 4.793,
            "20": 4.889,
            "30": 4.754
          },
          "accuracy": {
            "0": 100.0,
            "10": 100.0,
            "20": 100.0,
            "30": 100.0
          }
        },
        "observations_avg": 51.892857142857146
      }
    },
    "landmarks_avg": {
      "exhaust": 69.07397959183656,
      "hm": 47.551870748299244,
      "rhw": 43.14370748299328,
      "zg": 44.04761904761876
    }
  }
}