{
  "dwr": {
    "problems": 364,
    "goals_avg": 7.285714285714286,
    "observations": {
      "10": {
        "exhaust": {
          "time": {
            "0": 3.665,
            "10": 3.667,
            "20": 3.665,
            "30": 3.663
          },
          "accuracy": {
            "0": 40.476190476190474,
            "10": 53.57142857142857,
            "20": 65.47619047619048,
            "30": 76.19047619047619
          }
        },
        "hm": {
          "time": {
            "0": 48.895,
            "10": 48.949,
            "20": 48.971,
            "30": 48.988
          },
          "accuracy": {
            "0": 41.66666666666667,
            "10": 48.80952380952381,
            "20": 54.761904761904766,
            "30": 71.42857142857143
          }
        },
        "rhw": {
          "time": {
            "0": 3.594,
            "10": 3.617,
            "20": 3.615,
            "30": 3.608
          },
          "accuracy": {
            "0": 32.142857142857146,
            "10": 51.19047619047619,
            "20": 67.85714285714286,
            "30": 73.80952380952381
          }
        },
        "zg": {
          "time": {
            "0": 3.662,
            "10": 3.66,
            "20": 3.648,
            "30": 3.642
          },
          "accuracy": {
            "0": 35.714285714285715,
            "10": 47.61904761904761,
            "20": 59.523809523809526,
            "30": 71.42857142857143
          }
        },
        "observations_avg": 5.714285714285714
      },
      "30": {
        "exhaust": {
          "time": {
            "0": 3.635,
            "10": 3.646,
            "20": 3.638,
            "30": 3.626
          },
          "accuracy": {
            "0": 66.66666666666666,
            "10": 77.38095238095238,
            "20": 85.71428571428571,
            "30": 94.04761904761905
          }
        },
        "hm": {
          "time": {
            "0": 45.906,
            "10": 45.813,
            "20": 45.802,
            "30": 46.027
          },
          "accuracy": {
            "0": 55.952380952380956,
            "10": 66.66666666666666,
            "20": 77.38095238095238,
            "30": 88.09523809523809
          }
        },
        "rhw": {
          "time": {
            "0": 3.561,
            "10": 3.551,
            "20": 3.562,
            "30": 3.565
          },
          "accuracy": {
            "0": 60.71428571428571,
            "10": 73.80952380952381,
            "20": 86.90476190476191,
            "30": 91.66666666666666
          }
        },
        "zg": {
          "time": {
            "0": 3.601,
            "10": 3.599,
            "20": 3.618,
            "30": 3.613
          },
          "accuracy": {
            "0": 59.523809523809526,
            "10": 75.0,
            "20": 84.52380952380952,
            "30": 92.85714285714286
          }
        },
        "observations_avg": 16.0
      },
      "50": {
        "exhaust": {
          "time": {
            "0": 4.694,
            "10": 4.744,
            "20": 4.686,
            "30": 4.745
          },
          "accuracy": {
            "0": 76.19047619047619,
            "10": 84.52380952380952,
            "20": 89.28571428571429,
            "30": 97.61904761904762
          }
        },
        "hm": {
          "time": {
            "0": 57.829,
            "10": 57.837,
            "20": 57.761,
            "30": 57.692
          },
          "accuracy": {
            "0": 64.28571428571429,
            "10": 76.19047619047619,
            "20": 84.52380952380952,
            "30": 96.42857142857143
          }
        },
        "rhw": {
          "time": {
            "0": 4.643,
            "10": 4.64,
            "20": 4.616,
            "30": 4.624
          },
          "accuracy": {
            "0": 69.04761904761905,
            "10": 83.33333333333334,
            "20": 92.85714285714286,
            "30": 96.42857142857143
          }
        },
        "zg": {
          "time": {
            "0": 4.7,
            "10": 4.703,
            "20": 4.699,
            "30": 4.722
          },
          "accuracy": {
            "0": 67.85714285714286,
            "10": 82.14285714285714,
            "20": 88.09523809523809,
            "30": 97.61904761904762
          }
        },
        "observations_avg": 26.214285714285715
      },
      "70": {
        "exhaust": {
          "time": {
            "0": 3.853,
            "10": 3.855,
            "20": 3.848,
            "30": 3.817
          },
          "accuracy": {
            "0": 91.66666666666666,
            "10": 97.61904761904762,
            "20": 98.80952380952381,
            "30": 100.0
          }
        },
        "hm": {
          "time": {
            "0": 51.278,
            "10": 51.208,
            "20": 51.128,
            "30": 51.14
          },
          "accuracy": {
            "0": 84.52380952380952,
            "10": 94.04761904761905,
            "20": 98.80952380952381,
            "30": 100.0
          }
        },
        "rhw": {
          "time": {
            "0": 3.831,
            "10": 3.756,
            "20": 3.749,
            "30": 3.757
          },
          "accuracy": {
            "0": 84.52380952380952,
            "10": 95.23809523809523,
            "20": 98.80952380952381,
            "30": 100.0
          }
        },
        "zg": {
          "time": {
            "0": 3.82,
            "10": 3.831,
            "20": 3.848,
            "30": 3.822
          },
          "accuracy": {
            "0": 89.28571428571429,
            "10": 96.42857142857143,
            "20": 97.61904761904762,
            "30": 100.0
          }
        },
        "observations_avg": 36.857142857142854
      },
      "100": {
        "exhaust": {
          "time": {
            "0": 4.856,
            "10": 4.935,
            "20": 4.86,
            "30": 4.842
          },
          "accuracy": {
            "0": 100.0,
            "10": 100.0,
            "20": 100.0,
            "30": 100.0
          }
        },
        "hm": {
          "time": {
            "0": 58.122,
            "10": 58.774,
            "20": 58.606,
            "30": 59.083
          },
          "accuracy": {
            "0": 100.0,
            "10": 100.0,
            "20": 100.0,
            "30": 100.0
          }
        },
        "rhw": {
          "time": {
            "0": 4.738,
            "10": 4.766,
            "20": 4.756,
            "30": 4.766
          },
          "accuracy": {
            "0": 100.0,
            "10": 100.0,
            "20": 100.0,
            "30": 100.0
          }
        },
        "zg": {
          "time": {
            "0": 4.768,
            "10": 4.759,
            "20": 4.89,
            "30": 4.902
          },
          "accuracy": {
            "0": 100.0,
            "10": 100.0,
            "20": 100.0,
            "30": 100.0
          }
        },
        "observations_avg": 51.892857142857146
      }
    },
    "landmarks_avg": {
      "exhaust": 69.07397959183656,
      "hm": 47.551870748299244,
      "rhw": 43.14370748299328,
      "zg": 44.04761904761876
    },
    "spread": {
      "10": {
        "exhaust": {
          "0": 1.119047619047619,
          "10": 1.869047619047619,
          "20": 2.4761904761904763,
          "30": 3.1666666666666665
        },
        "hm": {
          "0": 1.1547619047619047,
          "10": 1.8333333333333333,
          "20": 2.392857142857143,
          "30": 3.0476190476190474
        },
        "rhw": {
          "0": 1.1547619047619047,
          "10": 1.9761904761904763,
          "20": 2.5595238095238093,
          "30": 3.0
        },
        "zg": {
          "0": 1.1547619047619047,
          "10": 1.9523809523809523,
          "20": 2.4642857142857144,
          "30": 3.0238095238095237
        }
      },
      "30": {
        "exhaust": {
          "0": 1.0119047619047619,
          "10": 1.5238095238095237,