{
  "dwr": {
    "problems": 364,
    "goals_avg": 7.285714285714286,
    "observations": {
      "10": {
        "exhaust": {
          "time": {
            "0": 4.591,
            "10": 4.628,
            "20": 4.605,
            "30": 4.621
          },
          "accuracy": {
            "0": 45.23809523809524,
            "10": 96.42857142857143,
            "20": 98.80952380952381,
            "30": 100.0
          }
        },
        "hm": {
          "time": {
            "0": 57.684,
            "10": 57.445,
            "20": 57.592,
            "30": 57.677
          },
          "accuracy": {
            "0": 44.047619047619044,
            "10": 90.47619047619048,
            "20": 97.61904761904762,
            "30": 100.0
          }
        },
        "rhw": {
          "time": {
            "0": 4.475,
            "10": 4.551,
            "20": 4.598,
            "30": 4.548
          },
          "accuracy": {
            "0": 52.38095238095239,
            "10": 78.57142857142857,
            "20": 96.42857142857143,
            "30": 98.80952380952381
          }
        },
        "zg": {
          "time": {
            "0": 4.624,
            "10": 4.605,
            "20": 4.576,
            "30": 4.592
          },
          "accuracy": {
            "0": 44.047619047619044,
            "10": 83.33333333333334,
            "20": 97.61904761904762,
            "30": 98.80952380952381
          }
        },
        "observations_avg": 5.714285714285714
      },
      "30": {
        "exhaust": {
          "time": {
            "0": 3.864,
            "10": 3.88,
            "20": 3.893,
            "30": 3.854
          },
          "accuracy": {
            "0": 76.19047619047619,
            "10": 100.0,
            "20": 100.0,
            "30": 100.0
          }
        },
        "hm": {
          "time": {
            "0": 52.283,
            "10": 52.295,
            "20": 52.363,
            "30": 52.327
          },
          "accuracy": {
            "0": 69.04761904761905,
            "10": 98.80952380952381,
            "20": 100.0,
            "30": 100.0
          }
        },
        "rhw": {
          "time": {
            "0": 3.813,
            "10": 3.793,
            "20": 3.811,
            "30": 3.791
          },
          "accuracy": {
            "0": 71.42857142857143,
            "10": 97.61904761904762,
            "20": 100.0,
            "30": 100.0
          }
        },
        "zg": {
          "time": {
            "0": 3.843,
            "10": 3.851,
            "20": 3.867,
            "30": 3.842
          },
          "accuracy": {
            "0": 67.85714285714286,
            "10": 97.61904761904762,
            "20": 100.0,
            "30": 100.0
          }
        },
        "observations_avg": 16.0
      },
      "50": {
        "exhaust": {
          "time": {
            "0": 13.435,
            "10": 13.331,
            "20": 13.344,
            "30": 13.276
          },
          "accuracy": {
            "0": 83.33333333333334,
            "10": 100.0,
            "20": 100.0,
            "30": 100.0
          }
        },
        "hm": {
          "time": {
            "0": 143.589,
            "10": 143.262,
            "20": 142.313,
            "30": 142.462
          },
          "accuracy": {
            "0": 78.57142857142857,
            "10": 100.0,
            "20": 100.0,
            "30": 100.0
          }
        },
        "rhw": {
          "time": {
            "0": 13.325,
            "10": 13.189,
            "20": 13.171,
            "30": 13.137
          },
          "accuracy": {
            "0": 84.52380952380952,
            "10": 100.0,
            "20": 100.0,
            "30": 100.0
          }
        },
        "zg": {
          "time": {
            "0": 13.425,
            "10": 13.304,
            "20": 13.228,
            "30": 13.298
          },
          "accuracy": {
            "0": 75.0,
            "10": 100.0,
            "20": 100.0,
            "30": 100.0
          }
        },
        "observations_avg": 26.214285714285715
      },
      "70": {
        "exhaust": {
          "time": {
            "0": 6.702,
            "10": 6.679,
            "20": 6.583,
            "30": 6.649
          },
          "accuracy": {
            "0": 97.61904761904762,
            "10": 100.0,
            "20": 100.0,
            "30": 100.0
          }
        },
        "hm": {
          "time": {
            "0": 75.598,
            "10": 75.327,
            "20": 75.409,
            "30": 75.07
          },
          "accuracy": {
            "0": 96.42857142857143,
            "10": 100.0,
            "20": 100.0,
            "30": 100.0
          }
        },
        "rhw": {
          "time": {
            "0": 6.599,
            "10": 6.539,
            "20": 6.594,
            "30": 6.572
          },
          "accuracy": {
            "0": 97.61904761904762,
            "10": 100.0,
            "20": 100.0,
            "30": 100.0
          }
        },
        "zg": {
          "time": {
            "0": 6.587,
            "10": 6.721,
            "20": 6.666,
            "30": 6.489
          },
          "accuracy": {
            "0": 95.23809523809523,
            "10": 100.0,
            "20": 100.0,
            "30": 100.0
          }
        },
        "observations_avg": 36.857142857142854
      },
      "100": {
        "exhaust": {
          "time": {
            "0": 9.35,
            "10": 9.565,
            "20": 9.607,
            "30": 9.752
          },
          "accuracy": {
            "0": 100.0,
            "10": 100.0,
            "20": 100.0,
            "30": 100.0
          }
        },
        "hm": {
          "time": {
            "0": 104.909,
            "10": 107.476,
            "20": 107.465,
            "30": 108.633
          },
          "accuracy": {
            "0": 100.0,
            "10": 100.0,
            "20": 100.0,
            "30": 100.0
          }
        },
        "rhw": {
          "time": {
            "0": 9.422,
            "10": 9.543,
            "20": 9.606,
            "30": 9.637
          },
          "accuracy": {
            "0": 100.0,
            "10": 100.0,
            "20": 100.0,
            "30": 100.0
          }
        },
        "zg": {
          "time": {
            "0": 9.447,
            "10": 9.686,
            "20": 9.709,
            "30": 9.853
          },
          "accuracy": {
            "0": 100.0,
            "10": 100.0,
            "20": 100.0,
            "30": 100.0
          }
        },
        "observations_avg": 51.892857142857146
      }
    },
    "landmarks_avg": {
      "exhaust": 69.07397959183656,
      "hm": 47.551870748299244,
      "rhw": 43.14370748299328,
      "zg": 44.04761904761876
    },
    "spread": {
      "10": {
        "exhaust": {
          "0": 1.2976190476190477,
          "10": 4.392857142857143,
          "20": 6.404761904761905,
          "30": 7.107142857142857
        },
        "hm": {
          "0": 1.3214285714285714,
          "10": 3.8452380952380953,
          "20": 6.0476190476190474,
          "30": 6.928571428571429
        },
        "rhw": {
          "0": 1.5357142857142858,
          "10": 3.6785714285714284,
          "20": 5.892857142857143,
          "30": 6.880952380952381
        },
        "zg": {
          "0": 1.2738095238095237,
          "10": 3.8095238095238093,
          "20": 6.035714285714286,
          "30": 6.809523809523809
        }
      },
      "30": {
        "exhaust": {
          "0": 1.1071428571428572,
          "10": 3.4166666666666665,
          "20": 6.345238095238095,
          "30": 7.2023809523809526
        },
        "hm": {
          "0": 1.130952380952381,
          "10": 3.1785714285714284,
          "20": 6.095238095238095,
          "30": 7.154761904761905
        },
        "rhw": {
          "0": 1.1904761904761905,
          "10": 3.4642857142857144,