{
  "dwr": {
    "problems": 364,
    "goals_avg": 7.285714285714286,
    "observations": {
      "10": {
        "exhaust": {
          "time": {
            "0": 3.703,
            "10": 3.742,
            "20": 3.72,
            "30": 3.728
          },
          "accuracy": {
            "0": 45.23809523809524,
            "10": 96.42857142857143,
            "20": 98.80952380952381,
            "30": 100.0
          }
        },
        "hm": {
          "time": {
            "0": 49.743,
            "10": 49.644,
            "20": 49.577,
            "30": 49.657
          },
          "accuracy": {
            "0": 44.047619047619044,
            "10": 90.47619047619048,
            "20": 97.61904761904762,
            "30": 100.0
          }
        },
        "rhw": {
          "time": {
            "0": 3.689,
            "10": 3.66,
            "20": 3.659,
            "30": 3.656
          },
          "accuracy": {
            "0": 52.38095238095239,
            "10": 78.57142857142857,
            "20": 96.42857142857143,
            "30": 98.80952380952381
          }
        },
        "zg": {
          "time": {
            "0": 3.69,
            "10": 3.693,
            "20": 3.7,
            "30": 3.687
          },
          "accuracy": {
            "0": 44.047619047619044,
            "10": 83.33333333333334,
            "20": 97.61904761904762,
            "30": 98.80952380952381
          }
        },
        "observations_avg": 5.714285714285714
      },
      "30": {
        "exhaust": {
          "time": {
            "0": 3.577,
            "10": 3.576,
            "20": 3.574,
            "30": 3.572
          },
          "accuracy": {
            "0": 76.19047619047619,
            "10": 100.0,
            "20": 100.0,
            "30": 100.0
          }
        },
        "hm": {
          "time": {
            "0": 46.657,
            "10": 46.681,
            "20": 46.58,
            "30": 46.652
          },
          "accuracy": {
            "0": 69.04761904761905,
            "10": 98.80952380952381,
            "20": 100.0,
            "30": 100.0
          }
        },
        "rhw": {
          "time": {
            "0": 3.531,
            "10": 3.519,
            "20": 3.52,
            "30": 3.519
          },
          "accuracy": {
            "0": 71.42857142857143,
            "10": 97.61904761904762,
            "20": 100.0,
            "30": 100.0
          }
        },
        "zg": {
          "time": {
            "0": 3.554,
            "10": 3.557,
            "20": 3.554,
            "30": 3.555
          },
          "accuracy": {
            "0": 67.85714285714286,
            "10": 97.61904761904762,
            "20": 100.0,
            "30": 100.0
          }
        },
        "observations_avg": 16.0
      },
      "50": {
        "exhaust": {
          "time": {
            "0": 4.918,
            "10": 4.942,
            "20": 4.973,
            "30": 4.916
          },
          "accuracy": {
            "0": 83.33333333333334,
            "10": 100.0,
            "20": 100.0,
            "30": 100.0
          }
        },
        "hm": {
          "time": {
            "0": 59.805,
            "10": 59.835,
            "20": 59.875,
            "30": 59.808
          },
          "accuracy": {
            "0": 78.57142857142857,
            "10": 100.0,
            "20": 100.0,
            "30": 100.0
          }
        },
        "rhw": {
          "time": {
            "0": 4.902,
            "10": 4.836,
            "20": 4.88,
            "30": 4.871
          },
          "accuracy": {
            "0": 84.52380952380952,
            "10": 100.0,
            "20": 100.0,
            "30": 100.0
          }
        },
        "zg": {
          "time": {
            "0": 4.898,
            "10": 4.91,
            "20": 4.932,
            "30": 4.913
          },
          "accuracy": {
            "0": 75.0,
            "10": 100.0,
            "20": 100.0,
            "30": 100.0
          }
        },
        "observations_avg": 26.214285714285715
      },
      "70": {
        "exhaust": {
          "time": {
            "0": 3.946,
            "10": 3.943,
            "20": 3.941,
            "30": 3.937
          },
          "accuracy": {
            "0": 97.61904761904762,
            "10": 100.0,
            "20": 100.0,
            "30": 100.0
          }
        },
        "hm": {
          "time": {
            "0": 52.178,
            "10": 52.239,
            "20": 52.13,
            "30": 52.291
          },
          "accuracy": {
            "0": 96.42857142857143,
            "10": 100.0,
            "20": 100.0,
            "30": 100.0
          }
        },
        "rhw": {
          "time": {
            "0": 3.893,
            "10": 3.879,
            "20": 3.879,
            "30": 3.872
          },
          "accuracy": {
            "0": 97.61904761904762,
            "10": 100.0,
            "20": 100.0,
            "30": 100.0
          }
        },
        "zg": {
          "time": {
            "0": 3.901,
            "10": 3.908,
            "20": 3.969,
            "30": 3.906
          },
          "accuracy": {
            "0": 95.23809523809523,
            "10": 100.0,
            "20": 100.0,
            "30": 100.0
          }
        },
        "observations_avg": 36.857142857142854
      },
      "100": {
        "exhaust": {
          "time": {
            "0": 4.897,
            "10": 4.897,
            "20": 4.932,
            "30": 4.928
          },
          "accuracy": {
            "0": 100.0,
            "10": 100.0,
            "20": 100.0,
            "30": 100.0
          }
        },
        "hm": {
          "time": {
            "0": 58.722,
            "10": 59.093,
            "20": 59.108,
            "30": 59.527
          },
          "accuracy": {
            "0": 100.0,
            "10": 100.0,
            "20": 100.0,
            "30": 100.0
          }
        },
        "rhw": {
          "time": {
            "0": 4.709,
            "10": 4.825,
            "20": 4.795,
            "30": 4.731
          },
          "accuracy": {
            "0": 100.0,
            "10": 100.0,
            "20": 100.0,
            "30": 100.0
          }
        },
        "zg": {
          "time": {
            "0": 4.884,
            "10": 4.909,
            "20": 4.913,
            "30": 4.984
          },
          "accuracy": {
            "0": 100.0,
            "10": 100.0,
            "20": 100.0,
            "30": 100.0
          }
        },
        "observations_avg": 51.892857142857146
      }
    },
    "landmarks_avg": {
      "exhaust": 69.07397959183656,
      "hm": 47.551870748299244,
      "rhw": 43.14370748299328,
      "zg": 44.04761904761876
    },
    "spread": {
      "10": {
        "exhaust": {
          "0": 1.2976190476190477,
          "10": 4.392857142857143,
          "20": 6.404761904761905,
          "30": 7.107142857142857
        },
        "hm": {
          "0": 1.3214285714285714,
          "10": 3.8452380952380953,
          "20": 6.0476190476190474,
          "30": 6.928571428571429
        },
        "rhw": {
          "0": 1.5357142857142858,
          "10": 3.6785714285714284,
          "20": 5.892857142857143,
          "30": 6.880952380952381
        },
        "zg": {
          "0": 1.2738095238095237,
          "10": 3.8095238095238093,
          "20": 6.035714285714286,
          "30": 6.809523809523809
        }
      },
      "30": {
        "exhaust": {
          "0": 1.1071428571428572,
          "10": 3.4166666666666665,
          "20": 6.345238095238095,
          "30": 7.2023809523809526
        },
        "hm": {
          "0": 1.130952380952381,
          "10": 3.1785714285714284,
          "20": 6.095238095238095,
          "30": 7.154761904761905
        },
        "rhw": {
          "0": 1.1904761904761905,
          "10": 3.4642857142857144,
          "20": 6.011904761904762,