{
  "dwr": {
    "problems": 364,
    "goals_avg": 7.285714285714286,
    "observations": {
      "10": {
        "exhaust": {
          "time": {
            "0": 3.721,
            "10": 3.747,
            "20": 3.735,
            "30": 3.728
          },
          "accuracy": {
            "0": 45.23809523809524,
            "10": 96.42857142857143,
            "20": 98.80952380952381,
            "30": 100.0
          }
        },
        "hm": {
          "time": {
            "0": 49.486,
            "10": 49.465,
            "20": 49.429,
            "30": 49.409
          },
          "accuracy": {
            "0": 44.047619047619044,
            "10": 90.47619047619048,
            "20": 97.61904761904762,
            "30": 100.0
          }
        },
        "rhw": {
          "time": {
            "0": 3.673,
            "10": 3.661,
            "20": 3.647,
            "30": 3.651
          },
          "accuracy": {
            "0": 52.38095238095239,
            "10": 78.57142857142857,
            "20": 96.42857142857143,
            "30": 98.80952380952381
          }
        },
        "zg": {
          "time": {
            "0": 3.686,
            "10": 3.701,
            "20": 3.721,
            "30": 3.723
          },
          "accuracy": {
            "0": 44.047619047619044,
            "10": 83.33333333333334,
            "20": 97.61904761904762,
            "30": 98.80952380952381
          }
        },
        "observations_avg": 5.714285714285714
      },
      "30": {
        "exhaust": {
          "time": {
            "0": 3.583,
            "10": 3.579,
            "20": 3.579,
            "30": 3.568
          },
          "accuracy": {
            "0": 76.19047619047619,
            "10": 100.0,
            "20": 100.0,
            "30": 100.0
          }
        },
        "hm": {
          "time": {
            "0": 46.449,
            "10": 46.57,
            "20": 46.706,
            "30": 46.646
          },
          "accuracy": {
            "0": 69.04761904761905,
            "10": 98.80952380952381,
            "20": 100.0,
            "30": 100.0
          }
        },
        "rhw": {
          "time": {
            "0": 3.523,
            "10": 3.518,
            "20": 3.524,
            "30": 3.534
          },
          "accuracy": {
            "0": 71.42857142857143,
            "10": 97.61904761904762,
            "20": 100.0,
            "30": 100.0
          }
        },
        "zg": {
          "time": {
            "0": 3.567,
            "10": 3.559,
            "20": 3.551,
            "30": 3.551
          },
          "accuracy": {
            "0": 67.85714285714286,
            "10": 97.61904761904762,
            "20": 100.0,
            "30": 100.0
          }
        },
        "observations_avg": 16.0
      },
      "50": {
        "exhaust": {
          "time": {
            "0": 4.914,
            "10": 4.941,
            "20": 4.913,
            "30": 4.919
          },
          "accuracy": {
            "0": 83.33333333333334,
            "10": 100.0,
            "20": 100.0,
            "30": 100.0
          }
        },
        "hm": {
          "time": {
            "0": 59.164,
            "10": 59.096,
            "20": 59.404,
            "30": 59.475
          },
          "accuracy": {
            "0": 78.57142857142857,
            "10": 100.0,
            "20": 100.0,
            "30": 100.0
          }
        },
        "rhw": {
          "time": {
            "0": 4.884,
            "10": 4.875,
            "20": 4.796,
            "30": 4.872
          },
          "accuracy": {
            "0": 84.52380952380952,
            "10": 100.0,
            "20": 100.0,
            "30": 100.0
          }
        },
        "zg": {
          "time": {
            "0": 4.926,
            "10": 4.914,
            "20": 4.96,
            "30": 4.909
          },
          "accuracy": {
            "0": 75.0,
            "10": 100.0,
            "20": 100.0,
            "30": 100.0
          }
        },
        "observations_avg": 26.214285714285715
      },
      "70": {
        "exhaust": {
          "time": {
            "0": 3.928,
            "10": 3.916,
            "20": 3.953,
            "30": 3.933
          },
          "accuracy": {
            "0": 97.61904761904762,
            "10": 100.0,
            "20": 100.0,
            "30": 100.0
          }
        },
        "hm": {
          "time": {
            "0": 51.716,
            "10": 51.747,
            "20": 51.733,
            "30": 51.841
          },
          "accuracy": {
            "0": 96.42857142857143,
            "10": 100.0,
            "20": 100.0,
            "30": 100.0
          }
        },
        "rhw": {
          "time": {
            "0": 3.853,
            "10": 3.888,
            "20": 3.89,
            "30": 3.895
          },
          "accuracy": {
            "0": 97.61904761904762,
            "10": 100.0,
            "20": 100.0,
            "30": 100.0
          }
        },
        "zg": {
          "time": {
            "0": 3.898,
            "10": 3.911,
            "20": 3.893,
            "30": 3.902
          },
          "accuracy": {
            "0": 95.23809523809523,
            "10": 100.0,
            "20": 100.0,
            "30": 100.0
          }
        },
        "observations_avg": 36.857142857142854
      },
      "100": {
        "exhaust": {
          "time": {
            "0": 5.101,
            "10": 5.037,
            "20": 5.133,
            "30": 5.023
          },
          "accuracy": {
            "0": 100.0,
            "10": 100.0,
            "20": 100.0,
            "30": 100.0
          }
        },
        "hm": {
          "time": {
            "0": 60.351,
            "10": 60.581,
            "20": 60.969,
            "30": 60.833
          },
          "accuracy": {
            "0": 100.0,
            "10": 100.0,
            "20": 100.0,
            "30": 100.0
          }
        },
        "rhw": {
          "time": {
            "0": 5.002,
            "10": 5.098,
            "20": 5.076,
            "30": 4.985
          },
          "accuracy": {
            "0": 100.0,
            "10": 100.0,
            "20": 100.0,
            "30": 100.0
          }
        },
        "zg": {
          "time": {
            "0": 5.079,
            "10": 5.004,
            "20": 5.039,
            "30": 5.071
          },
          "accuracy": {
            "0": 100.0,
            "10": 100.0,
            "20": 100.0,
            "30": 100.0
          }
        },
        "observations_avg": 51.892857142857146
      }
    },
    "landmarks_avg": {
      "exhaust": 69.07397959183656,
      "hm": 47.551870748299244,
      "rhw": 43.14370748299328,
      "zg": 44.04761904761876
    }
  }
}