{
  "dwr": {
    "problems": 364,
    "goals_avg": 7.285714285714286,
    "observations": {
      "10": {
        "hoffmann": {
          "time": {
            "0": 30.201,
            "10": 29.871,
            "20": 29.786,
            "30": 29.986
          },
          "accuracy": {
            "0": 40.476190476190474,
            "10": 79.76190476190477,
            "20": 92.85714285714286,
            "30": 97.61904761904762
          }
        },
        "observations_avg": 5.714285714285714
      },
      "30": {
        "hoffmann": {
          "time": {
            "0": 27.07,
            "10": 27.387,
            "20": 27.024,
            "30": 26.93
          },
          "accuracy": {
            "0": 65.47619047619048,
            "10": 98.80952380952381,
            "20": 100.0,
            "30": 100.0
          }
        },
        "observations_avg": 16.0
      },
      "50": {
        "hoffmann": {
          "time": {
            "0": 47.57,
            "10": 48.168,
            "20": 47.603,
            "30": 47.78
          },
          "accuracy": {
            "0": 83.33333333333334,
            "10": 100.0,
            "20": 100.0,
            "30": 100.0
          }
        },
        "observations_avg": 26.214285714285715
      },
      "70": {
        "hoffmann": {
          "time": {
            "0": 37.201,
            "10": 37.546,
            "20": 37.347,
            "30": 37.39
          },
          "accuracy": {
            "0": 92.85714285714286,
            "10": 100.0,
            "20": 100.0,
            "30": 100.0
          }
        },
        "observations_avg": 36.857142857142854
      },
      "100": {
        "hoffmann": {
          "time": {
            "0": 41.92,
            "10": 41.963,
            "20": 42.539,
            "30": 43.056
          },
          "accuracy": {
            "0": 100.0,
            "10": 100.0,
            "20": 100.0,
            "30": 100.0
          }
        },
        "observations_avg": 51.892857142857146
      }
    },
    "landmarks_avg": {
      "hoffmann": 42.148809523809405
    },
    "spread": {
      "10": {
        "hoffmann": {
          "0": 1.119047619047619,
          "10": 3.380952380952381,
          "20": 5.273809523809524,
          "30": 6.5
        }
      },
      "30": {
        "hoffmann": {
          "0": 1.0119047619047619,
          "10": 2.9523809523809526,
          "20": 5.523809523809524,
          "30": 6.869047619047619
        }
      },
      "50": {
        "hoffmann": {
          "0": 1.0119047619047619,
          "10": 2.5476190476190474,
          "20": 5.523809523809524,
          "30": 7.0
        }
      },
      "70": {
        "hoffmann": {
          "0": 1.0,
          "10": 2.392857142857143,
          "20": 5.535714285714286,
          "30": 7.226190476190476
        }
      },
      "100": {
        "hoffmann": {
          "0": 1.0,
          "10": 2.1785714285714284,
          "20": 5.607142857142857,
          "30": 7.25
        }
      }
    }
  }
}