{
  "rovers_noisy": {
    "problems": 144,
    "goals_avg": 6.0,
    "observations": {
      "25": {
        "hoffmann": {
          "time": {
            "0": 34.631,
            "10": 34.596,
            "20": 33.815,
            "30": 34.112
          },
          "accuracy": {
            "0": 50.0,
            "10": 75.0,
            "20": 86.11111111111111,
            "30": 97.22222222222221
          }
        },
        "observations_avg": 3.0833333333333335
      },
      "50": {
        "hoffmann": {
          "time": {
            "0": 35.526,
            "10": 35.033,
            "20": 35.061,
            "30": 35.19
          },
          "accuracy": {
            "0": 69.44444444444444,
            "10": 88.88888888888889,
            "20": 97.22222222222221,
            "30": 100.0
          }
        },
        "observations_avg": 5.75
      },
      "75": {
        "hoffmann": {
          "time": {
            "0": 34.479,
            "10": 34.457,
            "20": 34.653,
            "30": 34.301
          },
          "accuracy": {
            "0": 97.22222222222221,
            "10": 100.0,
            "20": 100.0,
            "30": 100.0
          }
        },
        "observations_avg": 8.416666666666666
      },
      "100": {
        "hoffmann": {
          "time": {
            "0": 34.651,
            "10": 34.937,
            "20": 35.472,
            "30": 35.039
          },
          "accuracy": {
            "0": 100.0,
            "10": 100.0,
            "20": 100.0,
            "30": 100.0
          }
        },
        "observations_avg": 10.833333333333334
      }
    },
    "landmarks_avg": {
      "hoffmann": 15.944444444444473
    },
    "spread": {
      "25": {
        "hoffmann": {
          "0": 1.1666666666666667,
          "10": 2.0,
          "20": 3.0277777777777777,
          "30": 4.083333333333333
        }
      },
      "50": {
        "hoffmann": {
          "0": 1.1388888888888888,
          "10": 1.9722222222222223,
          "20": 2.861111111111111,
          "30": 3.8055555555555554
        }
      },
      "75": {
        "hoffmann": {
          "0": 1.0555555555555556,
          "10": 1.4444444444444444,
          "20": 2.25,
          "30": 3.388888888888889
        }
      },
      "100": {
        "hoffmann": {
          "0": 1.0,
          "10": 1.1666666666666667,
          "20": 1.8888888888888888,
          "30": 3.138888888888889
        }
      }
    }
  }
}