{
  "rovers_noisy": {
    "problems": 144,
    "goals_avg": 6.0,
    "observations": {
      "25": {
        "exhaust": {
          "time": {
            "0": 4.829,
            "10": 4.838
          },
          "accuracy": {
            "0": 47.22222222222222,
            "10": 75.0
          },
          "prob_accuracy": {
            "0": 100.0,
            "10": 100.0
          }
        },
        "hm": {
          "time": {
            "0": 4.788,
            "10": 4.798
          },
          "accuracy": {
            "0": 58.333333333333336,
            "10": 66.66666666666666
          },
          "prob_accuracy": {
            "0": 100.0,
            "10": 100.0
          }
        },
        "rhw": {
          "time": {
            "0": 4.796,
            "10": 4.747
          },
          "accuracy": {
            "0": 52.77777777777778,
            "10": 77.77777777777779
          },
          "prob_accuracy": {
            "0": 100.0,
            "10": 100.0
          }
        },
        "zg": {
          "time": {
            "0": 4.797,
            "10": 4.805
          },
          "accuracy": {
            "0": 52.77777777777778,
            "10": 77.77777777777779
          },
          "prob_accuracy": {
            "0": 100.0,
            "10": 100.0
          }
        },
        "hoffmann": {
          "time": {
            "0": 42.559,
            "10": 42.249
          },
          "accuracy": {
            "0": 50.0,
            "10": 75.0
          },
          "prob_accuracy": {
            "0": 100.0,
            "10": 100.0
          }
        },
        "observations_avg": 3.0833333333333335
      },
      "50": {
        "exhaust": {
          "time": {
            "0": 4.486,
            "10": 4.471
          },
          "accuracy": {
            "0": 72.22222222222221,
            "10": 83.33333333333334
          },
          "prob_accuracy": {
            "0": 100.0,
            "10": 100.0
          }
        },
        "hm": {
          "time": {
            "0": 4.617,
            "10": 4.632
          },
          "accuracy": {
            "0": 72.22222222222221,
            "10": 83.33333333333334
          },
          "prob_accuracy": {
            "0": 100.0,
            "10": 100.0
          }
        },
        "rhw": {
          "time": {
            "0": 4.432,
            "10": 4.45
          },
          "accuracy": {
            "0": 75.0,
            "10": 83.33333333333334
          },
          "prob_accuracy": {
            "0": 100.0,
            "10": 100.0
          }
        },
        "zg": {
          "time": {
            "0": 4.544,
            "10": 4.524
          },
          "accuracy": {
            "0": 75.0,
            "10": 86.11111111111111
          },
          "prob_accuracy": {
            "0": 100.0,
            "10": 100.0
          }
        },
        "hoffmann": {
          "time": {
            "0": 41.107,
            "10": 41.209
          },
          "accuracy": {
            "0": 69.44444444444444,
            "10": 88.88888888888889
          },
          "prob_accuracy": {
            "0": 100.0,
            "10": 100.0
          }
        },
        "observations_avg": 5.75
      },
      "75": {
        "exhaust": {
          "time": {
            "0": 4.662,
            "10": 4.77
          },
          "accuracy": {
            "0": 97.22222222222221,
            "10": 100.0
          },
          "prob_accuracy": {
            "0": 100.0,
            "10": 100.0
          }
        },
        "hm": {
          "time": {
            "0": 4.737,
            "10": 4.734
          },
          "accuracy": {
            "0": 97.22222222222221,
            "10": 100.0
          },
          "prob_accuracy": {
            "0": 100.0,
            "10": 100.0
          }
        },
        "rhw": {
          "time": {
            "0": 4.783,
            "10": 4.61
          },
          "accuracy": {
            "0": 97.22222222222221,
            "10": 100.0
          },
          "prob_accuracy": {
            "0": 100.0,
            "10": 100.0
          }
        },
        "zg": {
          "time": {
            "0": 4.679,
            "10": 4.672
          },
          "accuracy": {
            "0": 97.22222222222221,
            "10": 97.22222222222221
          },
          "prob_accuracy": {
            "0": 100.0,
            "10": 100.0
          }
        },
        "hoffmann": {
          "time": {
            "0": 42.406,
            "10": 42.178
          },
          "accuracy": {
            "0": 97.22222222222221,
            "10": 100.0
          },
          "prob_accuracy": {
            "0": 100.0,
            "10": 100.0
          }
        },
        "observations_avg": 8.416666666666666
      },
      "100": {
        "exhaust": {
          "time": {
            "0": 4.982,
            "10": 4.961
          },
          "accuracy": {
            "0": 97.22222222222221,
            "10": 100.0
          },
          "prob_accuracy": {
            "0": 100.0,
            "10": 100.0
          }
        },
        "hm": {
          "time": {
            "0": 5.106,
            "10": 5.081
          },
          "accuracy": {
            "0": 100.0,
            "10": 100.0
          },
          "prob_accuracy": {
            "0": 100.0,
            "10": 100.0
          }
        },
        "rhw": {
          "time": {
            "0": 4.874,
            "10": 4.91
          },
          "accuracy": {
            "0": 100.0,
            "10": 100.0
          },
          "prob_accuracy": {
            "0": 100.0,
            "10": 100.0
          }
        },
        "zg": {
          "time": {
            "0": 4.962,
            "10": 4.936
          },
          "accuracy": {
            "0": 100.0,
            "10": 100.0
          },
          "prob_accuracy": {
            "0": 100.0,
            "10": 100.0
          }
        },
        "hoffmann": {
          "time": {
            "0": 43.437,
            "10": 43.7
          },
          "accuracy": {
            "0": 100.0,
            "10": 100.0
          },
          "prob_accuracy": {
            "0": 100.0,
            "10": 100.0
          }
        },
        "observations_avg": 10.833333333333334
      }
    },
    "landmarks_avg": {
      "exhaust": 26.999999999999996,
      "hm": 13.5,
      "rhw": 17.388888888888882,
      "zg": 13.22222222222226,
      "hoffmann": 15.944444444444438
    },
    "spread": {
      "25": {
        "exhaust": {
          "0": 1.1111111111111112,
          "10": 2.1944444444444446
        },
        "hm": {
          "0": 1.25,
          "10": 1.75
        },
        "rhw": {
          "0": 1.1944444444444444,
          "10": 1.8611111111111112
        },
        "zg": {
          "0": 1.1944444444444444,
          "10": 1.9722222222222223
        },
        "hoffmann": {
          "0": 1.1666666666666667,
          "10": 2.0
        }
      },
      "50": {
        "exhaust": {
          "0": 1.0833333333333333,
          "10": 1.8611111111111112
        },
        "hm": {
          "0": 1.1666666666666667,
          "10": 1.5833333333333333
        },
        "rhw": {
          "0": 1.1388888888888888,
          "10": 1.5833333333333333
        },
        "zg": {
          "0": 1.1944444444444444,
          "10": 1.6944444444444444
        },
        "hoffmann": {
          "0": 1.1388888888888888,
          "10": 1.9722222222222223
        }
      },
      "75": {
        "exhaust": {
          "0": 1.0,
          "10": 1.4166666666666667
        },
        "hm": {
          "0": 1.0555555555555556,
          "10": 1.3055555555555556
        },
        "rhw": {
          "0": 1.0555555555555556,
          "10": 1.2777777777777777
        },
        "zg": {
          "0": 1.0555555555555556,
          "10": 1.25
        },
        "hoffmann": {
          "0": 1.0555555555555556,
          "10": 1.4444444444444444
        }
      },