{
  "rovers_noisy": {
    "problems": 144,
    "goals_avg": 6.0,
    "observations": {
      "25": {
        "exhaust": {
          "time": {
            "0": 11.812,
            "10": 11.861,
            "20": 11.709,
            "30": 11.978
          },
          "accuracy": {
            "0": 47.22222222222222,
            "10": 75.0,
            "20": 88.88888888888889,
            "30": 97.22222222222221
          }
        },
        "hm": {
          "time": {
            "0": 12.179,
            "10": 12.027,
            "20": 12.079,
            "30": 12.097
          },
          "accuracy": {
            "0": 58.333333333333336,
            "10": 66.66666666666666,
            "20": 91.66666666666666,
            "30": 94.44444444444444
          }
        },
        "rhw": {
          "time": {
            "0": 11.774,
            "10": 11.819,
            "20": 11.98,
            "30": 11.872
          },
          "accuracy": {
            "0": 52.77777777777778,
            "10": 77.77777777777779,
            "20": 83.33333333333334,
            "30": 94.44444444444444
          }
        },
        "zg": {
          "time": {
            "0": 11.821,
            "10": 11.836,
            "20": 11.794,
            "30": 11.751
          },
          "accuracy": {
            "0": 52.77777777777778,
            "10": 77.77777777777779,
            "20": 91.66666666666666,
            "30": 94.44444444444444
          }
        },
        "observations_avg": 3.0833333333333335
      },
      "50": {
        "exhaust": {
          "time": {
            "0": 9.667,
            "10": 9.844,
            "20": 9.917,
            "30": 9.916
          },
          "accuracy": {
            "0": 72.22222222222221,
            "10": 83.33333333333334,
            "20": 100.0,
            "30": 100.0
          }
        },
        "hm": {
          "time": {
            "0": 10.16,
            "10": 10.13,
            "20": 9.964,
            "30": 10.193
          },
          "accuracy": {
            "0": 72.22222222222221,
            "10": 83.33333333333334,
            "20": 94.44444444444444,
            "30": 97.22222222222221
          }
        },
        "rhw": {
          "time": {
            "0": 9.799,
            "10": 9.963,
            "20": 10.051,
            "30": 9.865
          },
          "accuracy": {
            "0": 75.0,
            "10": 83.33333333333334,
            "20": 94.44444444444444,
            "30": 97.22222222222221
          }
        },
        "zg": {
          "time": {
            "0": 9.712,
            "10": 9.718,
            "20": 9.974,
            "30": 9.825
          },
          "accuracy": {
            "0": 75.0,
            "10": 86.11111111111111,
            "20": 94.44444444444444,
            "30": 97.22222222222221
          }
        },
        "observations_avg": 5.75
      },
      "75": {
        "exhaust": {
          "time": {
            "0": 12.394,
            "10": 12.43,
            "20": 12.424,
            "30": 12.316
          },
          "accuracy": {
            "0": 97.22222222222221,
            "10": 100.0,
            "20": 100.0,
            "30": 100.0
          }
        },
        "hm": {
          "time": {
            "0": 12.753,
            "10": 12.486,
            "20": 12.597,
            "30": 12.744
          },
          "accuracy": {
            "0": 97.22222222222221,
            "10": 100.0,
            "20": 100.0,
            "30": 100.0
          }
        },
        "rhw": {
          "time": {
            "0": 12.479,
            "10": 12.475,
            "20": 12.354,
            "30": 12.329
          },
          "accuracy": {
            "0": 97.22222222222221,
            "10": 100.0,
            "20": 100.0,
            "30": 100.0
          }
        },
        "zg": {
          "time": {
            "0": 12.201,
            "10": 12.465,
            "20": 12.394,
            "30": 12.331
          },
          "accuracy": {
            "0": 97.22222222222221,
            "10": 97.22222222222221,
            "20": 100.0,
            "30": 100.0
          }
        },
        "observations_avg": 8.416666666666666
      },
      "100": {
        "exhaust": {
          "time": {
            "0": 6.221,
            "10": 6.268,
            "20": 6.185,
            "30": 6.306
          },
          "accuracy": {
            "0": 97.22222222222221,
            "10": 100.0,
            "20": 100.0,
            "30": 100.0
          }
        },
        "hm": {
          "time": {
            "0": 6.394,
            "10": 6.484,
            "20": 6.534,
            "30": 6.392
          },
          "accuracy": {
            "0": 100.0,
            "10": 100.0,
            "20": 100.0,
            "30": 100.0
          }
        },
        "rhw": {
          "time": {
            "0": 6.224,
            "10": 6.231,
            "20": 6.214,
            "30": 6.221
          },
          "accuracy": {
            "0": 100.0,
            "10": 100.0,
            "20": 100.0,
            "30": 100.0
          }
        },
        "zg": {
          "time": {
            "0": 6.237,
            "10": 6.224,
            "20": 6.245,
            "30": 6.227
          },
          "accuracy": {
            "0": 100.0,
            "10": 100.0,
            "20": 100.0,
            "30": 100.0
          }
        },
        "observations_avg": 10.833333333333334
      }
    },
    "landmarks_avg": {
      "exhaust": 26.999999999999993,
      "hm": 13.5,
      "rhw": 17.3888888888889,
      "zg": 13.222222222222152
    },
    "spread": {
      "25": {
        "exhaust": {
          "0": 1.1111111111111112,
          "10": 2.1944444444444446,
          "20": 2.861111111111111,
          "30": 3.75
        },
        "hm": {
          "0": 1.25,
          "10": 1.75,
          "20": 2.6666666666666665,
          "30": 3.0555555555555554
        },
        "rhw": {
          "0": 1.1944444444444444,
          "10": 1.8611111111111112,
          "20": 2.5,
          "30": 3.2777777777777777
        },
        "zg": {
          "0": 1.1944444444444444,
          "10": 1.9722222222222223,
          "20": 2.7222222222222223,
          "30": 3.0833333333333335
        }
      },
      "50": {
        "exhaust": {
          "0": 1.0833333333333333,
          "10": 1.8611111111111112,
          "20": 3.111111111111111,
          "30": 4.194444444444445
        },
        "hm": {
          "0": 1.1666666666666667,
          "10": 1.5833333333333333,
          "20": 2.25,
          "30": 2.8055555555555554
        },
        "rhw": {
          "0": 1.1388888888888888,
          "10": 1.5833333333333333,
          "20": 2.3055555555555554,
          "30": 3.111111111111111
        },
        "zg": {
          "0": 1.1944444444444444,
          "10": 1.6944444444444444,
          "20": 2.25,
          "30": 2.9166666666666665
        }
      },
      "75": {
        "exhaust": {
          "0": 1.0,
          "10": 1.4166666666666667,
          "20": 2.611111111111111,
          "30": 4.138888888888889
        },
        "hm": {
          "0": 1.0555555555555556,
          "10": 1.3055555555555556,
          "20": 1.8333333333333333,
          "30": 2.5277777777777777
        },
        "rhw": {
          "0": 1.0555555555555556,
          "10": 1.2777777777777777,
          "20": 1.75,
          "30": 2.5277777777777777
        },
        "zg": {
          "0": 1.0555555555555556,
          "10": 1.25,
          "20": 1.7777777777777777,
          "30": 2.4444444444444446
        }
      },
      "100": {
        "exhaust": {
          "0": 1.0,
          "10": 1.3055555555555556,
          "20": 2.5555555555555554,
          "30": 4.166666666666667
        },
        "hm": {
          "0": 1.0,
          "10": 1.1111111111111112,
          "20": 1.5833333333333333,
          "30": 2.3333333333333335
        },
        "rhw": {
          "0": 1.0,