{
  "rovers_noisy": {
    "problems": 144,
    "goals_avg": 6.0,
    "observations": {
      "25": {
        "exhaust": {
          "time": {
            "0": 3.015,
            "10": 3.013,
            "20": 3.028,
            "30": 3.029
          },
          "accuracy": {
            "0": 52.77777777777778,
            "10": 58.333333333333336,
            "20": 61.111111111111114,
            "30": 69.44444444444444
          }
        },
        "hm": {
          "time": {
            "0": 3.124,
            "10": 3.094,
            "20": 3.078,
            "30": 3.078
          },
          "accuracy": {
            "0": 58.333333333333336,
            "10": 69.44444444444444,
            "20": 72.22222222222221,
            "30": 72.22222222222221
          }
        },
        "rhw": {
          "time": {
            "0": 3.018,
            "10": 3.049,
            "20": 3.033,
            "30": 3.017
          },
          "accuracy": {
            "0": 58.333333333333336,
            "10": 58.333333333333336,
            "20": 63.888888888888886,
            "30": 72.22222222222221
          }
        },
        "zg": {
          "time": {
            "0": 3.01,
            "10": 3.025,
            "20": 3.011,
            "30": 3.012
          },
          "accuracy": {
            "0": 58.333333333333336,
            "10": 66.66666666666666,
            "20": 72.22222222222221,
            "30": 72.22222222222221
          }
        },
        "observations_avg": 3.0833333333333335
      },
      "50": {
        "exhaust": {
          "time": {
            "0": 3.362,
            "10": 3.348,
            "20": 3.389,
            "30": 3.372
          },
          "accuracy": {
            "0": 63.888888888888886,
            "10": 66.66666666666666,
            "20": 69.44444444444444,
            "30": 69.44444444444444
          }
        },
        "hm": {
          "time": {
            "0": 3.49,
            "10": 3.454,
            "20": 3.439,
            "30": 3.47
          },
          "accuracy": {
            "0": 58.333333333333336,
            "10": 61.111111111111114,
            "20": 66.66666666666666,
            "30": 75.0
          }
        },
        "rhw": {
          "time": {
            "0": 3.354,
            "10": 3.381,
            "20": 3.346,
            "30": 3.377
          },
          "accuracy": {
            "0": 55.55555555555556,
            "10": 61.111111111111114,
            "20": 69.44444444444444,
            "30": 77.77777777777779
          }
        },
        "zg": {
          "time": {
            "0": 3.38,
            "10": 3.351,
            "20": 3.384,
            "30": 3.351
          },
          "accuracy": {
            "0": 58.333333333333336,
            "10": 61.111111111111114,
            "20": 66.66666666666666,
            "30": 75.0
          }
        },
        "observations_avg": 5.75
      },
      "75": {
        "exhaust": {
          "time": {
            "0": 3.229,
            "10": 3.258,
            "20": 3.263,
            "30": 3.21
          },
          "accuracy": {
            "0": 91.66666666666666,
            "10": 94.44444444444444,
            "20": 97.22222222222221,
            "30": 97.22222222222221
          }
        },
        "hm": {
          "time": {
            "0": 3.304,
            "10": 3.332,
            "20": 3.311,
            "30": 3.35
          },
          "accuracy": {
            "0": 94.44444444444444,
            "10": 97.22222222222221,
            "20": 97.22222222222221,
            "30": 97.22222222222221
          }
        },
        "rhw": {
          "time": {
            "0": 3.212,
            "10": 3.241,
            "20": 3.234,
            "30": 3.217
          },
          "accuracy": {
            "0": 91.66666666666666,
            "10": 94.44444444444444,
            "20": 97.22222222222221,
            "30": 97.22222222222221
          }
        },
        "zg": {
          "time": {
            "0": 3.243,
            "10": 3.222,
            "20": 3.243,
            "30": 3.244
          },
          "accuracy": {
            "0": 94.44444444444444,
            "10": 97.22222222222221,
            "20": 97.22222222222221,
            "30": 97.22222222222221
          }
        },
        "observations_avg": 8.416666666666666
      },
      "100": {
        "exhaust": {
          "time": {
            "0": 3.345,
            "10": 3.345,
            "20": 3.359,
            "30": 3.365
          },
          "accuracy": {
            "0": 100.0,
            "10": 100.0,
            "20": 100.0,
            "30": 100.0
          }
        },
        "hm": {
          "time": {
            "0": 3.464,
            "10": 3.45,
            "20": 3.434,
            "30": 3.448
          },
          "accuracy": {
            "0": 97.22222222222221,
            "10": 100.0,
            "20": 100.0,
            "30": 100.0
          }
        },
        "rhw": {
          "time": {
            "0": 3.38,
            "10": 3.339,
            "20": 3.346,
            "30": 3.369
          },
          "accuracy": {
            "0": 97.22222222222221,
            "10": 100.0,
            "20": 100.0,
            "30": 100.0
          }
        },
        "zg": {
          "time": {
            "0": 3.352,
            "10": 3.366,
            "20": 3.37,
            "30": 3.348
          },
          "accuracy": {
            "0": 97.22222222222221,
            "10": 100.0,
            "20": 100.0,
            "30": 100.0
          }
        },
        "observations_avg": 10.833333333333334
      }
    },
    "landmarks_avg": {
      "exhaust": 26.999999999999993,
      "hm": 13.5,
      "rhw": 17.3888888888889,
      "zg": 13.222222222222152
    },
    "spread": {
      "25": {
        "exhaust": {
          "0": 1.0,
          "10": 1.1944444444444444,
          "20": 1.5,
          "30": 2.0277777777777777
        },
        "hm": {
          "0": 1.0,
          "10": 1.3333333333333333,
          "20": 1.6666666666666667,
          "30": 2.0277777777777777
        },
        "rhw": {
          "0": 1.0,
          "10": 1.1111111111111112,
          "20": 1.5833333333333333,
          "30": 2.0277777777777777
        },
        "zg": {
          "0": 1.0,
          "10": 1.2777777777777777,
          "20": 1.6388888888888888,
          "30": 1.9722222222222223
        }
      },
      "50": {
        "exhaust": {
          "0": 1.0,
          "10": 1.1111111111111112,
          "20": 1.4722222222222223,
          "30": 1.8055555555555556
        },
        "hm": {
          "0": 1.0,
          "10": 1.1666666666666667,
          "20": 1.3055555555555556,
          "30": 1.7222222222222223
        },
        "rhw": {
          "0": 1.0,
          "10": 1.0833333333333333,
          "20": 1.3333333333333333,
          "30": 1.8055555555555556
        },
        "zg": {
          "0": 1.0,
          "10": 1.1388888888888888,
          "20": 1.2777777777777777,
          "30": 1.6944444444444444
        }
      },
      "75": {
        "exhaust": {
          "0": 1.0,
          "10": 1.0277777777777777,
          "20": 1.3055555555555556,
          "30": 1.5277777777777777
        },
        "hm": {
          "0": 1.0,
          "10": 1.0833333333333333,
          "20": 1.1388888888888888,
          "30": 1.4166666666666667
        },
        "rhw": {
          "0": 1.0,
          "10": 1.1111111111111112,
          "20": 1.2222222222222223,
          "30": 1.4722222222222223
        },
        "zg": {
          "0": 1.0,
          "10": 1.0833333333333333,
          "20": 1.1388888888888888,
          "30": 1.3611111111111112
        }
      },
      "100": {
        "exhaust": {
          "0": 1.0,
          "10": 1.0277777777777777,
          "20": 1.2222222222222223,
          "30": 1.5
        },
        "hm": {
          "0": 1.0,
          "10": 1.0555555555555556,
          "20": 1.1944444444444444,