{
  "rovers_noisy": {
    "problems": 144,
    "goals_avg": 6.0,
    "observations": {
      "25": {
        "exhaust": {
          "time": {
            "0": 3.234,
            "10": 3.223,
            "20": 3.258,
            "30": 3.241
          },
          "accuracy": {
            "0": 47.22222222222222,
            "10": 75.0,
            "20": 88.88888888888889,
            "30": 97.22222222222221
          }
        },
        "hm": {
          "time": {
            "0": 3.34,
            "10": 3.337,
            "20": 3.342,
            "30": 3.318
          },
          "accuracy": {
            "0": 58.333333333333336,
            "10": 66.66666666666666,
            "20": 91.66666666666666,
            "30": 94.44444444444444
          }
        },
        "rhw": {
          "time": {
            "0": 3.24,
            "10": 3.249,
            "20": 3.263,
            "30": 3.227
          },
          "accuracy": {
            "0": 52.77777777777778,
            "10": 77.77777777777779,
            "20": 83.33333333333334,
            "30": 94.44444444444444
          }
        },
        "zg": {
          "time": {
            "0": 3.239,
            "10": 3.241,
            "20": 3.24,
            "30": 3.242
          },
          "accuracy": {
            "0": 52.77777777777778,
            "10": 77.77777777777779,
            "20": 91.66666666666666,
            "30": 94.44444444444444
          }
        },
        "observations_avg": 3.0833333333333335
      },
      "50": {
        "exhaust": {
          "time": {
            "0": 3.545,
            "10": 3.537,
            "20": 3.521,
            "30": 3.524
          },
          "accuracy": {
            "0": 72.22222222222221,
            "10": 83.33333333333334,
            "20": 100.0,
            "30": 100.0
          }
        },
        "hm": {
          "time": {
            "0": 3.621,
            "10": 3.609,
            "20": 3.602,
            "30": 3.597
          },
          "accuracy": {
            "0": 72.22222222222221,
            "10": 83.33333333333334,
            "20": 94.44444444444444,
            "30": 97.22222222222221
          }
        },
        "rhw": {
          "time": {
            "0": 3.513,
            "10": 3.514,
            "20": 3.516,
            "30": 3.511
          },
          "accuracy": {
            "0": 75.0,
            "10": 83.33333333333334,
            "20": 94.44444444444444,
            "30": 97.22222222222221
          }
        },
        "zg": {
          "time": {
            "0": 3.517,
            "10": 3.516,
            "20": 3.494,
            "30": 3.521
          },
          "accuracy": {
            "0": 75.0,
            "10": 86.11111111111111,
            "20": 94.44444444444444,
            "30": 97.22222222222221
          }
        },
        "observations_avg": 5.75
      },
      "75": {
        "exhaust": {
          "time": {
            "0": 3.41,
            "10": 3.4,
            "20": 3.403,
            "30": 3.362
          },
          "accuracy": {
            "0": 97.22222222222221,
            "10": 100.0,
            "20": 100.0,
            "30": 100.0
          }
        },
        "hm": {
          "time": {
            "0": 3.504,
            "10": 3.462,
            "20": 3.445,
            "30": 3.486
          },
          "accuracy": {
            "0": 97.22222222222221,
            "10": 100.0,
            "20": 100.0,
            "30": 100.0
          }
        },
        "rhw": {
          "time": {
            "0": 3.39,
            "10": 3.397,
            "20": 3.399,
            "30": 3.392
          },
          "accuracy": {
            "0": 97.22222222222221,
            "10": 100.0,
            "20": 100.0,
            "30": 100.0
          }
        },
        "zg": {
          "time": {
            "0": 3.369,
            "10": 3.394,
            "20": 3.373,
            "30": 3.389
          },
          "accuracy": {
            "0": 97.22222222222221,
            "10": 97.22222222222221,
            "20": 100.0,
            "30": 100.0
          }
        },
        "observations_avg": 8.416666666666666
      },
      "100": {
        "exhaust": {
          "time": {
            "0": 3.469,
            "10": 3.483,
            "20": 3.494,
            "30": 3.509
          },
          "accuracy": {
            "0": 97.22222222222221,
            "10": 100.0,
            "20": 100.0,
            "30": 100.0
          }
        },
        "hm": {
          "time": {
            "0": 3.587,
            "10": 3.606,
            "20": 3.605,
            "30": 3.634
          },
          "accuracy": {
            "0": 100.0,
            "10": 100.0,
            "20": 100.0,
            "30": 100.0
          }
        },
        "rhw": {
          "time": {
            "0": 3.504,
            "10": 3.503,
            "20": 3.497,
            "30": 3.493
          },
          "accuracy": {
            "0": 100.0,
            "10": 100.0,
            "20": 100.0,
            "30": 100.0
          }
        },
        "zg": {
          "time": {
            "0": 3.52,
            "10": 3.517,
            "20": 3.502,
            "30": 3.514
          },
          "accuracy": {
            "0": 100.0,
            "10": 100.0,
            "20": 100.0,
            "30": 100.0
          }
        },
        "observations_avg": 10.833333333333334
      }
    },
    "landmarks_avg": {
      "exhaust": 26.999999999999993,
      "hm": 13.5,
      "rhw": 17.3888888888889,
      "zg": 13.222222222222152
    },
    "spread": {
      "25": {
        "exhaust": {
          "0": 1.1111111111111112,
          "10": 2.1944444444444446,
          "20": 2.861111111111111,
          "30": 3.75
        },
        "hm": {
          "0": 1.25,
          "10": 1.75,
          "20": 2.6666666666666665,
          "30": 3.0555555555555554
        },
        "rhw": {
          "0": 1.1944444444444444,
          "10": 1.8611111111111112,
          "20": 2.5,
          "30": 3.2777777777777777
        },
        "zg": {
          "0": 1.1944444444444444,
          "10": 1.9722222222222223,
          "20": 2.7222222222222223,
          "30": 3.0833333333333335
        }
      },
      "50": {
        "exhaust": {
          "0": 1.0833333333333333,
          "10": 1.8611111111111112,
          "20": 3.111111111111111,
          "30": 4.194444444444445
        },
        "hm": {
          "0": 1.1666666666666667,
          "10": 1.5833333333333333,
          "20": 2.25,
          "30": 2.8055555555555554
        },
        "rhw": {
          "0": 1.1388888888888888,
          "10": 1.5833333333333333,
          "20": 2.3055555555555554,
          "30": 3.111111111111111
        },
        "zg": {
          "0": 1.1944444444444444,
          "10": 1.6944444444444444,
          "20": 2.25,
          "30": 2.9166666666666665
        }
      },
      "75": {
        "exhaust": {
          "0": 1.0,
          "10": 1.4166666666666667,
          "20": 2.611111111111111,
          "30": 4.138888888888889
        },
        "hm": {
          "0": 1.0555555555555556,
          "10": 1.3055555555555556,
          "20": 1.8333333333333333,
          "30": 2.5277777777777777
        },
        "rhw": {
          "0": 1.0555555555555556,
          "10": 1.2777777777777777,
          "20": 1.75,
          "30": 2.5277777777777777
        },
        "zg": {
          "0": 1.0555555555555556,
          "10": 1.25,
          "20": 1.7777777777777777,
          "30": 2.4444444444444446
        }
      },
      "100": {
        "exhaust": {
          "0": 1.0,
          "10": 1.3055555555555556,
          "20": 2.5555555555555554,
          "30": 4.166666666666667
        },
        "hm": {
          "0": 1.0,
          "10": 1.1111111111111112,
          "20": 1.5833333333333333,
          "30": 2.3333333333333335
        },
        "rhw": {
          "0": 1.0,
          "10": 1.1111111111111112,