{
  "rovers_noisy": {
    "problems": 144,
    "goals_avg": 6.0,
    "observations": {
      "25": {
        "exhaust": {
          "time": {
            "0": 3.996,
            "10": 4.05
          },
          "accuracy": {
            "0": 47.22222222222222,
            "10": 75.0
          }
        },
        "hm": {
          "time": {
            "0": 4.138,
            "10": 4.167
          },
          "accuracy": {
            "0": 58.333333333333336,
            "10": 66.66666666666666
          }
        },
        "rhw": {
          "time": {
            "0": 4.014,
            "10": 4.012
          },
          "accuracy": {
            "0": 52.77777777777778,
            "10": 77.77777777777779
          }
        },
        "zg": {
          "time": {
            "0": 4.018,
            "10": 3.993
          },
          "accuracy": {
            "0": 52.77777777777778,
            "10": 77.77777777777779
          }
        },
        "hoffmann": {
          "time": {
            "0": 7.377,
            "10": 7.359
          },
          "accuracy": {
            "0": 50.0,
            "10": 75.0
          }
        },
        "observations_avg": 3.0833333333333335
      },
      "50": {
        "exhaust": {
          "time": {
            "0": 4.211,
            "10": 4.23
          },
          "accuracy": {
            "0": 72.22222222222221,
            "10": 83.33333333333334
          }
        },
        "hm": {
          "time": {
            "0": 4.307,
            "10": 4.324
          },
          "accuracy": {
            "0": 72.22222222222221,
            "10": 83.33333333333334
          }
        },
        "rhw": {
          "time": {
            "0": 4.21,
            "10": 4.225
          },
          "accuracy": {
            "0": 75.0,
            "10": 83.33333333333334
          }
        },
        "zg": {
          "time": {
            "0": 4.277,
            "10": 4.236
          },
          "accuracy": {
            "0": 75.0,
            "10": 86.11111111111111
          }
        },
        "hoffmann": {
          "time": {
            "0": 7.921,
            "10": 7.899
          },
          "accuracy": {
            "0": 69.44444444444444,
            "10": 88.88888888888889
          }
        },
        "observations_avg": 5.75
      },
      "75": {
        "exhaust": {
          "time": {
            "0": 4.221,
            "10": 4.271
          },
          "accuracy": {
            "0": 97.22222222222221,
            "10": 100.0
          }
        },
        "hm": {
          "time": {
            "0": 4.367,
            "10": 4.369
          },
          "accuracy": {
            "0": 97.22222222222221,
            "10": 100.0
          }
        },
        "rhw": {
          "time": {
            "0": 4.224,
            "10": 4.226
          },
          "accuracy": {
            "0": 97.22222222222221,
            "10": 100.0
          }
        },
        "zg": {
          "time": {
            "0": 4.304,
            "10": 4.271
          },
          "accuracy": {
            "0": 97.22222222222221,
            "10": 97.22222222222221
          }
        },
        "hoffmann": {
          "time": {
            "0": 7.944,
            "10": 7.906
          },
          "accuracy": {
            "0": 97.22222222222221,
            "10": 100.0
          }
        },
        "observations_avg": 8.416666666666666
      },
      "100": {
        "exhaust": {
          "time": {
            "0": 4.246,
            "10": 4.302
          },
          "accuracy": {
            "0": 97.22222222222221,
            "10": 100.0
          }
        },
        "hm": {
          "time": {
            "0": 4.386,
            "10": 4.378
          },
          "accuracy": {
            "0": 100.0,
            "10": 100.0
          }
        },
        "rhw": {
          "time": {
            "0": 4.339,
            "10": 4.327
          },
          "accuracy": {
            "0": 100.0,
            "10": 100.0
          }
        },
        "zg": {
          "time": {
            "0": 4.254,
            "10": 4.328
          },
          "accuracy": {
            "0": 100.0,
            "10": 100.0
          }
        },
        "hoffmann": {
          "time": {
            "0": 8.034,
            "10": 8.089
          },
          "accuracy": {
            "0": 100.0,
            "10": 100.0
          }
        },
        "observations_avg": 10.833333333333334
      }
    },
    "landmarks_avg": {
      "exhaust": 27.0,
      "hm": 13.5,
      "rhw": 17.388888888888882,
      "zg": 13.222222222222257,
      "hoffmann": 15.944444444444429
    },
    "spread": {
      "25": {
        "exhaust": {
          "0": 1.1111111111111112,
          "10": 2.1944444444444446
        },
        "hm": {
          "0": 1.25,
          "10": 1.75
        },
        "rhw": {
          "0": 1.1944444444444444,
          "10": 1.8611111111111112
        },
        "zg": {
          "0": 1.1944444444444444,
          "10": 1.9722222222222223
        },
        "hoffmann": {
          "0": 1.1666666666666667,
          "10": 2.0
        }
      },
      "50": {
        "exhaust": {
          "0": 1.0833333333333333,
          "10": 1.8611111111111112
        },
        "hm": {
          "0": 1.1666666666666667,
          "10": 1.5833333333333333
        },
        "rhw": {
          "0": 1.1388888888888888,
          "10": 1.5833333333333333
        },
        "zg": {
          "0": 1.1944444444444444,
          "10": 1.6944444444444444
        },
        "hoffmann": {
          "0": 1.1388888888888888,
          "10": 1.9722222222222223
        }
      },
      "75": {
        "exhaust": {
          "0": 1.0,
          "10": 1.4166666666666667
        },
        "hm": {
          "0": 1.0555555555555556,
          "10": 1.3055555555555556
        },
        "rhw": {
          "0": 1.0555555555555556,
          "10": 1.2777777777777777
        },
        "zg": {
          "0": 1.0555555555555556,
          "10": 1.25
        },
        "hoffmann": {
          "0": 1.0555555555555556,
          "10": 1.4444444444444444
        }
      },
      "100": {
        "exhaust": {
          "0": 1.0,
          "10": 1.3055555555555556
        },
        "hm": {
          "0": 1.0,
          "10": 1.1111111111111112
        },
        "rhw": {
          "0": 1.0,
          "10": 1.1111111111111112
        },
        "zg": {
          "0": 1.0,
          "10": 1.1111111111111112
        },
        "hoffmann": {
          "0": 1.0,
          "10": 1.1666666666666667
        }
      }
    }
  }
}