{
  "logistics_noisy": {
    "problems": 144,
    "goals_avg": 10.0,
    "observations": {
      "25": {
        "exhaust": {
          "time": {
            "0": 3.856,
            "10": 3.858,
            "20": 3.875,
            "30": 3.85
          },
          "accuracy": {
            "0": 69.44444444444444,
            "10": 80.55555555555556,
            "20": 88.88888888888889,
            "30": 100.0
          }
        },
        "hm": {
          "time": {
            "0": 3.967,
            "10": 3.978,
            "20": 3.947,
            "30": 3.994
          },
          "accuracy": {
            "0": 69.44444444444444,
            "10": 75.0,
            "20": 88.88888888888889,
            "30": 100.0
          }
        },
        "rhw": {
          "time": {
            "0": 3.849,
            "10": 3.861,
            "20": 3.841,
            "30": 3.857
          },
          "accuracy": {
            "0": 69.44444444444444,
            "10": 75.0,
            "20": 88.88888888888889,
            "30": 100.0
          }
        },
        "zg": {
          "time": {
            "0": 3.865,
            "10": 3.843,
            "20": 3.849,
            "30": 3.886
          },
          "accuracy": {
            "0": 69.44444444444444,
            "10": 75.0,
            "20": 88.88888888888889,
            "30": 100.0
          }
        },
        "observations_avg": 4.833333333333333
      },
      "50": {
        "exhaust": {
          "time": {
            "0": 4.863,
            "10": 4.843,
            "20": 4.856,
            "30": 4.852
          },
          "accuracy": {
            "0": 94.44444444444444,
            "10": 100.0,
            "20": 100.0,
            "30": 100.0
          }
        },
        "hm": {
          "time": {
            "0": 4.99,
            "10": 4.969,
            "20": 5.017,
            "30": 4.988
          },
          "accuracy": {
            "0": 94.44444444444444,
            "10": 100.0,
            "20": 100.0,
            "30": 100.0
          }
        },
        "rhw": {
          "time": {
            "0": 4.839,
            "10": 4.851,
            "20": 4.864,
            "30": 4.866
          },
          "accuracy": {
            "0": 94.44444444444444,
            "10": 100.0,
            "20": 100.0,
            "30": 100.0
          }
        },
        "zg": {
          "time": {
            "0": 4.862,
            "10": 4.833,
            "20": 4.84,
            "30": 4.863
          },
          "accuracy": {
            "0": 94.44444444444444,
            "10": 100.0,
            "20": 100.0,
            "30": 100.0
          }
        },
        "observations_avg": 9.416666666666666
      },
      "75": {
        "exhaust": {
          "time": {
            "0": 4.54,
            "10": 4.536,
            "20": 4.536,
            "30": 4.532
          },
          "accuracy": {
            "0": 100.0,
            "10": 100.0,
            "20": 100.0,
            "30": 100.0
          }
        },
        "hm": {
          "time": {
            "0": 4.662,
            "10": 4.636,
            "20": 4.672,
            "30": 4.684
          },
          "accuracy": {
            "0": 100.0,
            "10": 100.0,
            "20": 100.0,
            "30": 100.0
          }
        },
        "rhw": {
          "time": {
            "0": 4.536,
            "10": 4.533,
            "20": 4.53,
            "30": 4.522
          },
          "accuracy": {
            "0": 100.0,
            "10": 100.0,
            "20": 100.0,
            "30": 100.0
          }
        },
        "zg": {
          "time": {
            "0": 4.558,
            "10": 4.558,
            "20": 4.515,
            "30": 4.517
          },
          "accuracy": {
            "0": 100.0,
            "10": 100.0,
            "20": 100.0,
            "30": 100.0
          }
        },
        "observations_avg": 14.166666666666666
      },
      "100": {
        "exhaust": {
          "time": {
            "0": 4.9,
            "10": 4.9,
            "20": 4.921,
            "30": 4.869
          },
          "accuracy": {
            "0": 100.0,
            "10": 100.0,
            "20": 100.0,
            "30": 100.0
          }
        },
        "hm": {
          "time": {
            "0": 5.069,
            "10": 5.059,
            "20": 5.032,
            "30": 5.089
          },
          "accuracy": {
            "0": 100.0,
            "10": 100.0,
            "20": 100.0,
            "30": 100.0
          }
        },
        "rhw": {
          "time": {
            "0": 4.883,
            "10": 4.942,
            "20": 4.869,
            "30": 4.922
          },
          "accuracy": {
            "0": 100.0,
            "10": 100.0,
            "20": 100.0,
            "30": 100.0
          }
        },
        "zg": {
          "time": {
            "0": 4.917,
            "10": 4.869,
            "20": 4.92,
            "30": 4.915
          },
          "accuracy": {
            "0": 100.0,
            "10": 100.0,
            "20": 100.0,
            "30": 100.0
          }
        },
        "observations_avg": 18.166666666666668
      }
    },
    "landmarks_avg": {
      "exhaust": 21.266666666666698,
      "hm": 20.60000000000002,
      "rhw": 20.60000000000002,
      "zg": 20.60000000000002
    },
    "spread": {
      "25": {
        "exhaust": {
          "0": 1.1944444444444444,
          "10": 1.8055555555555556,
          "20": 2.7222222222222223,
          "30": 4.138888888888889
        },
        "hm": {
          "0": 1.1944444444444444,
          "10": 1.75,
          "20": 2.638888888888889,
          "30": 4.027777777777778
        },
        "rhw": {
          "0": 1.1944444444444444,
          "10": 1.75,
          "20": 2.638888888888889,
          "30": 4.027777777777778
        },
        "zg": {
          "0": 1.1944444444444444,
          "10": 1.75,
          "20": 2.638888888888889,
          "30": 4.027777777777778
        }
      },
      "50": {
        "exhaust": {
          "0": 1.0277777777777777,
          "10": 1.5277777777777777,
          "20": 1.8888888888888888,
          "30": 3.0555555555555554
        },
        "hm": {
          "0": 1.0277777777777777,
          "10": 1.5,
          "20": 1.8333333333333333,
          "30": 2.9722222222222223
        },
        "rhw": {
          "0": 1.0277777777777777,
          "10": 1.5,
          "20": 1.8333333333333333,
          "30": 2.9722222222222223
        },
        "zg": {
          "0": 1.0277777777777777,
          "10": 1.5,
          "20": 1.8333333333333333,
          "30": 2.9722222222222223
        }
      },
      "75": {
        "exhaust": {
          "0": 1.0277777777777777,
          "10": 1.4166666666666667,
          "20": 1.6666666666666667,
          "30": 2.7222222222222223
        },
        "hm": {
          "0": 1.0277777777777777,
          "10": 1.4166666666666667,
          "20": 1.6388888888888888,
          "30": 2.611111111111111
        },
        "rhw": {
          "0": 1.0277777777777777,
          "10": 1.4166666666666667,
          "20": 1.6388888888888888,
          "30": 2.611111111111111
        },
        "zg": {
          "0": 1.0277777777777777,
          "10": 1.4166666666666667,
          "20": 1.6388888888888888,
          "30": 2.611111111111111
        }
      },
      "100": {
        "exhaust": {
          "0": 1.1111111111111112,
          "10": 1.4722222222222223,
          "20": 1.5833333333333333,
          "30": 2.2222222222222223
        },
        "hm": {
          "0": 1.1111111111111112,
          "10": 1.4722222222222223,
          "20": 1.5833333333333333,
          "30": 2.0
        },
        "rhw": {
          "0": 1.1111111111111112,
          "10": 1.4722222222222223,
          "20": 1.5833333333333333,
          "30": 2.0
        },
        "zg": {
          "0": 1.1111111111111112,
          "10": 1.4722222222222223,