{
  "logistics_noisy": {
    "problems": 144,
    "goals_avg": 10.0,
    "observations": {
      "25": {
        "exhaust": {
          "time": {
            "0": 14.817,
            "10": 15.086,
            "20": 14.735,
            "30": 14.797
          },
          "accuracy": {
            "0": 69.44444444444444,
            "10": 80.55555555555556,
            "20": 88.88888888888889,
            "30": 100.0
          }
        },
        "hm": {
          "time": {
            "0": 15.243,
            "10": 15.339,
            "20": 15.274,
            "30": 15.313
          },
          "accuracy": {
            "0": 69.44444444444444,
            "10": 75.0,
            "20": 88.88888888888889,
            "30": 100.0
          }
        },
        "rhw": {
          "time": {
            "0": 14.999,
            "10": 14.899,
            "20": 14.816,
            "30": 15.02
          },
          "accuracy": {
            "0": 69.44444444444444,
            "10": 75.0,
            "20": 88.88888888888889,
            "30": 100.0
          }
        },
        "zg": {
          "time": {
            "0": 14.732,
            "10": 14.916,
            "20": 15.02,
            "30": 14.794
          },
          "accuracy": {
            "0": 69.44444444444444,
            "10": 75.0,
            "20": 88.88888888888889,
            "30": 100.0
          }
        },
        "observations_avg": 4.833333333333333
      },
      "50": {
        "exhaust": {
          "time": {
            "0": 16.646,
            "10": 16.566,
            "20": 16.85,
            "30": 16.537
          },
          "accuracy": {
            "0": 94.44444444444444,
            "10": 100.0,
            "20": 100.0,
            "30": 100.0
          }
        },
        "hm": {
          "time": {
            "0": 17.03,
            "10": 16.866,
            "20": 16.849,
            "30": 17.062
          },
          "accuracy": {
            "0": 94.44444444444444,
            "10": 100.0,
            "20": 100.0,
            "30": 100.0
          }
        },
        "rhw": {
          "time": {
            "0": 16.492,
            "10": 16.613,
            "20": 16.657,
            "30": 16.529
          },
          "accuracy": {
            "0": 94.44444444444444,
            "10": 100.0,
            "20": 100.0,
            "30": 100.0
          }
        },
        "zg": {
          "time": {
            "0": 16.515,
            "10": 16.525,
            "20": 16.738,
            "30": 16.845
          },
          "accuracy": {
            "0": 94.44444444444444,
            "10": 100.0,
            "20": 100.0,
            "30": 100.0
          }
        },
        "observations_avg": 9.416666666666666
      },
      "75": {
        "exhaust": {
          "time": {
            "0": 16.228,
            "10": 16.592,
            "20": 16.199,
            "30": 16.304
          },
          "accuracy": {
            "0": 100.0,
            "10": 100.0,
            "20": 100.0,
            "30": 100.0
          }
        },
        "hm": {
          "time": {
            "0": 16.839,
            "10": 16.549,
            "20": 16.741,
            "30": 16.688
          },
          "accuracy": {
            "0": 100.0,
            "10": 100.0,
            "20": 100.0,
            "30": 100.0
          }
        },
        "rhw": {
          "time": {
            "0": 16.203,
            "10": 16.336,
            "20": 16.328,
            "30": 16.21
          },
          "accuracy": {
            "0": 100.0,
            "10": 100.0,
            "20": 100.0,
            "30": 100.0
          }
        },
        "zg": {
          "time": {
            "0": 16.31,
            "10": 16.343,
            "20": 16.493,
            "30": 16.128
          },
          "accuracy": {
            "0": 100.0,
            "10": 100.0,
            "20": 100.0,
            "30": 100.0
          }
        },
        "observations_avg": 14.166666666666666
      },
      "100": {
        "exhaust": {
          "time": {
            "0": 8.498,
            "10": 8.489,
            "20": 8.55,
            "30": 8.554
          },
          "accuracy": {
            "0": 100.0,
            "10": 100.0,
            "20": 100.0,
            "30": 100.0
          }
        },
        "hm": {
          "time": {
            "0": 8.8,
            "10": 8.675,
            "20": 8.752,
            "30": 8.745
          },
          "accuracy": {
            "0": 100.0,
            "10": 100.0,
            "20": 100.0,
            "30": 100.0
          }
        },
        "rhw": {
          "time": {
            "0": 8.536,
            "10": 8.569,
            "20": 8.542,
            "30": 8.607
          },
          "accuracy": {
            "0": 100.0,
            "10": 100.0,
            "20": 100.0,
            "30": 100.0
          }
        },
        "zg": {
          "time": {
            "0": 8.519,
            "10": 8.378,
            "20": 8.501,
            "30": 8.545
          },
          "accuracy": {
            "0": 100.0,
            "10": 100.0,
            "20": 100.0,
            "30": 100.0
          }
        },
        "observations_avg": 18.166666666666668
      }
    },
    "landmarks_avg": {
      "exhaust": 21.266666666666698,
      "hm": 20.60000000000002,
      "rhw": 20.60000000000002,
      "zg": 20.60000000000002
    },
    "spread": {
      "25": {
        "exhaust": {
          "0": 1.1944444444444444,
          "10": 1.8055555555555556,
          "20": 2.7222222222222223,
          "30": 4.138888888888889
        },
        "hm": {
          "0": 1.1944444444444444,
          "10": 1.75,
          "20": 2.638888888888889,
          "30": 4.027777777777778
        },
        "rhw": {
          "0": 1.1944444444444444,
          "10": 1.75,
          "20": 2.638888888888889,
          "30": 4.027777777777778
        },
        "zg": {
          "0": 1.1944444444444444,
          "10": 1.75,
          "20": 2.638888888888889,
          "30": 4.027777777777778
        }
      },
      "50": {
        "exhaust": {
          "0": 1.0277777777777777,
          "10": 1.5277777777777777,
          "20": 1.8888888888888888,
          "30": 3.0555555555555554
        },
        "hm": {
          "0": 1.0277777777777777,
          "10": 1.5,
          "20": 1.8333333333333333,
          "30": 2.9722222222222223
        },
        "rhw": {
          "0": 1.0277777777777777,
          "10": 1.5,
          "20": 1.8333333333333333,
          "30": 2.9722222222222223
        },
        "zg": {
          "0": 1.0277777777777777,
          "10": 1.5,
          "20": 1.8333333333333333,
          "30": 2.9722222222222223
        }
      },
      "75": {
        "exhaust": {
          "0": 1.0277777777777777,
          "10": 1.4166666666666667,
          "20": 1.6666666666666667,
          "30": 2.7222222222222223
        },
        "hm": {
          "0": 1.0277777777777777,
          "10": 1.4166666666666667,
          "20": 1.6388888888888888,
          "30": 2.611111111111111
        },
        "rhw": {
          "0": 1.0277777777777777,
          "10": 1.4166666666666667,
          "20": 1.6388888888888888,
          "30": 2.611111111111111
        },
        "zg": {
          "0": 1.0277777777777777,
          "10": 1.4166666666666667,
          "20": 1.6388888888888888,
          "30": 2.611111111111111
        }
      },
      "100": {
        "exhaust": {
          "0": 1.1111111111111112,
          "10": 1.4722222222222223,
          "20": 1.5833333333333333,
          "30": 2.2222222222222223
        },
        "hm": {
          "0": 1.1111111111111112,
          "10": 1.4722222222222223,
          "20": 1.5833333333333333,
          "30": 2.0
        },
        "rhw": {
          "0": 1.1111111111111112,
          "10": 1.4722222222222223,
          "20": 1.5833333333333333,
          "30": 2.0
        },