{
  "logistics_noisy": {
    "problems": 144,
    "goals_avg": 10.0,
    "observations": {
      "25": {
        "exhaust": {
          "time": {
            "0": 6.428,
            "10": 6.502
          },
          "accuracy": {
            "0": 69.44444444444444,
            "10": 80.55555555555556
          },
          "prob_accuracy": {
            "0": 100.0,
            "10": 100.0
          }
        },
        "hm": {
          "time": {
            "0": 6.606,
            "10": 6.658
          },
          "accuracy": {
            "0": 69.44444444444444,
            "10": 75.0
          },
          "prob_accuracy": {
            "0": 100.0,
            "10": 100.0
          }
        },
        "rhw": {
          "time": {
            "0": 6.447,
            "10": 6.442
          },
          "accuracy": {
            "0": 69.44444444444444,
            "10": 75.0
          },
          "prob_accuracy": {
            "0": 100.0,
            "10": 100.0
          }
        },
        "zg": {
          "time": {
            "0": 6.424,
            "10": 6.474
          },
          "accuracy": {
            "0": 69.44444444444444,
            "10": 75.0
          },
          "prob_accuracy": {
            "0": 100.0,
            "10": 100.0
          }
        },
        "hoffmann": {
          "time": {
            "0": 71.799,
            "10": 72.202
          },
          "accuracy": {
            "0": 63.888888888888886,
            "10": 69.44444444444444
          },
          "prob_accuracy": {
            "0": 100.0,
            "10": 100.0
          }
        },
        "observations_avg": 4.833333333333333
      },
      "50": {
        "exhaust": {
          "time": {
            "0": 4.717,
            "10": 4.636
          },
          "accuracy": {
            "0": 94.44444444444444,
            "10": 100.0
          },
          "prob_accuracy": {
            "0": 100.0,
            "10": 100.0
          }
        },
        "hm": {
          "time": {
            "0": 4.863,
            "10": 4.907
          },
          "accuracy": {
            "0": 94.44444444444444,
            "10": 100.0
          },
          "prob_accuracy": {
            "0": 100.0,
            "10": 100.0
          }
        },
        "rhw": {
          "time": {
            "0": 4.702,
            "10": 4.703
          },
          "accuracy": {
            "0": 94.44444444444444,
            "10": 100.0
          },
          "prob_accuracy": {
            "0": 100.0,
            "10": 100.0
          }
        },
        "zg": {
          "time": {
            "0": 4.693,
            "10": 4.735
          },
          "accuracy": {
            "0": 94.44444444444444,
            "10": 100.0
          },
          "prob_accuracy": {
            "0": 100.0,
            "10": 100.0
          }
        },
        "hoffmann": {
          "time": {
            "0": 62.523,
            "10": 62.386
          },
          "accuracy": {
            "0": 88.88888888888889,
            "10": 100.0
          },
          "prob_accuracy": {
            "0": 100.0,
            "10": 100.0
          }
        },
        "observations_avg": 9.416666666666666
      },
      "75": {
        "exhaust": {
          "time": {
            "0": 5.646,
            "10": 5.646
          },
          "accuracy": {
            "0": 100.0,
            "10": 100.0
          },
          "prob_accuracy": {
            "0": 100.0,
            "10": 100.0
          }
        },
        "hm": {
          "time": {
            "0": 5.837,
            "10": 5.875
          },
          "accuracy": {
            "0": 100.0,
            "10": 100.0
          },
          "prob_accuracy": {
            "0": 100.0,
            "10": 100.0
          }
        },
        "rhw": {
          "time": {
            "0": 5.587,
            "10": 5.635
          },
          "accuracy": {
            "0": 100.0,
            "10": 100.0
          },
          "prob_accuracy": {
            "0": 100.0,
            "10": 100.0
          }
        },
        "zg": {
          "time": {
            "0": 5.663,
            "10": 5.652
          },
          "accuracy": {
            "0": 100.0,
            "10": 100.0
          },
          "prob_accuracy": {
            "0": 100.0,
            "10": 100.0
          }
        },
        "hoffmann": {
          "time": {
            "0": 66.895,
            "10": 66.928
          },
          "accuracy": {
            "0": 100.0,
            "10": 100.0
          },
          "prob_accuracy": {
            "0": 100.0,
            "10": 100.0
          }
        },
        "observations_avg": 14.166666666666666
      },
      "100": {
        "exhaust": {
          "time": {
            "0": 6.483,
            "10": 6.454
          },
          "accuracy": {
            "0": 100.0,
            "10": 100.0
          },
          "prob_accuracy": {
            "0": 100.0,
            "10": 100.0
          }
        },
        "hm": {
          "time": {
            "0": 6.514,
            "10": 6.618
          },
          "accuracy": {
            "0": 100.0,
            "10": 100.0
          },
          "prob_accuracy": {
            "0": 100.0,
            "10": 100.0
          }
        },
        "rhw": {
          "time": {
            "0": 6.333,
            "10": 6.436
          },
          "accuracy": {
            "0": 100.0,
            "10": 100.0
          },
          "prob_accuracy": {
            "0": 100.0,
            "10": 100.0
          }
        },
        "zg": {
          "time": {
            "0": 6.373,
            "10": 6.408
          },
          "accuracy": {
            "0": 100.0,
            "10": 100.0
          },
          "prob_accuracy": {
            "0": 100.0,
            "10": 100.0
          }
        },
        "hoffmann": {
          "time": {
            "0": 71.717,
            "10": 71.961
          },
          "accuracy": {
            "0": 100.0,
            "10": 100.0
          },
          "prob_accuracy": {
            "0": 100.0,
            "10": 100.0
          }
        },
        "observations_avg": 18.166666666666668
      }
    },
    "landmarks_avg": {
      "exhaust": 21.26666666666657,
      "hm": 20.599999999999905,
      "rhw": 20.599999999999905,
      "zg": 20.599999999999905,
      "hoffmann": 18.99999999999995
    },
    "spread": {
      "25": {
        "exhaust": {
          "0": 1.1944444444444444,
          "10": 1.8055555555555556
        },
        "hm": {
          "0": 1.1944444444444444,
          "10": 1.75
        },
        "rhw": {
          "0": 1.1944444444444444,
          "10": 1.75
        },
        "zg": {
          "0": 1.1944444444444444,
          "10": 1.75
        },
        "hoffmann": {
          "0": 1.25,
          "10": 1.8611111111111112
        }
      },
      "50": {
        "exhaust": {
          "0": 1.0277777777777777,
          "10": 1.5277777777777777
        },
        "hm": {
          "0": 1.0277777777777777,
          "10": 1.5
        },
        "rhw": {
          "0": 1.0277777777777777,
          "10": 1.5
        },
        "zg": {
          "0": 1.0277777777777777,
          "10": 1.5
        },
        "hoffmann": {
          "0": 1.0555555555555556,
          "10": 1.6944444444444444
        }
      },
      "75": {
        "exhaust": {
          "0": 1.0277777777777777,
          "10": 1.4166666666666667
        },
        "hm": {
          "0": 1.0277777777777777,
          "10": 1.4166666666666667
        },
        "rhw": {
          "0": 1.0277777777777777,
          "10": 1.4166666666666667
        },
        "zg": {
          "0": 1.0277777777777777,
          "10": 1.4166666666666667
        },
        "hoffmann": {
          "0": 1.0277777777777777,
          "10": 1.3888888888888888
        }
      },
      "100": {
        "exhaust": {
          "0": 1.1111111111111112,