{
  "logistics_noisy": {
    "problems": 144,
    "goals_avg": 10.0,
    "observations": {
      "25": {
        "exhaust": {
          "time": {
            "0": 4.557,
            "10": 4.713
          },
          "accuracy": {
            "0": 69.44444444444444,
            "10": 80.55555555555556
          }
        },
        "hm": {
          "time": {
            "0": 4.684,
            "10": 4.803
          },
          "accuracy": {
            "0": 69.44444444444444,
            "10": 75.0
          }
        },
        "rhw": {
          "time": {
            "0": 4.592,
            "10": 4.59
          },
          "accuracy": {
            "0": 69.44444444444444,
            "10": 75.0
          }
        },
        "zg": {
          "time": {
            "0": 4.677,
            "10": 4.557
          },
          "accuracy": {
            "0": 69.44444444444444,
            "10": 75.0
          }
        },
        "hoffmann": {
          "time": {
            "0": 10.628,
            "10": 10.073
          },
          "accuracy": {
            "0": 63.888888888888886,
            "10": 69.44444444444444
          }
        },
        "observations_avg": 4.833333333333333
      },
      "50": {
        "exhaust": {
          "time": {
            "0": 5.839,
            "10": 5.867
          },
          "accuracy": {
            "0": 94.44444444444444,
            "10": 100.0
          }
        },
        "hm": {
          "time": {
            "0": 6.069,
            "10": 5.995
          },
          "accuracy": {
            "0": 94.44444444444444,
            "10": 100.0
          }
        },
        "rhw": {
          "time": {
            "0": 5.9,
            "10": 5.858
          },
          "accuracy": {
            "0": 94.44444444444444,
            "10": 100.0
          }
        },
        "zg": {
          "time": {
            "0": 5.78,
            "10": 5.924
          },
          "accuracy": {
            "0": 94.44444444444444,
            "10": 100.0
          }
        },
        "hoffmann": {
          "time": {
            "0": 13.951,
            "10": 14.358
          },
          "accuracy": {
            "0": 88.88888888888889,
            "10": 100.0
          }
        },
        "observations_avg": 9.416666666666666
      },
      "75": {
        "exhaust": {
          "time": {
            "0": 5.337,
            "10": 5.399
          },
          "accuracy": {
            "0": 100.0,
            "10": 100.0
          }
        },
        "hm": {
          "time": {
            "0": 5.433,
            "10": 5.499
          },
          "accuracy": {
            "0": 100.0,
            "10": 100.0
          }
        },
        "rhw": {
          "time": {
            "0": 5.283,
            "10": 5.336
          },
          "accuracy": {
            "0": 100.0,
            "10": 100.0
          }
        },
        "zg": {
          "time": {
            "0": 5.321,
            "10": 5.334
          },
          "accuracy": {
            "0": 100.0,
            "10": 100.0
          }
        },
        "hoffmann": {
          "time": {
            "0": 12.516,
            "10": 12.2
          },
          "accuracy": {
            "0": 100.0,
            "10": 100.0
          }
        },
        "observations_avg": 14.166666666666666
      },
      "100": {
        "exhaust": {
          "time": {
            "0": 5.83,
            "10": 5.814
          },
          "accuracy": {
            "0": 100.0,
            "10": 100.0
          }
        },
        "hm": {
          "time": {
            "0": 6.038,
            "10": 6.016
          },
          "accuracy": {
            "0": 100.0,
            "10": 100.0
          }
        },
        "rhw": {
          "time": {
            "0": 5.902,
            "10": 5.842
          },
          "accuracy": {
            "0": 100.0,
            "10": 100.0
          }
        },
        "zg": {
          "time": {
            "0": 5.918,
            "10": 5.866
          },
          "accuracy": {
            "0": 100.0,
            "10": 100.0
          }
        },
        "hoffmann": {
          "time": {
            "0": 14.424,
            "10": 14.376
          },
          "accuracy": {
            "0": 100.0,
            "10": 100.0
          }
        },
        "observations_avg": 18.166666666666668
      }
    },
    "landmarks_avg": {
      "exhaust": 21.26666666666657,
      "hm": 20.59999999999991,
      "rhw": 20.59999999999991,
      "zg": 20.59999999999991,
      "hoffmann": 18.999999999999947
    },
    "spread": {
      "25": {
        "exhaust": {
          "0": 1.1944444444444444,
          "10": 1.8055555555555556
        },
        "hm": {
          "0": 1.1944444444444444,
          "10": 1.75
        },
        "rhw": {
          "0": 1.1944444444444444,
          "10": 1.75
        },
        "zg": {
          "0": 1.1944444444444444,
          "10": 1.75
        },
        "hoffmann": {
          "0": 1.25,
          "10": 1.8611111111111112
        }
      },
      "50": {
        "exhaust": {
          "0": 1.0277777777777777,
          "10": 1.5277777777777777
        },
        "hm": {
          "0": 1.0277777777777777,
          "10": 1.5
        },
        "rhw": {
          "0": 1.0277777777777777,
          "10": 1.5
        },
        "zg": {
          "0": 1.0277777777777777,
          "10": 1.5
        },
        "hoffmann": {
          "0": 1.0555555555555556,
          "10": 1.6944444444444444
        }
      },
      "75": {
        "exhaust": {
          "0": 1.0277777777777777,
          "10": 1.4166666666666667
        },
        "hm": {
          "0": 1.0277777777777777,
          "10": 1.4166666666666667
        },
        "rhw": {
          "0": 1.0277777777777777,
          "10": 1.4166666666666667
        },
        "zg": {
          "0": 1.0277777777777777,
          "10": 1.4166666666666667
        },
        "hoffmann": {
          "0": 1.0277777777777777,
          "10": 1.3888888888888888
        }
      },
      "100": {
        "exhaust": {
          "0": 1.1111111111111112,
          "10": 1.4722222222222223
        },
        "hm": {
          "0": 1.1111111111111112,
          "10": 1.4722222222222223
        },
        "rhw": {
          "0": 1.1111111111111112,
          "10": 1.4722222222222223
        },
        "zg": {
          "0": 1.1111111111111112,
          "10": 1.4722222222222223
        },
        "hoffmann": {
          "0": 1.1111111111111112,
          "10": 1.4722222222222223
        }
      }
    }
  }
}