{
  "logistics_noisy": {
    "problems": 144,
    "goals_avg": 10.0,
    "observations": {
      "25": {
        "hoffmann": {
          "time": {
            "0": 46.571,
            "10": 46.275,
            "20": 46.383,
            "30": 46.082
          },
          "accuracy": {
            "0": 63.888888888888886,
            "10": 69.44444444444444,
            "20": 77.77777777777779,
            "30": 94.44444444444444
          }
        },
        "observations_avg": 4.833333333333333
      },
      "50": {
        "hoffmann": {
          "time": {
            "0": 59.105,
            "10": 58.812,
            "20": 59.73,
            "30": 59.694
          },
          "accuracy": {
            "0": 88.88888888888889,
            "10": 100.0,
            "20": 100.0,
            "30": 100.0
          }
        },
        "observations_avg": 9.416666666666666
      },
      "75": {
        "hoffmann": {
          "time": {
            "0": 54.311,
            "10": 53.11,
            "20": 54.324,
            "30": 54.8
          },
          "accuracy": {
            "0": 100.0,
            "10": 100.0,
            "20": 100.0,
            "30": 100.0
          }
        },
        "observations_avg": 14.166666666666666
      },
      "100": {
        "hoffmann": {
          "time": {
            "0": 60.175,
            "10": 59.134,
            "20": 60.359,
            "30": 60.33
          },
          "accuracy": {
            "0": 100.0,
            "10": 100.0,
            "20": 100.0,
            "30": 100.0
          }
        },
        "observations_avg": 18.166666666666668
      }
    },
    "landmarks_avg": {
      "hoffmann": 19.000000000000128
    },
    "spread": {
      "25": {
        "hoffmann": {
          "0": 1.25,
          "10": 1.8611111111111112,
          "20": 2.638888888888889,
          "30": 4.194444444444445
        }
      },
      "50": {
        "hoffmann": {
          "0": 1.0555555555555556,
          "10": 1.6944444444444444,
          "20": 2.1666666666666665,
          "30": 3.3333333333333335
        }
      },
      "75": {
        "hoffmann": {
          "0": 1.0277777777777777,
          "10": 1.3888888888888888,
          "20": 1.6666666666666667,
          "30": 2.7222222222222223
        }
      },
      "100": {
        "hoffmann": {
          "0": 1.1111111111111112,
          "10": 1.4722222222222223,
          "20": 1.6666666666666667,
          "30": 2.1944444444444446
        }
      }
    }
  }
}