{
  "logistics_noisy": {
    "problems": 144,
    "goals_avg": 10.0,
    "observations": {
      "25": {
        "exhaust": {
          "time": {
            "0": 3.64,
            "10": 3.666,
            "20": 3.642,
            "30": 3.653
          },
          "accuracy": {
            "0": 25.0,
            "10": 38.88888888888889,
            "20": 50.0,
            "30": 58.333333333333336
          }
        },
        "hm": {
          "time": {
            "0": 3.755,
            "10": 3.759,
            "20": 3.765,
            "30": 3.774
          },
          "accuracy": {
            "0": 25.0,
            "10": 38.88888888888889,
            "20": 50.0,
            "30": 58.333333333333336
          }
        },
        "rhw": {
          "time": {
            "0": 3.643,
            "10": 3.666,
            "20": 3.626,
            "30": 3.65
          },
          "accuracy": {
            "0": 25.0,
            "10": 38.88888888888889,
            "20": 50.0,
            "30": 58.333333333333336
          }
        },
        "zg": {
          "time": {
            "0": 3.659,
            "10": 3.662,
            "20": 3.677,
            "30": 3.659
          },
          "accuracy": {
            "0": 25.0,
            "10": 38.88888888888889,
            "20": 50.0,
            "30": 58.333333333333336
          }
        },
        "observations_avg": 4.833333333333333
      },
      "50": {
        "exhaust": {
          "time": {
            "0": 4.657,
            "10": 4.633,
            "20": 4.625,
            "30": 4.648
          },
          "accuracy": {
            "0": 77.77777777777779,
            "10": 80.55555555555556,
            "20": 83.33333333333334,
            "30": 83.33333333333334
          }
        },
        "hm": {
          "time": {
            "0": 4.765,
            "10": 4.776,
            "20": 4.779,
            "30": 4.776
          },
          "accuracy": {
            "0": 77.77777777777779,
            "10": 80.55555555555556,
            "20": 83.33333333333334,
            "30": 83.33333333333334
          }
        },
        "rhw": {
          "time": {
            "0": 4.643,
            "10": 4.622,
            "20": 4.645,
            "30": 4.645
          },
          "accuracy": {
            "0": 77.77777777777779,
            "10": 80.55555555555556,
            "20": 83.33333333333334,
            "30": 83.33333333333334
          }
        },
        "zg": {
          "time": {
            "0": 4.631,
            "10": 4.601,
            "20": 4.617,
            "30": 4.602
          },
          "accuracy": {
            "0": 77.77777777777779,
            "10": 80.55555555555556,
            "20": 83.33333333333334,
            "30": 83.33333333333334
          }
        },
        "observations_avg": 9.416666666666666
      },
      "75": {
        "exhaust": {
          "time": {
            "0": 4.268,
            "10": 4.237,
            "20": 4.236,
            "30": 4.229
          },
          "accuracy": {
            "0": 94.44444444444444,
            "10": 97.22222222222221,
            "20": 100.0,
            "30": 100.0
          }
        },
        "hm": {
          "time": {
            "0": 4.374,
            "10": 4.379,
            "20": 4.373,
            "30": 4.364
          },
          "accuracy": {
            "0": 94.44444444444444,
            "10": 97.22222222222221,
            "20": 100.0,
            "30": 100.0
          }
        },
        "rhw": {
          "time": {
            "0": 4.227,
            "10": 4.229,
            "20": 4.24,
            "30": 4.238
          },
          "accuracy": {
            "0": 94.44444444444444,
            "10": 97.22222222222221,
            "20": 100.0,
            "30": 100.0
          }
        },
        "zg": {
          "time": {
            "0": 4.256,
            "10": 4.267,
            "20": 4.2,
            "30": 4.217
          },
          "accuracy": {
            "0": 94.44444444444444,
            "10": 97.22222222222221,
            "20": 100.0,
            "30": 100.0
          }
        },
        "observations_avg": 14.166666666666666
      },
      "100": {
        "exhaust": {
          "time": {
            "0": 4.659,
            "10": 4.702,
            "20": 4.671,
            "30": 4.728
          },
          "accuracy": {
            "0": 94.44444444444444,
            "10": 97.22222222222221,
            "20": 97.22222222222221,
            "30": 100.0
          }
        },
        "hm": {
          "time": {
            "0": 4.864,
            "10": 4.861,
            "20": 4.864,
            "30": 4.877
          },
          "accuracy": {
            "0": 94.44444444444444,
            "10": 97.22222222222221,
            "20": 97.22222222222221,
            "30": 100.0
          }
        },
        "rhw": {
          "time": {
            "0": 4.701,
            "10": 4.708,
            "20": 4.721,
            "30": 4.727
          },
          "accuracy": {
            "0": 94.44444444444444,
            "10": 97.22222222222221,
            "20": 97.22222222222221,
            "30": 100.0
          }
        },
        "zg": {
          "time": {
            "0": 4.725,
            "10": 4.701,
            "20": 4.712,
            "30": 4.714
          },
          "accuracy": {
            "0": 94.44444444444444,
            "10": 97.22222222222221,
            "20": 97.22222222222221,
            "30": 100.0
          }
        },
        "observations_avg": 18.166666666666668
      }
    },
    "landmarks_avg": {
      "exhaust": 21.266666666666698,
      "hm": 20.60000000000002,
      "rhw": 20.60000000000002,
      "zg": 20.60000000000002
    },
    "spread": {
      "25": {
        "exhaust": {
          "0": 1.0555555555555556,
          "10": 1.4166666666666667,
          "20": 1.5833333333333333,
          "30": 1.75
        },
        "hm": {
          "0": 1.0555555555555556,
          "10": 1.4166666666666667,
          "20": 1.5833333333333333,
          "30": 1.75
        },
        "rhw": {
          "0": 1.0555555555555556,
          "10": 1.4166666666666667,
          "20": 1.5833333333333333,
          "30": 1.75
        },
        "zg": {
          "0": 1.0555555555555556,
          "10": 1.4166666666666667,
          "20": 1.5833333333333333,
          "30": 1.75
        }
      },
      "50": {
        "exhaust": {
          "0": 1.0,
          "10": 1.1111111111111112,
          "20": 1.3333333333333333,
          "30": 1.5277777777777777
        },
        "hm": {
          "0": 1.0,
          "10": 1.1111111111111112,
          "20": 1.3333333333333333,
          "30": 1.5277777777777777
        },
        "rhw": {
          "0": 1.0,
          "10": 1.1111111111111112,
          "20": 1.3333333333333333,
          "30": 1.5277777777777777
        },
        "zg": {
          "0": 1.0,
          "10": 1.1111111111111112,
          "20": 1.3333333333333333,
          "30": 1.5277777777777777
        }
      },
      "75": {
        "exhaust": {
          "0": 1.0,
          "10": 1.0833333333333333,
          "20": 1.3611111111111112,
          "30": 1.6111111111111112
        },
        "hm": {
          "0": 1.0,
          "10": 1.0833333333333333,
          "20": 1.3611111111111112,
          "30": 1.6111111111111112
        },
        "rhw": {
          "0": 1.0,
          "10": 1.0833333333333333,
          "20": 1.3611111111111112,
          "30": 1.6111111111111112
        },
        "zg": {
          "0": 1.0,
          "10": 1.0833333333333333,
          "20": 1.3611111111111112,
          "30": 1.6111111111111112
        }
      },
      "100": {
        "exhaust": {
          "0": 1.0833333333333333,
          "10": 1.1666666666666667,
          "20": 1.2777777777777777,
          "30": 1.4444444444444444
        },
        "hm": {
          "0": 1.0833333333333333,
          "10": 1.1666666666666667,