{
  "easy_ipc_grid_noisy": {
    "problems": 300,
    "goals_avg": 8.333333333333334,
    "observations": {
      "25": {
        "exhaust": {
          "time": {
            "0": 11.274,
            "10": 11.251,
            "20": 11.271,
            "30": 11.248
          },
          "accuracy": {
            "0": 51.11111111111111,
            "10": 78.88888888888889,
            "20": 94.44444444444444,
            "30": 100.0
          }
        },
        "hm": {
          "time": {
            "0": 13.302,
            "10": 13.147,
            "20": 13.211,
            "30": 13.165
          },
          "accuracy": {
            "0": 62.22222222222222,
            "10": 67.77777777777779,
            "20": 80.0,
            "30": 83.33333333333334
          }
        },
        "rhw": {
          "time": {
            "0": 11.309,
            "10": 11.409,
            "20": 11.184,
            "30": 11.278
          },
          "accuracy": {
            "0": 54.44444444444444,
            "10": 58.88888888888889,
            "20": 70.0,
            "30": 76.66666666666667
          }
        },
        "zg": {
          "time": {
            "0": 11.385,
            "10": 11.224,
            "20": 11.29,
            "30": 11.299
          },
          "accuracy": {
            "0": 62.22222222222222,
            "10": 67.77777777777779,
            "20": 80.0,
            "30": 83.33333333333334
          }
        },
        "observations_avg": 4.066666666666666
      },
      "50": {
        "exhaust": {
          "time": {
            "0": 15.001,
            "10": 15.175,
            "20": 15.141,
            "30": 15.105
          },
          "accuracy": {
            "0": 90.0,
            "10": 98.88888888888889,
            "20": 100.0,
            "30": 100.0
          }
        },
        "hm": {
          "time": {
            "0": 17.842,
            "10": 17.735,
            "20": 17.796,
            "30": 17.935
          },
          "accuracy": {
            "0": 91.11111111111111,
            "10": 93.33333333333333,
            "20": 97.77777777777777,
            "30": 98.88888888888889
          }
        },
        "rhw": {
          "time": {
            "0": 15.127,
            "10": 15.097,
            "20": 15.241,
            "30": 15.166
          },
          "accuracy": {
            "0": 84.44444444444444,
            "10": 87.77777777777777,
            "20": 92.22222222222223,
            "30": 94.44444444444444
          }
        },
        "zg": {
          "time": {
            "0": 15.001,
            "10": 15.174,
            "20": 15.17,
            "30": 15.318
          },
          "accuracy": {
            "0": 91.11111111111111,
            "10": 93.33333333333333,
            "20": 97.77777777777777,
            "30": 98.88888888888889
          }
        },
        "observations_avg": 7.733333333333333
      },
      "75": {
        "exhaust": {
          "time": {
            "0": 13.203,
            "10": 13.203,
            "20": 13.1,
            "30": 13.132
          },
          "accuracy": {
            "0": 98.88888888888889,
            "10": 100.0,
            "20": 100.0,
            "30": 100.0
          }
        },
        "hm": {
          "time": {
            "0": 15.533,
            "10": 15.481,
            "20": 15.567,
            "30": 15.415
          },
          "accuracy": {
            "0": 96.66666666666667,
            "10": 98.88888888888889,
            "20": 100.0,
            "30": 100.0
          }
        },
        "rhw": {
          "time": {
            "0": 13.273,
            "10": 13.222,
            "20": 13.266,
            "30": 13.199
          },
          "accuracy": {
            "0": 94.44444444444444,
            "10": 96.66666666666667,
            "20": 100.0,
            "30": 100.0
          }
        },
        "zg": {
          "time": {
            "0": 13.256,
            "10": 13.227,
            "20": 13.104,
            "30": 13.202
          },
          "accuracy": {
            "0": 96.66666666666667,
            "10": 98.88888888888889,
            "20": 100.0,
            "30": 100.0
          }
        },
        "observations_avg": 11.533333333333333
      },
      "100": {
        "exhaust": {
          "time": {
            "0": 7.91,
            "10": 7.88,
            "20": 7.935,
            "30": 7.957
          },
          "accuracy": {
            "0": 100.0,
            "10": 100.0,
            "20": 100.0,
            "30": 100.0
          }
        },
        "hm": {
          "time": {
            "0": 9.293,
            "10": 9.404,
            "20": 9.295,
            "30": 9.327
          },
          "accuracy": {
            "0": 100.0,
            "10": 100.0,
            "20": 100.0,
            "30": 100.0
          }
        },
        "rhw": {
          "time": {
            "0": 8.025,
            "10": 8.106,
            "20": 7.921,
            "30": 7.993
          },
          "accuracy": {
            "0": 100.0,
            "10": 100.0,
            "20": 100.0,
            "30": 100.0
          }
        },
        "zg": {
          "time": {
            "0": 7.87,
            "10": 7.968,
            "20": 8.012,
            "30": 7.923
          },
          "accuracy": {
            "0": 100.0,
            "10": 100.0,
            "20": 100.0,
            "30": 100.0
          }
        },
        "observations_avg": 16.966666666666665
      }
    },
    "landmarks_avg": {
      "exhaust": 25.86666666666702,
      "hm": 9.999999999999861,
      "rhw": 9.79999999999992,
      "zg": 9.999999999999861
    },
    "spread": {
      "25": {
        "exhaust": {
          "0": 1.6111111111111112,
          "10": 3.2444444444444445,
          "20": 5.322222222222222,
          "30": 7.555555555555555
        },
        "hm": {
          "0": 1.6555555555555554,
          "10": 2.022222222222222,
          "20": 2.7444444444444445,
          "30": 3.3666666666666667
        },
        "rhw": {
          "0": 1.3444444444444446,
          "10": 1.6666666666666667,
          "20": 2.3333333333333335,
          "30": 3.0555555555555554
        },
        "zg": {
          "0": 1.6555555555555554,
          "10": 2.022222222222222,
          "20": 2.7444444444444445,
          "30": 3.3666666666666667
        }
      },
      "50": {
        "exhaust": {
          "0": 1.3333333333333333,
          "10": 2.4,
          "20": 4.955555555555556,
          "30": 7.333333333333333
        },
        "hm": {
          "0": 1.3222222222222222,
          "10": 1.6222222222222222,
          "20": 2.1333333333333333,
          "30": 3.033333333333333
        },
        "rhw": {
          "0": 1.211111111111111,
          "10": 1.5,
          "20": 2.0,
          "30": 2.8777777777777778
        },
        "zg": {
          "0": 1.3222222222222222,
          "10": 1.6222222222222222,
          "20": 2.1333333333333333,
          "30": 3.033333333333333
        }
      },
      "75": {
        "exhaust": {
          "0": 1.1111111111111112,
          "10": 1.7222222222222223,
          "20": 3.5555555555555554,
          "30": 6.411111111111111
        },
        "hm": {
          "0": 1.1111111111111112,
          "10": 1.2444444444444445,
          "20": 1.6555555555555554,
          "30": 2.3777777777777778
        },
        "rhw": {
          "0": 1.0666666666666667,
          "10": 1.211111111111111,
          "20": 1.5333333333333334,
          "30": 2.2222222222222223
        },
        "zg": {
          "0": 1.1111111111111112,
          "10": 1.2444444444444445,
          "20": 1.6555555555555554,
          "30": 2.3777777777777778
        }
      },
      "100": {
        "exhaust": {
          "0": 1.0,
          "10": 1.3666666666666667,
          "20": 3.033333333333333,
          "30": 6.066666666666666
        },
        "hm": {
          "0": 1.0,
          "10": 1.1333333333333333,