{
  "easy_ipc_grid_noisy": {
    "problems": 300,
    "goals_avg": 8.333333333333334,
    "observations": {
      "25": {
        "exhaust": {
          "time": {
            "0": 3.482,
            "10": 3.477,
            "20": 3.472,
            "30": 3.469
          },
          "accuracy": {
            "0": 65.55555555555556,
            "10": 71.11111111111111,
            "20": 77.77777777777779,
            "30": 87.77777777777777
          }
        },
        "hm": {
          "time": {
            "0": 4.127,
            "10": 4.125,
            "20": 4.134,
            "30": 4.122
          },
          "accuracy": {
            "0": 67.77777777777779,
            "10": 72.22222222222221,
            "20": 77.77777777777779,
            "30": 81.11111111111111
          }
        },
        "rhw": {
          "time": {
            "0": 3.488,
            "10": 3.482,
            "20": 3.479,
            "30": 3.489
          },
          "accuracy": {
            "0": 60.0,
            "10": 64.44444444444444,
            "20": 72.22222222222221,
            "30": 74.44444444444444
          }
        },
        "zg": {
          "time": {
            "0": 3.482,
            "10": 3.48,
            "20": 3.479,
            "30": 3.484
          },
          "accuracy": {
            "0": 67.77777777777779,
            "10": 72.22222222222221,
            "20": 77.77777777777779,
            "30": 81.11111111111111
          }
        },
        "observations_avg": 4.066666666666666
      },
      "50": {
        "exhaust": {
          "time": {
            "0": 4.491,
            "10": 4.478,
            "20": 4.485,
            "30": 4.472
          },
          "accuracy": {
            "0": 87.77777777777777,
            "10": 92.22222222222223,
            "20": 96.66666666666667,
            "30": 98.88888888888889
          }
        },
        "hm": {
          "time": {
            "0": 5.338,
            "10": 5.325,
            "20": 5.31,
            "30": 5.304
          },
          "accuracy": {
            "0": 90.0,
            "10": 91.11111111111111,
            "20": 96.66666666666667,
            "30": 98.88888888888889
          }
        },
        "rhw": {
          "time": {
            "0": 4.482,
            "10": 4.524,
            "20": 4.497,
            "30": 4.51
          },
          "accuracy": {
            "0": 83.33333333333334,
            "10": 85.55555555555556,
            "20": 91.11111111111111,
            "30": 94.44444444444444
          }
        },
        "zg": {
          "time": {
            "0": 4.488,
            "10": 4.501,
            "20": 4.485,
            "30": 4.501
          },
          "accuracy": {
            "0": 90.0,
            "10": 91.11111111111111,
            "20": 96.66666666666667,
            "30": 98.88888888888889
          }
        },
        "observations_avg": 7.733333333333333
      },
      "75": {
        "exhaust": {
          "time": {
            "0": 3.601,
            "10": 3.593,
            "20": 3.595,
            "30": 3.609
          },
          "accuracy": {
            "0": 98.88888888888889,
            "10": 98.88888888888889,
            "20": 100.0,
            "30": 100.0
          }
        },
        "hm": {
          "time": {
            "0": 4.279,
            "10": 4.276,
            "20": 4.277,
            "30": 4.265
          },
          "accuracy": {
            "0": 96.66666666666667,
            "10": 97.77777777777777,
            "20": 100.0,
            "30": 100.0
          }
        },
        "rhw": {
          "time": {
            "0": 3.618,
            "10": 3.618,
            "20": 3.605,
            "30": 3.601
          },
          "accuracy": {
            "0": 94.44444444444444,
            "10": 95.55555555555556,
            "20": 100.0,
            "30": 100.0
          }
        },
        "zg": {
          "time": {
            "0": 3.598,
            "10": 3.599,
            "20": 3.598,
            "30": 3.612
          },
          "accuracy": {
            "0": 96.66666666666667,
            "10": 97.77777777777777,
            "20": 100.0,
            "30": 100.0
          }
        },
        "observations_avg": 11.533333333333333
      },
      "100": {
        "exhaust": {
          "time": {
            "0": 4.689,
            "10": 4.71,
            "20": 4.741,
            "30": 4.699
          },
          "accuracy": {
            "0": 100.0,
            "10": 100.0,
            "20": 100.0,
            "30": 100.0
          }
        },
        "hm": {
          "time": {
            "0": 5.581,
            "10": 5.599,
            "20": 5.594,
            "30": 5.608
          },
          "accuracy": {
            "0": 100.0,
            "10": 100.0,
            "20": 100.0,
            "30": 100.0
          }
        },
        "rhw": {
          "time": {
            "0": 4.754,
            "10": 4.71,
            "20": 4.75,
            "30": 4.772
          },
          "accuracy": {
            "0": 100.0,
            "10": 100.0,
            "20": 100.0,
            "30": 100.0
          }
        },
        "zg": {
          "time": {
            "0": 4.712,
            "10": 4.696,
            "20": 4.733,
            "30": 4.727
          },
          "accuracy": {
            "0": 100.0,
            "10": 100.0,
            "20": 100.0,
            "30": 100.0
          }
        },
        "observations_avg": 16.966666666666665
      }
    },
    "landmarks_avg": {
      "exhaust": 25.86666666666702,
      "hm": 9.999999999999861,
      "rhw": 9.79999999999992,
      "zg": 9.999999999999861
    },
    "spread": {
      "25": {
        "exhaust": {
          "0": 1.6333333333333333,
          "10": 2.1,
          "20": 2.533333333333333,
          "30": 3.1222222222222222
        },
        "hm": {
          "0": 1.711111111111111,
          "10": 2.077777777777778,
          "20": 2.522222222222222,
          "30": 2.9555555555555557
        },
        "rhw": {
          "0": 1.511111111111111,
          "10": 1.788888888888889,
          "20": 2.2111111111111112,
          "30": 2.6777777777777776
        },
        "zg": {
          "0": 1.711111111111111,
          "10": 2.077777777777778,
          "20": 2.522222222222222,
          "30": 2.9555555555555557
        }
      },
      "50": {
        "exhaust": {
          "0": 1.3,
          "10": 1.4777777777777779,
          "20": 2.2222222222222223,
          "30": 3.2888888888888888
        },
        "hm": {
          "0": 1.488888888888889,
          "10": 1.6777777777777778,
          "20": 2.111111111111111,
          "30": 2.8333333333333335
        },
        "rhw": {
          "0": 1.4,
          "10": 1.6,
          "20": 2.033333333333333,
          "30": 2.6777777777777776
        },
        "zg": {
          "0": 1.488888888888889,
          "10": 1.6777777777777778,
          "20": 2.111111111111111,
          "30": 2.8333333333333335
        }
      },
      "75": {
        "exhaust": {
          "0": 1.1,
          "10": 1.2,
          "20": 1.6111111111111112,
          "30": 2.611111111111111
        },
        "hm": {
          "0": 1.1,
          "10": 1.2555555555555555,
          "20": 1.5888888888888888,
          "30": 2.1333333333333333
        },
        "rhw": {
          "0": 1.0555555555555556,
          "10": 1.211111111111111,
          "20": 1.4666666666666666,
          "30": 1.9777777777777779
        },
        "zg": {
          "0": 1.1,
          "10": 1.2555555555555555,
          "20": 1.5888888888888888,
          "30": 2.1333333333333333
        }
      },
      "100": {
        "exhaust": {
          "0": 1.0,
          "10": 1.1,
          "20": 1.4,
          "30": 2.6
        },
        "hm": {
          "0": 1.0,
          "10": 1.1333333333333333,
          "20": 1.3,
          "30": 2.2666666666666666
        },
        "rhw": {
          "0": 1.0,