{
  "easy_ipc_grid_noisy": {
    "problems": 300,
    "goals_avg": 8.333333333333334,
    "observations": {
      "25": {
        "hoffmann": {
          "time": {
            "0": 33.179,
            "10": 33.231,
            "20": 33.095,
            "30": 33.311
          },
          "accuracy": {
            "0": 55.55555555555556,
            "10": 66.66666666666666,
            "20": 84.44444444444444,
            "30": 91.11111111111111
          }
        },
        "observations_avg": 4.066666666666666
      },
      "50": {
        "hoffmann": {
          "time": {
            "0": 52.909,
            "10": 52.715,
            "20": 52.565,
            "30": 53.052
          },
          "accuracy": {
            "0": 83.33333333333334,
            "10": 87.77777777777777,
            "20": 92.22222222222223,
            "30": 94.44444444444444
          }
        },
        "observations_avg": 7.733333333333333
      },
      "75": {
        "hoffmann": {
          "time": {
            "0": 38.858,
            "10": 38.75,
            "20": 38.677,
            "30": 38.899
          },
          "accuracy": {
            "0": 94.44444444444444,
            "10": 95.55555555555556,
            "20": 97.77777777777777,
            "30": 97.77777777777777
          }
        },
        "observations_avg": 11.533333333333333
      },
      "100": {
        "hoffmann": {
          "time": {
            "0": 53.986,
            "10": 53.634,
            "20": 54.176,
            "30": 54.792
          },
          "accuracy": {
            "0": 100.0,
            "10": 100.0,
            "20": 100.0,
            "30": 100.0
          }
        },
        "observations_avg": 16.966666666666665
      }
    },
    "landmarks_avg": {
      "hoffmann": 11.566666666666753
    },
    "spread": {
      "25": {
        "hoffmann": {
          "0": 2.022222222222222,
          "10": 2.6222222222222222,
          "20": 4.111111111111111,
          "30": 5.444444444444445
        }
      },
      "50": {
        "hoffmann": {
          "0": 1.4333333333333333,
          "10": 1.7222222222222223,
          "20": 2.433333333333333,
          "30": 3.588888888888889
        }
      },
      "75": {
        "hoffmann": {
          "0": 1.1222222222222222,
          "10": 1.3111111111111111,
          "20": 1.6,
          "30": 2.688888888888889
        }
      },
      "100": {
        "hoffmann": {
          "0": 1.0,
          "10": 1.0,
          "20": 1.1,
          "30": 2.3333333333333335
        }
      }
    }
  }
}