{
  "easy_ipc_grid_noisy": {
    "problems": 300,
    "goals_avg": 8.333333333333334,
    "observations": {
      "25": {
        "exhaust": {
          "time": {
            "0": 3.726,
            "10": 3.747
          },
          "accuracy": {
            "0": 51.11111111111111,
            "10": 78.88888888888889
          }
        },
        "hm": {
          "time": {
            "0": 4.44,
            "10": 4.467
          },
          "accuracy": {
            "0": 62.22222222222222,
            "10": 67.77777777777779
          }
        },
        "rhw": {
          "time": {
            "0": 3.736,
            "10": 3.764
          },
          "accuracy": {
            "0": 54.44444444444444,
            "10": 58.88888888888889
          }
        },
        "zg": {
          "time": {
            "0": 3.722,
            "10": 3.752
          },
          "accuracy": {
            "0": 62.22222222222222,
            "10": 67.77777777777779
          }
        },
        "hoffmann": {
          "time": {
            "0": 7.567,
            "10": 7.525
          },
          "accuracy": {
            "0": 55.55555555555556,
            "10": 66.66666666666666
          }
        },
        "observations_avg": 4.066666666666666
      },
      "50": {
        "exhaust": {
          "time": {
            "0": 5.508,
            "10": 5.469
          },
          "accuracy": {
            "0": 90.0,
            "10": 98.88888888888889
          }
        },
        "hm": {
          "time": {
            "0": 6.447,
            "10": 6.499
          },
          "accuracy": {
            "0": 91.11111111111111,
            "10": 93.33333333333333
          }
        },
        "rhw": {
          "time": {
            "0": 5.442,
            "10": 5.487
          },
          "accuracy": {
            "0": 84.44444444444444,
            "10": 87.77777777777777
          }
        },
        "zg": {
          "time": {
            "0": 5.463,
            "10": 5.438
          },
          "accuracy": {
            "0": 91.11111111111111,
            "10": 93.33333333333333
          }
        },
        "hoffmann": {
          "time": {
            "0": 12.053,
            "10": 11.971
          },
          "accuracy": {
            "0": 83.33333333333334,
            "10": 87.77777777777777
          }
        },
        "observations_avg": 7.733333333333333
      },
      "75": {
        "exhaust": {
          "time": {
            "0": 4.169,
            "10": 4.213
          },
          "accuracy": {
            "0": 98.88888888888889,
            "10": 100.0
          }
        },
        "hm": {
          "time": {
            "0": 5.006,
            "10": 5.041
          },
          "accuracy": {
            "0": 96.66666666666667,
            "10": 98.88888888888889
          }
        },
        "rhw": {
          "time": {
            "0": 4.212,
            "10": 4.247
          },
          "accuracy": {
            "0": 94.44444444444444,
            "10": 96.66666666666667
          }
        },
        "zg": {
          "time": {
            "0": 4.211,
            "10": 4.242
          },
          "accuracy": {
            "0": 96.66666666666667,
            "10": 98.88888888888889
          }
        },
        "hoffmann": {
          "time": {
            "0": 8.777,
            "10": 8.785
          },
          "accuracy": {
            "0": 94.44444444444444,
            "10": 95.55555555555556
          }
        },
        "observations_avg": 11.533333333333333
      },
      "100": {
        "exhaust": {
          "time": {
            "0": 5.7,
            "10": 5.86
          },
          "accuracy": {
            "0": 100.0,
            "10": 100.0
          }
        },
        "hm": {
          "time": {
            "0": 6.867,
            "10": 6.938
          },
          "accuracy": {
            "0": 100.0,
            "10": 100.0
          }
        },
        "rhw": {
          "time": {
            "0": 5.825,
            "10": 5.969
          },
          "accuracy": {
            "0": 100.0,
            "10": 100.0
          }
        },
        "zg": {
          "time": {
            "0": 5.879,
            "10": 5.867
          },
          "accuracy": {
            "0": 100.0,
            "10": 100.0
          }
        },
        "hoffmann": {
          "time": {
            "0": 13.073,
            "10": 13.218
          },
          "accuracy": {
            "0": 100.0,
            "10": 100.0
          }
        },
        "observations_avg": 16.966666666666665
      }
    },
    "landmarks_avg": {
      "exhaust": 25.866666666666653,
      "hm": 9.999999999999982,
      "rhw": 9.79999999999998,
      "zg": 9.999999999999982,
      "hoffmann": 11.566666666666618
    },
    "spread": {
      "25": {
        "exhaust": {
          "0": 1.6111111111111112,
          "10": 3.2444444444444445
        },
        "hm": {
          "0": 1.6555555555555554,
          "10": 2.022222222222222
        },
        "rhw": {
          "0": 1.3444444444444446,
          "10": 1.6666666666666667
        },
        "zg": {
          "0": 1.6555555555555554,
          "10": 2.022222222222222
        },
        "hoffmann": {
          "0": 2.022222222222222,
          "10": 2.6222222222222222
        }
      },
      "50": {
        "exhaust": {
          "0": 1.3333333333333333,
          "10": 2.4
        },
        "hm": {
          "0": 1.3222222222222222,
          "10": 1.6222222222222222
        },
        "rhw": {
          "0": 1.211111111111111,
          "10": 1.5
        },
        "zg": {
          "0": 1.3222222222222222,
          "10": 1.6222222222222222
        },
        "hoffmann": {
          "0": 1.4333333333333333,
          "10": 1.7222222222222223
        }
      },
      "75": {
        "exhaust": {
          "0": 1.1111111111111112,
          "10": 1.7222222222222223
        },
        "hm": {
          "0": 1.1111111111111112,
          "10": 1.2444444444444445
        },
        "rhw": {
          "0": 1.0666666666666667,
          "10": 1.211111111111111
        },
        "zg": {
          "0": 1.1111111111111112,
          "10": 1.2444444444444445
        },
        "hoffmann": {
          "0": 1.1222222222222222,
          "10": 1.3111111111111111
        }
      },
      "100": {
        "exhaust": {
          "0": 1.0,
          "10": 1.3666666666666667
        },
        "hm": {
          "0": 1.0,
          "10": 1.1333333333333333
        },
        "rhw": {
          "0": 1.0,
          "10": 1.1333333333333333
        },
        "zg": {
          "0": 1.0,
          "10": 1.1333333333333333
        },
        "hoffmann": {
          "0": 1.0,
          "10": 1.0
        }
      }
    }
  }
}