{
  "easy_ipc_grid_noisy": {
    "problems": 300,
    "goals_avg": 8.333333333333334,
    "observations": {
      "25": {
        "exhaust": {
          "time": {
            "0": 3.426,
            "10": 3.425,
            "20": 3.424,
            "30": 3.413
          },
          "accuracy": {
            "0": 56.666666666666664,
            "10": 58.88888888888889,
            "20": 60.0,
            "30": 62.22222222222222
          }
        },
        "hm": {
          "time": {
            "0": 4.069,
            "10": 4.069,
            "20": 4.079,
            "30": 4.062
          },
          "accuracy": {
            "0": 52.22222222222223,
            "10": 54.44444444444444,
            "20": 57.77777777777777,
            "30": 61.111111111111114
          }
        },
        "rhw": {
          "time": {
            "0": 3.434,
            "10": 3.436,
            "20": 3.434,
            "30": 3.429
          },
          "accuracy": {
            "0": 50.0,
            "10": 52.22222222222223,
            "20": 54.44444444444444,
            "30": 58.88888888888889
          }
        },
        "zg": {
          "time": {
            "0": 3.429,
            "10": 3.428,
            "20": 3.432,
            "30": 3.424
          },
          "accuracy": {
            "0": 52.22222222222223,
            "10": 54.44444444444444,
            "20": 57.77777777777777,
            "30": 61.111111111111114
          }
        },
        "observations_avg": 4.066666666666666
      },
      "50": {
        "exhaust": {
          "time": {
            "0": 4.238,
            "10": 4.252,
            "20": 4.244,
            "30": 4.248
          },
          "accuracy": {
            "0": 84.44444444444444,
            "10": 85.55555555555556,
            "20": 85.55555555555556,
            "30": 86.66666666666667
          }
        },
        "hm": {
          "time": {
            "0": 5.04,
            "10": 5.025,
            "20": 5.04,
            "30": 5.024
          },
          "accuracy": {
            "0": 81.11111111111111,
            "10": 84.44444444444444,
            "20": 86.66666666666667,
            "30": 86.66666666666667
          }
        },
        "rhw": {
          "time": {
            "0": 4.267,
            "10": 4.264,
            "20": 4.261,
            "30": 4.253
          },
          "accuracy": {
            "0": 80.0,
            "10": 83.33333333333334,
            "20": 85.55555555555556,
            "30": 85.55555555555556
          }
        },
        "zg": {
          "time": {
            "0": 4.252,
            "10": 4.249,
            "20": 4.247,
            "30": 4.243
          },
          "accuracy": {
            "0": 81.11111111111111,
            "10": 84.44444444444444,
            "20": 86.66666666666667,
            "30": 86.66666666666667
          }
        },
        "observations_avg": 7.733333333333333
      },
      "75": {
        "exhaust": {
          "time": {
            "0": 3.489,
            "10": 3.488,
            "20": 3.482,
            "30": 3.484
          },
          "accuracy": {
            "0": 94.44444444444444,
            "10": 94.44444444444444,
            "20": 94.44444444444444,
            "30": 95.55555555555556
          }
        },
        "hm": {
          "time": {
            "0": 4.14,
            "10": 4.14,
            "20": 4.152,
            "30": 4.141
          },
          "accuracy": {
            "0": 93.33333333333333,
            "10": 94.44444444444444,
            "20": 94.44444444444444,
            "30": 95.55555555555556
          }
        },
        "rhw": {
          "time": {
            "0": 3.492,
            "10": 3.502,
            "20": 3.485,
            "30": 3.502
          },
          "accuracy": {
            "0": 93.33333333333333,
            "10": 94.44444444444444,
            "20": 94.44444444444444,
            "30": 95.55555555555556
          }
        },
        "zg": {
          "time": {
            "0": 3.488,
            "10": 3.493,
            "20": 3.482,
            "30": 3.5
          },
          "accuracy": {
            "0": 93.33333333333333,
            "10": 94.44444444444444,
            "20": 94.44444444444444,
            "30": 95.55555555555556
          }
        },
        "observations_avg": 11.533333333333333
      },
      "100": {
        "exhaust": {
          "time": {
            "0": 4.506,
            "10": 4.509,
            "20": 4.539,
            "30": 4.552
          },
          "accuracy": {
            "0": 100.0,
            "10": 100.0,
            "20": 100.0,
            "30": 100.0
          }
        },
        "hm": {
          "time": {
            "0": 5.407,
            "10": 5.341,
            "20": 5.417,
            "30": 5.403
          },
          "accuracy": {
            "0": 100.0,
            "10": 100.0,
            "20": 100.0,
            "30": 100.0
          }
        },
        "rhw": {
          "time": {
            "0": 4.54,
            "10": 4.532,
            "20": 4.536,
            "30": 4.519
          },
          "accuracy": {
            "0": 100.0,
            "10": 100.0,
            "20": 100.0,
            "30": 100.0
          }
        },
        "zg": {
          "time": {
            "0": 4.505,
            "10": 4.528,
            "20": 4.496,
            "30": 4.559
          },
          "accuracy": {
            "0": 100.0,
            "10": 100.0,
            "20": 100.0,
            "30": 100.0
          }
        },
        "observations_avg": 16.966666666666665
      }
    },
    "landmarks_avg": {
      "exhaust": 25.86666666666702,
      "hm": 9.999999999999861,
      "rhw": 9.79999999999992,
      "zg": 9.999999999999861
    },
    "spread": {
      "25": {
        "exhaust": {
          "0": 1.4555555555555555,
          "10": 1.5444444444444445,
          "20": 1.7777777777777777,
          "30": 1.8444444444444446
        },
        "hm": {
          "0": 1.4555555555555555,
          "10": 1.5222222222222221,
          "20": 1.7222222222222223,
          "30": 1.8222222222222222
        },
        "rhw": {
          "0": 1.4,
          "10": 1.4777777777777779,
          "20": 1.5777777777777777,
          "30": 1.8
        },
        "zg": {
          "0": 1.4555555555555555,
          "10": 1.5222222222222221,
          "20": 1.7222222222222223,
          "30": 1.8222222222222222
        }
      },
      "50": {
        "exhaust": {
          "0": 1.2444444444444445,
          "10": 1.288888888888889,
          "20": 1.3333333333333333,
          "30": 1.4222222222222223
        },
        "hm": {
          "0": 1.3333333333333333,
          "10": 1.3666666666666667,
          "20": 1.4444444444444444,
          "30": 1.5
        },
        "rhw": {
          "0": 1.3,
          "10": 1.3444444444444446,
          "20": 1.4,
          "30": 1.488888888888889
        },
        "zg": {
          "0": 1.3333333333333333,
          "10": 1.3666666666666667,
          "20": 1.4444444444444444,
          "30": 1.5
        }
      },
      "75": {
        "exhaust": {
          "0": 1.0444444444444445,
          "10": 1.0444444444444445,
          "20": 1.0777777777777777,
          "30": 1.1111111111111112
        },
        "hm": {
          "0": 1.0444444444444445,
          "10": 1.0555555555555556,
          "20": 1.1,
          "30": 1.1333333333333333
        },
        "rhw": {
          "0": 1.0333333333333334,
          "10": 1.0444444444444445,
          "20": 1.0666666666666667,
          "30": 1.1222222222222222
        },
        "zg": {
          "0": 1.0444444444444445,
          "10": 1.0555555555555556,
          "20": 1.1,
          "30": 1.1333333333333333
        }
      },
      "100": {
        "exhaust": {
          "0": 1.0,
          "10": 1.0,
          "20": 1.0333333333333334,
          "30": 1.0333333333333334
        },
        "hm": {
          "0": 1.0,