{
  "easy_ipc_grid_noisy": {
    "problems": 300,
    "goals_avg": 8.333333333333334,
    "observations": {
      "25": {
        "exhaust": {
          "time": {
            "0": 6.316,
            "10": 6.338
          },
          "accuracy": {
            "0": 51.11111111111111,
            "10": 78.88888888888889
          },
          "prob_accuracy": {
            "0": 100.0,
            "10": 100.0
          }
        },
        "hm": {
          "time": {
            "0": 7.309,
            "10": 7.358
          },
          "accuracy": {
            "0": 62.22222222222222,
            "10": 67.77777777777779
          },
          "prob_accuracy": {
            "0": 100.0,
            "10": 100.0
          }
        },
        "rhw": {
          "time": {
            "0": 6.277,
            "10": 6.268
          },
          "accuracy": {
            "0": 54.44444444444444,
            "10": 58.88888888888889
          },
          "prob_accuracy": {
            "0": 100.0,
            "10": 100.0
          }
        },
        "zg": {
          "time": {
            "0": 6.211,
            "10": 6.366
          },
          "accuracy": {
            "0": 62.22222222222222,
            "10": 67.77777777777779
          },
          "prob_accuracy": {
            "0": 100.0,
            "10": 100.0
          }
        },
        "hoffmann": {
          "time": {
            "0": 60.963,
            "10": 61.149
          },
          "accuracy": {
            "0": 55.55555555555556,
            "10": 66.66666666666666
          },
          "prob_accuracy": {
            "0": 100.0,
            "10": 100.0
          }
        },
        "observations_avg": 4.066666666666666
      },
      "50": {
        "exhaust": {
          "time": {
            "0": 3.813,
            "10": 3.784
          },
          "accuracy": {
            "0": 90.0,
            "10": 98.88888888888889
          },
          "prob_accuracy": {
            "0": 100.0,
            "10": 100.0
          }
        },
        "hm": {
          "time": {
            "0": 4.476,
            "10": 4.465
          },
          "accuracy": {
            "0": 91.11111111111111,
            "10": 93.33333333333333
          },
          "prob_accuracy": {
            "0": 100.0,
            "10": 100.0
          }
        },
        "rhw": {
          "time": {
            "0": 3.813,
            "10": 3.794
          },
          "accuracy": {
            "0": 84.44444444444444,
            "10": 87.77777777777777
          },
          "prob_accuracy": {
            "0": 100.0,
            "10": 100.0
          }
        },
        "zg": {
          "time": {
            "0": 3.798,
            "10": 3.798
          },
          "accuracy": {
            "0": 91.11111111111111,
            "10": 93.33333333333333
          },
          "prob_accuracy": {
            "0": 100.0,
            "10": 100.0
          }
        },
        "hoffmann": {
          "time": {
            "0": 50.905,
            "10": 50.908
          },
          "accuracy": {
            "0": 83.33333333333334,
            "10": 87.77777777777777
          },
          "prob_accuracy": {
            "0": 100.0,
            "10": 100.0
          }
        },
        "observations_avg": 7.733333333333333
      },
      "75": {
        "exhaust": {
          "time": {
            "0": 4.312,
            "10": 4.284
          },
          "accuracy": {
            "0": 98.88888888888889,
            "10": 100.0
          },
          "prob_accuracy": {
            "0": 100.0,
            "10": 100.0
          }
        },
        "hm": {
          "time": {
            "0": 5.025,
            "10": 5.031
          },
          "accuracy": {
            "0": 96.66666666666667,
            "10": 98.88888888888889
          },
          "prob_accuracy": {
            "0": 100.0,
            "10": 100.0
          }
        },
        "rhw": {
          "time": {
            "0": 4.301,
            "10": 4.284
          },
          "accuracy": {
            "0": 94.44444444444444,
            "10": 96.66666666666667
          },
          "prob_accuracy": {
            "0": 100.0,
            "10": 100.0
          }
        },
        "zg": {
          "time": {
            "0": 4.287,
            "10": 4.262
          },
          "accuracy": {
            "0": 96.66666666666667,
            "10": 98.88888888888889
          },
          "prob_accuracy": {
            "0": 100.0,
            "10": 100.0
          }
        },
        "hoffmann": {
          "time": {
            "0": 52.313,
            "10": 52.201
          },
          "accuracy": {
            "0": 94.44444444444444,
            "10": 95.55555555555556
          },
          "prob_accuracy": {
            "0": 100.0,
            "10": 100.0
          }
        },
        "observations_avg": 11.533333333333333
      },
      "100": {
        "exhaust": {
          "time": {
            "0": 5.515,
            "10": 5.456
          },
          "accuracy": {
            "0": 100.0,
            "10": 100.0
          },
          "prob_accuracy": {
            "0": 100.0,
            "10": 100.0
          }
        },
        "hm": {
          "time": {
            "0": 6.359,
            "10": 6.415
          },
          "accuracy": {
            "0": 100.0,
            "10": 100.0
          },
          "prob_accuracy": {
            "0": 100.0,
            "10": 100.0
          }
        },
        "rhw": {
          "time": {
            "0": 5.497,
            "10": 5.402
          },
          "accuracy": {
            "0": 100.0,
            "10": 100.0
          },
          "prob_accuracy": {
            "0": 100.0,
            "10": 100.0
          }
        },
        "zg": {
          "time": {
            "0": 5.439,
            "10": 5.464
          },
          "accuracy": {
            "0": 100.0,
            "10": 100.0
          },
          "prob_accuracy": {
            "0": 100.0,
            "10": 100.0
          }
        },
        "hoffmann": {
          "time": {
            "0": 56.084,
            "10": 56.386
          },
          "accuracy": {
            "0": 100.0,
            "10": 100.0
          },
          "prob_accuracy": {
            "0": 100.0,
            "10": 100.0
          }
        },
        "observations_avg": 16.966666666666665
      }
    },
    "landmarks_avg": {
      "exhaust": 25.86666666666668,
      "hm": 9.999999999999982,
      "rhw": 9.799999999999981,
      "zg": 9.999999999999982,
      "hoffmann": 11.566666666666631
    },
    "spread": {
      "25": {
        "exhaust": {
          "0": 1.6111111111111112,
          "10": 3.2444444444444445
        },
        "hm": {
          "0": 1.6555555555555554,
          "10": 2.022222222222222
        },
        "rhw": {
          "0": 1.3444444444444446,
          "10": 1.6666666666666667
        },
        "zg": {
          "0": 1.6555555555555554,
          "10": 2.022222222222222
        },
        "hoffmann": {
          "0": 2.022222222222222,
          "10": 2.6222222222222222
        }
      },
      "50": {
        "exhaust": {
          "0": 1.3333333333333333,
          "10": 2.4
        },
        "hm": {
          "0": 1.3222222222222222,
          "10": 1.6222222222222222
        },
        "rhw": {
          "0": 1.211111111111111,
          "10": 1.5
        },
        "zg": {
          "0": 1.3222222222222222,
          "10": 1.6222222222222222
        },
        "hoffmann": {
          "0": 1.4333333333333333,
          "10": 1.7222222222222223
        }
      },
      "75": {
        "exhaust": {
          "0": 1.1111111111111112,
          "10": 1.7222222222222223
        },
        "hm": {
          "0": 1.1111111111111112,
          "10": 1.2444444444444445
        },
        "rhw": {
          "0": 1.0666666666666667,
          "10": 1.211111111111111
        },