{
  "depots": {
    "problems": 364,
    "goals_avg": 8.857142857142858,
    "observations": {
      "10": {
        "exhaust": {
          "time": {
            "0": 7.04,
            "10": 7.002,
            "20": 7.029,
            "30": 7.042
          },
          "accuracy": {
            "0": 63.095238095238095,
            "10": 88.09523809523809,
            "20": 92.85714285714286,
            "30": 97.61904761904762
          }
        },
        "hm": {
          "time": {
            "0": 43.622,
            "10": 43.479,
            "20": 43.21,
            "30": 43.242
          },
          "accuracy": {
            "0": 59.523809523809526,
            "10": 86.90476190476191,
            "20": 94.04761904761905,
            "30": 97.61904761904762
          }
        },
        "rhw": {
          "time": {
            "0": 6.988,
            "10": 6.835,
            "20": 6.799,
            "30": 6.835
          },
          "accuracy": {
            "0": 58.333333333333336,
            "10": 76.19047619047619,
            "20": 86.90476190476191,
            "30": 91.66666666666666
          }
        },
        "zg": {
          "time": {
            "0": 6.876,
            "10": 6.911,
            "20": 6.873,
            "30": 6.89
          },
          "accuracy": {
            "0": 58.333333333333336,
            "10": 77.38095238095238,
            "20": 89.28571428571429,
            "30": 95.23809523809523
          }
        },
        "observations_avg": 3.130952380952381
      },
      "30": {
        "exhaust": {
          "time": {
            "0": 6.083,
            "10": 6.079,
            "20": 6.057,
            "30": 6.056
          },
          "accuracy": {
            "0": 78.57142857142857,
            "10": 98.80952380952381,
            "20": 100.0,
            "30": 100.0
          }
        },
        "hm": {
          "time": {
            "0": 40.268,
            "10": 40.157,
            "20": 39.992,
            "30": 39.942
          },
          "accuracy": {
            "0": 75.0,
            "10": 95.23809523809523,
            "20": 98.80952380952381,
            "30": 100.0
          }
        },
        "rhw": {
          "time": {
            "0": 5.969,
            "10": 5.925,
            "20": 5.89,
            "30": 5.905
          },
          "accuracy": {
            "0": 70.23809523809523,
            "10": 90.47619047619048,
            "20": 92.85714285714286,
            "30": 97.61904761904762
          }
        },
        "zg": {
          "time": {
            "0": 5.955,
            "10": 5.939,
            "20": 5.951,
            "30": 5.9
          },
          "accuracy": {
            "0": 79.76190476190477,
            "10": 92.85714285714286,
            "20": 97.61904761904762,
            "30": 100.0
          }
        },
        "observations_avg": 8.607142857142858
      },
      "50": {
        "exhaust": {
          "time": {
            "0": 20.225,
            "10": 20.201,
            "20": 20.145,
            "30": 20.004
          },
          "accuracy": {
            "0": 86.90476190476191,
            "10": 100.0,
            "20": 100.0,
            "30": 100.0
          }
        },
        "hm": {
          "time": {
            "0": 114.677,
            "10": 114.571,
            "20": 113.461,
            "30": 112.605
          },
          "accuracy": {
            "0": 84.52380952380952,
            "10": 98.80952380952381,
            "20": 100.0,
            "30": 100.0
          }
        },
        "rhw": {
          "time": {
            "0": 19.844,
            "10": 19.791,
            "20": 19.766,
            "30": 19.663
          },
          "accuracy": {
            "0": 77.38095238095238,
            "10": 95.23809523809523,
            "20": 96.42857142857143,
            "30": 98.80952380952381
          }
        },
        "zg": {
          "time": {
            "0": 19.923,
            "10": 19.789,
            "20": 19.83,
            "30": 19.844
          },
          "accuracy": {
            "0": 85.71428571428571,
            "10": 96.42857142857143,
            "20": 100.0,
            "30": 100.0
          }
        },
        "observations_avg": 14.035714285714286
      },
      "70": {
        "exhaust": {
          "time": {
            "0": 10.931,
            "10": 10.859,
            "20": 10.817,
            "30": 10.816
          },
          "accuracy": {
            "0": 95.23809523809523,
            "10": 100.0,
            "20": 100.0,
            "30": 100.0
          }
        },
        "hm": {
          "time": {
            "0": 62.013,
            "10": 61.726,
            "20": 61.746,
            "30": 61.422
          },
          "accuracy": {
            "0": 95.23809523809523,
            "10": 98.80952380952381,
            "20": 100.0,
            "30": 100.0
          }
        },
        "rhw": {
          "time": {
            "0": 10.565,
            "10": 10.65,
            "20": 10.583,
            "30": 10.536
          },
          "accuracy": {
            "0": 95.23809523809523,
            "10": 96.42857142857143,
            "20": 98.80952380952381,
            "30": 100.0
          }
        },
        "zg": {
          "time": {
            "0": 10.646,
            "10": 10.664,
            "20": 10.634,
            "30": 10.652
          },
          "accuracy": {
            "0": 94.04761904761905,
            "10": 97.61904761904762,
            "20": 100.0,
            "30": 100.0
          }
        },
        "observations_avg": 19.714285714285715
      },
      "100": {
        "exhaust": {
          "time": {
            "0": 12.435,
            "10": 12.708,
            "20": 12.832,
            "30": 13.06
          },
          "accuracy": {
            "0": 100.0,
            "10": 100.0,
            "20": 100.0,
            "30": 100.0
          }
        },
        "hm": {
          "time": {
            "0": 70.435,
            "10": 71.365,
            "20": 73.476,
            "30": 74.342
          },
          "accuracy": {
            "0": 100.0,
            "10": 100.0,
            "20": 100.0,
            "30": 100.0
          }
        },
        "rhw": {
          "time": {
            "0": 12.474,
            "10": 12.686,
            "20": 12.976,
            "30": 13.022
          },
          "accuracy": {
            "0": 100.0,
            "10": 100.0,
            "20": 100.0,
            "30": 100.0
          }
        },
        "zg": {
          "time": {
            "0": 12.373,
            "10": 12.678,
            "20": 12.929,
            "30": 13.131
          },
          "accuracy": {
            "0": 100.0,
            "10": 100.0,
            "20": 100.0,
            "30": 100.0
          }
        },
        "observations_avg": 27.428571428571427
      }
    },
    "landmarks_avg": {
      "exhaust": 52.45906593406635,
      "hm": 35.11758241758221,
      "rhw": 34.6549450549452,
      "zg": 32.99615384615358
    },
    "spread": {
      "10": {
        "exhaust": {
          "0": 1.7857142857142858,
          "10": 5.083333333333333,
          "20": 6.619047619047619,
          "30": 7.630952380952381
        },
        "hm": {
          "0": 1.7023809523809523,
          "10": 3.9523809523809526,
          "20": 5.630952380952381,
          "30": 6.654761904761905
        },
        "rhw": {
          "0": 2.0952380952380953,
          "10": 4.011904761904762,
          "20": 5.904761904761905,
          "30": 6.654761904761905
        },
        "zg": {
          "0": 1.9642857142857142,
          "10": 3.761904761904762,
          "20": 5.821428571428571,
          "30": 6.761904761904762
        }
      },
      "30": {
        "exhaust": {
          "0": 1.369047619047619,
          "10": 4.916666666666667,
          "20": 7.238095238095238,
          "30": 8.047619047619047
        },