{
  "depots": {
    "problems": 364,
    "goals_avg": 8.857142857142858,
    "observations": {
      "10": {
        "exhaust": {
          "time": {
            "0": 8.453,
            "10": 8.463
          },
          "accuracy": {
            "0": 63.095238095238095,
            "10": 88.09523809523809
          },
          "prob_accuracy": {
            "0": 100.0,
            "10": 100.0
          }
        },
        "hm": {
          "time": {
            "0": 49.783,
            "10": 49.913
          },
          "accuracy": {
            "0": 59.523809523809526,
            "10": 86.90476190476191
          },
          "prob_accuracy": {
            "0": 100.0,
            "10": 100.0
          }
        },
        "rhw": {
          "time": {
            "0": 8.248,
            "10": 8.199
          },
          "accuracy": {
            "0": 58.333333333333336,
            "10": 76.19047619047619
          },
          "prob_accuracy": {
            "0": 100.0,
            "10": 100.0
          }
        },
        "zg": {
          "time": {
            "0": 8.247,
            "10": 8.279
          },
          "accuracy": {
            "0": 58.333333333333336,
            "10": 77.38095238095238
          },
          "prob_accuracy": {
            "0": 100.0,
            "10": 100.0
          }
        },
        "hoffmann": {
          "time": {
            "0": 63.251,
            "10": 63.243
          },
          "accuracy": {
            "0": 40.476190476190474,
            "10": 65.47619047619048
          },
          "prob_accuracy": {
            "0": 100.0,
            "10": 100.0
          }
        },
        "observations_avg": 3.130952380952381
      },
      "30": {
        "exhaust": {
          "time": {
            "0": 6.494,
            "10": 6.458
          },
          "accuracy": {
            "0": 78.57142857142857,
            "10": 98.80952380952381
          },
          "prob_accuracy": {
            "0": 100.0,
            "10": 100.0
          }
        },
        "hm": {
          "time": {
            "0": 41.015,
            "10": 40.815
          },
          "accuracy": {
            "0": 75.0,
            "10": 95.23809523809523
          },
          "prob_accuracy": {
            "0": 100.0,
            "10": 100.0
          }
        },
        "rhw": {
          "time": {
            "0": 6.286,
            "10": 6.276
          },
          "accuracy": {
            "0": 70.23809523809523,
            "10": 90.47619047619048
          },
          "prob_accuracy": {
            "0": 100.0,
            "10": 100.0
          }
        },
        "zg": {
          "time": {
            "0": 6.345,
            "10": 6.276
          },
          "accuracy": {
            "0": 79.76190476190477,
            "10": 92.85714285714286
          },
          "prob_accuracy": {
            "0": 100.0,
            "10": 100.0
          }
        },
        "hoffmann": {
          "time": {
            "0": 57.359,
            "10": 57.392
          },
          "accuracy": {
            "0": 63.095238095238095,
            "10": 85.71428571428571
          },
          "prob_accuracy": {
            "0": 100.0,
            "10": 100.0
          }
        },
        "observations_avg": 8.607142857142858
      },
      "50": {
        "exhaust": {
          "time": {
            "0": 6.375,
            "10": 6.396
          },
          "accuracy": {
            "0": 86.90476190476191,
            "10": 100.0
          },
          "prob_accuracy": {
            "0": 100.0,
            "10": 100.0
          }
        },
        "hm": {
          "time": {
            "0": 41.089,
            "10": 41.317
          },
          "accuracy": {
            "0": 84.52380952380952,
            "10": 98.80952380952381
          },
          "prob_accuracy": {
            "0": 100.0,
            "10": 100.0
          }
        },
        "rhw": {
          "time": {
            "0": 6.276,
            "10": 6.258
          },
          "accuracy": {
            "0": 77.38095238095238,
            "10": 95.23809523809523
          },
          "prob_accuracy": {
            "0": 100.0,
            "10": 100.0
          }
        },
        "zg": {
          "time": {
            "0": 6.256,
            "10": 6.305
          },
          "accuracy": {
            "0": 85.71428571428571,
            "10": 96.42857142857143
          },
          "prob_accuracy": {
            "0": 100.0,
            "10": 100.0
          }
        },
        "hoffmann": {
          "time": {
            "0": 57.13,
            "10": 57.2
          },
          "accuracy": {
            "0": 70.23809523809523,
            "10": 89.28571428571429
          },
          "prob_accuracy": {
            "0": 100.0,
            "10": 100.0
          }
        },
        "observations_avg": 14.035714285714286
      },
      "70": {
        "exhaust": {
          "time": {
            "0": 8.359,
            "10": 8.439
          },
          "accuracy": {
            "0": 95.23809523809523,
            "10": 100.0
          },
          "prob_accuracy": {
            "0": 100.0,
            "10": 100.0
          }
        },
        "hm": {
          "time": {
            "0": 50.14,
            "10": 49.998
          },
          "accuracy": {
            "0": 95.23809523809523,
            "10": 98.80952380952381
          },
          "prob_accuracy": {
            "0": 100.0,
            "10": 100.0
          }
        },
        "rhw": {
          "time": {
            "0": 8.233,
            "10": 8.195
          },
          "accuracy": {
            "0": 95.23809523809523,
            "10": 96.42857142857143
          },
          "prob_accuracy": {
            "0": 100.0,
            "10": 100.0
          }
        },
        "zg": {
          "time": {
            "0": 8.257,
            "10": 8.282
          },
          "accuracy": {
            "0": 94.04761904761905,
            "10": 97.61904761904762
          },
          "prob_accuracy": {
            "0": 100.0,
            "10": 100.0
          }
        },
        "hoffmann": {
          "time": {
            "0": 63.119,
            "10": 63.563
          },
          "accuracy": {
            "0": 90.47619047619048,
            "10": 96.42857142857143
          },
          "prob_accuracy": {
            "0": 100.0,
            "10": 100.0
          }
        },
        "observations_avg": 19.714285714285715
      },
      "100": {
        "exhaust": {
          "time": {
            "0": 8.127,
            "10": 8.193
          },
          "accuracy": {
            "0": 100.0,
            "10": 100.0
          },
          "prob_accuracy": {
            "0": 100.0,
            "10": 100.0
          }
        },
        "hm": {
          "time": {
            "0": 49.5,
            "10": 49.367
          },
          "accuracy": {
            "0": 100.0,
            "10": 100.0
          },
          "prob_accuracy": {
            "0": 100.0,
            "10": 100.0
          }
        },
        "rhw": {
          "time": {
            "0": 7.977,
            "10": 8.027
          },
          "accuracy": {
            "0": 100.0,
            "10": 100.0
          },
          "prob_accuracy": {
            "0": 100.0,
            "10": 100.0
          }
        },
        "zg": {
          "time": {
            "0": 7.96,
            "10": 8.044
          },
          "accuracy": {
            "0": 100.0,
            "10": 100.0
          },
          "prob_accuracy": {
            "0": 100.0,
            "10": 100.0
          }
        },
        "hoffmann": {
          "time": {
            "0": 62.177,
            "10": 62.335
          },
          "accuracy": {
            "0": 100.0,
            "10": 100.0
          },
          "prob_accuracy": {
            "0": 100.0,
            "10": 100.0
          }
        },