{
  "depots": {
    "problems": 364,
    "goals_avg": 8.857142857142858,
    "observations": {
      "10": {
        "exhaust": {
          "time": {
            "0": 5.411,
            "10": 5.408,
            "20": 5.379,
            "30": 5.419
          },
          "accuracy": {
            "0": 63.095238095238095,
            "10": 88.09523809523809,
            "20": 92.85714285714286,
            "30": 97.61904761904762
          }
        },
        "hm": {
          "time": {
            "0": 35.806,
            "10": 35.732,
            "20": 35.785,
            "30": 35.876
          },
          "accuracy": {
            "0": 59.523809523809526,
            "10": 86.90476190476191,
            "20": 94.04761904761905,
            "30": 97.61904761904762
          }
        },
        "rhw": {
          "time": {
            "0": 5.239,
            "10": 5.261,
            "20": 5.229,
            "30": 5.264
          },
          "accuracy": {
            "0": 58.333333333333336,
            "10": 76.19047619047619,
            "20": 86.90476190476191,
            "30": 91.66666666666666
          }
        },
        "zg": {
          "time": {
            "0": 5.282,
            "10": 5.263,
            "20": 5.286,
            "30": 5.291
          },
          "accuracy": {
            "0": 58.333333333333336,
            "10": 77.38095238095238,
            "20": 89.28571428571429,
            "30": 95.23809523809523
          }
        },
        "observations_avg": 3.130952380952381
      },
      "30": {
        "exhaust": {
          "time": {
            "0": 5.175,
            "10": 5.186,
            "20": 5.182,
            "30": 5.178
          },
          "accuracy": {
            "0": 78.57142857142857,
            "10": 98.80952380952381,
            "20": 100.0,
            "30": 100.0
          }
        },
        "hm": {
          "time": {
            "0": 34.507,
            "10": 34.398,
            "20": 34.313,
            "30": 34.268
          },
          "accuracy": {
            "0": 75.0,
            "10": 95.23809523809523,
            "20": 98.80952380952381,
            "30": 100.0
          }
        },
        "rhw": {
          "time": {
            "0": 5.036,
            "10": 5.035,
            "20": 5.025,
            "30": 5.028
          },
          "accuracy": {
            "0": 70.23809523809523,
            "10": 90.47619047619048,
            "20": 92.85714285714286,
            "30": 97.61904761904762
          }
        },
        "zg": {
          "time": {
            "0": 5.079,
            "10": 5.058,
            "20": 5.062,
            "30": 5.052
          },
          "accuracy": {
            "0": 79.76190476190477,
            "10": 92.85714285714286,
            "20": 97.61904761904762,
            "30": 100.0
          }
        },
        "observations_avg": 8.607142857142858
      },
      "50": {
        "exhaust": {
          "time": {
            "0": 6.936,
            "10": 6.921,
            "20": 6.89,
            "30": 6.933
          },
          "accuracy": {
            "0": 86.90476190476191,
            "10": 100.0,
            "20": 100.0,
            "30": 100.0
          }
        },
        "hm": {
          "time": {
            "0": 43.044,
            "10": 42.986,
            "20": 42.97,
            "30": 43.079
          },
          "accuracy": {
            "0": 84.52380952380952,
            "10": 98.80952380952381,
            "20": 100.0,
            "30": 100.0
          }
        },
        "rhw": {
          "time": {
            "0": 6.726,
            "10": 6.724,
            "20": 6.716,
            "30": 6.699
          },
          "accuracy": {
            "0": 77.38095238095238,
            "10": 95.23809523809523,
            "20": 96.42857142857143,
            "30": 98.80952380952381
          }
        },
        "zg": {
          "time": {
            "0": 6.843,
            "10": 6.768,
            "20": 6.815,
            "30": 6.781
          },
          "accuracy": {
            "0": 85.71428571428571,
            "10": 96.42857142857143,
            "20": 100.0,
            "30": 100.0
          }
        },
        "observations_avg": 14.035714285714286
      },
      "70": {
        "exhaust": {
          "time": {
            "0": 5.751,
            "10": 5.748,
            "20": 5.782,
            "30": 5.759
          },
          "accuracy": {
            "0": 95.23809523809523,
            "10": 100.0,
            "20": 100.0,
            "30": 100.0
          }
        },
        "hm": {
          "time": {
            "0": 38.278,
            "10": 38.293,
            "20": 38.227,
            "30": 38.184
          },
          "accuracy": {
            "0": 95.23809523809523,
            "10": 98.80952380952381,
            "20": 100.0,
            "30": 100.0
          }
        },
        "rhw": {
          "time": {
            "0": 5.602,
            "10": 5.597,
            "20": 5.594,
            "30": 5.591
          },
          "accuracy": {
            "0": 95.23809523809523,
            "10": 96.42857142857143,
            "20": 98.80952380952381,
            "30": 100.0
          }
        },
        "zg": {
          "time": {
            "0": 5.642,
            "10": 5.661,
            "20": 5.628,
            "30": 5.635
          },
          "accuracy": {
            "0": 94.04761904761905,
            "10": 97.61904761904762,
            "20": 100.0,
            "30": 100.0
          }
        },
        "observations_avg": 19.714285714285715
      },
      "100": {
        "exhaust": {
          "time": {
            "0": 6.847,
            "10": 6.909,
            "20": 6.939,
            "30": 6.861
          },
          "accuracy": {
            "0": 100.0,
            "10": 100.0,
            "20": 100.0,
            "30": 100.0
          }
        },
        "hm": {
          "time": {
            "0": 42.791,
            "10": 43.146,
            "20": 42.736,
            "30": 42.64
          },
          "accuracy": {
            "0": 100.0,
            "10": 100.0,
            "20": 100.0,
            "30": 100.0
          }
        },
        "rhw": {
          "time": {
            "0": 6.796,
            "10": 6.654,
            "20": 6.739,
            "30": 6.677
          },
          "accuracy": {
            "0": 100.0,
            "10": 100.0,
            "20": 100.0,
            "30": 100.0
          }
        },
        "zg": {
          "time": {
            "0": 6.76,
            "10": 6.871,
            "20": 6.806,
            "30": 6.748
          },
          "accuracy": {
            "0": 100.0,
            "10": 100.0,
            "20": 100.0,
            "30": 100.0
          }
        },
        "observations_avg": 27.428571428571427
      }
    },
    "landmarks_avg": {
      "exhaust": 52.45906593406635,
      "hm": 35.11758241758221,
      "rhw": 34.6549450549452,
      "zg": 32.99615384615358
    }
  }
}