{
  "depots": {
    "problems": 364,
    "goals_avg": 8.857142857142858,
    "observations": {
      "10": {
        "exhaust": {
          "time": {
            "0": 5.499,
            "10": 5.499,
            "20": 5.499,
            "30": 5.505
          },
          "accuracy": {
            "0": 63.095238095238095,
            "10": 88.09523809523809,
            "20": 92.85714285714286,
            "30": 97.61904761904762
          }
        },
        "hm": {
          "time": {
            "0": 36.33,
            "10": 36.196,
            "20": 36.114,
            "30": 36.177
          },
          "accuracy": {
            "0": 59.523809523809526,
            "10": 86.90476190476191,
            "20": 94.04761904761905,
            "30": 97.61904761904762
          }
        },
        "rhw": {
          "time": {
            "0": 5.344,
            "10": 5.303,
            "20": 5.365,
            "30": 5.36
          },
          "accuracy": {
            "0": 58.333333333333336,
            "10": 76.19047619047619,
            "20": 86.90476190476191,
            "30": 91.66666666666666
          }
        },
        "zg": {
          "time": {
            "0": 5.391,
            "10": 5.375,
            "20": 5.365,
            "30": 5.375
          },
          "accuracy": {
            "0": 58.333333333333336,
            "10": 77.38095238095238,
            "20": 89.28571428571429,
            "30": 95.23809523809523
          }
        },
        "observations_avg": 3.130952380952381
      },
      "30": {
        "exhaust": {
          "time": {
            "0": 5.259,
            "10": 5.269,
            "20": 5.278,
            "30": 5.266
          },
          "accuracy": {
            "0": 78.57142857142857,
            "10": 98.80952380952381,
            "20": 100.0,
            "30": 100.0
          }
        },
        "hm": {
          "time": {
            "0": 34.611,
            "10": 34.746,
            "20": 34.757,
            "30": 34.691
          },
          "accuracy": {
            "0": 75.0,
            "10": 95.23809523809523,
            "20": 98.80952380952381,
            "30": 100.0
          }
        },
        "rhw": {
          "time": {
            "0": 5.103,
            "10": 5.118,
            "20": 5.12,
            "30": 5.099
          },
          "accuracy": {
            "0": 70.23809523809523,
            "10": 90.47619047619048,
            "20": 92.85714285714286,
            "30": 97.61904761904762
          }
        },
        "zg": {
          "time": {
            "0": 5.155,
            "10": 5.154,
            "20": 5.141,
            "30": 5.155
          },
          "accuracy": {
            "0": 79.76190476190477,
            "10": 92.85714285714286,
            "20": 97.61904761904762,
            "30": 100.0
          }
        },
        "observations_avg": 8.607142857142858
      },
      "50": {
        "exhaust": {
          "time": {
            "0": 7.259,
            "10": 7.224,
            "20": 7.272,
            "30": 7.264
          },
          "accuracy": {
            "0": 86.90476190476191,
            "10": 100.0,
            "20": 100.0,
            "30": 100.0
          }
        },
        "hm": {
          "time": {
            "0": 44.211,
            "10": 44.27,
            "20": 44.106,
            "30": 44.227
          },
          "accuracy": {
            "0": 84.52380952380952,
            "10": 98.80952380952381,
            "20": 100.0,
            "30": 100.0
          }
        },
        "rhw": {
          "time": {
            "0": 7.084,
            "10": 7.037,
            "20": 7.018,
            "30": 7.017
          },
          "accuracy": {
            "0": 77.38095238095238,
            "10": 95.23809523809523,
            "20": 96.42857142857143,
            "30": 98.80952380952381
          }
        },
        "zg": {
          "time": {
            "0": 7.057,
            "10": 7.124,
            "20": 7.072,
            "30": 7.105
          },
          "accuracy": {
            "0": 85.71428571428571,
            "10": 96.42857142857143,
            "20": 100.0,
            "30": 100.0
          }
        },
        "observations_avg": 14.035714285714286
      },
      "70": {
        "exhaust": {
          "time": {
            "0": 5.899,
            "10": 5.927,
            "20": 5.882,
            "30": 5.938
          },
          "accuracy": {
            "0": 95.23809523809523,
            "10": 100.0,
            "20": 100.0,
            "30": 100.0
          }
        },
        "hm": {
          "time": {
            "0": 38.828,
            "10": 38.859,
            "20": 38.803,
            "30": 38.745
          },
          "accuracy": {
            "0": 95.23809523809523,
            "10": 98.80952380952381,
            "20": 100.0,
            "30": 100.0
          }
        },
        "rhw": {
          "time": {
            "0": 5.776,
            "10": 5.79,
            "20": 5.763,
            "30": 5.787
          },
          "accuracy": {
            "0": 95.23809523809523,
            "10": 96.42857142857143,
            "20": 98.80952380952381,
            "30": 100.0
          }
        },
        "zg": {
          "time": {
            "0": 5.806,
            "10": 5.791,
            "20": 5.783,
            "30": 5.777
          },
          "accuracy": {
            "0": 94.04761904761905,
            "10": 97.61904761904762,
            "20": 100.0,
            "30": 100.0
          }
        },
        "observations_avg": 19.714285714285715
      },
      "100": {
        "exhaust": {
          "time": {
            "0": 7.209,
            "10": 7.262,
            "20": 7.497,
            "30": 7.457
          },
          "accuracy": {
            "0": 100.0,
            "10": 100.0,
            "20": 100.0,
            "30": 100.0
          }
        },
        "hm": {
          "time": {
            "0": 44.095,
            "10": 44.936,
            "20": 45.222,
            "30": 45.305
          },
          "accuracy": {
            "0": 100.0,
            "10": 100.0,
            "20": 100.0,
            "30": 100.0
          }
        },
        "rhw": {
          "time": {
            "0": 7.12,
            "10": 7.264,
            "20": 7.272,
            "30": 7.185
          },
          "accuracy": {
            "0": 100.0,
            "10": 100.0,
            "20": 100.0,
            "30": 100.0
          }
        },
        "zg": {
          "time": {
            "0": 7.176,
            "10": 7.243,
            "20": 7.274,
            "30": 7.28
          },
          "accuracy": {
            "0": 100.0,
            "10": 100.0,
            "20": 100.0,
            "30": 100.0
          }
        },
        "observations_avg": 27.428571428571427
      }
    },
    "landmarks_avg": {
      "exhaust": 52.45906593406635,
      "hm": 35.11758241758221,
      "rhw": 34.6549450549452,
      "zg": 32.99615384615358
    }
  }
}