{
  "depots": {
    "problems": 364,
    "goals_avg": 8.857142857142858,
    "observations": {
      "10": {
        "exhaust": {
          "time": {
            "0": 5.403,
            "10": 5.394,
            "20": 5.398,
            "30": 5.411
          },
          "accuracy": {
            "0": 41.66666666666667,
            "10": 47.61904761904761,
            "20": 50.0,
            "30": 67.85714285714286
          }
        },
        "hm": {
          "time": {
            "0": 35.935,
            "10": 35.989,
            "20": 35.775,
            "30": 35.778
          },
          "accuracy": {
            "0": 53.57142857142857,
            "10": 54.761904761904766,
            "20": 58.333333333333336,
            "30": 65.47619047619048
          }
        },
        "rhw": {
          "time": {
            "0": 5.273,
            "10": 5.256,
            "20": 5.254,
            "30": 5.254
          },
          "accuracy": {
            "0": 48.80952380952381,
            "10": 53.57142857142857,
            "20": 55.952380952380956,
            "30": 66.66666666666666
          }
        },
        "zg": {
          "time": {
            "0": 5.301,
            "10": 5.294,
            "20": 5.265,
            "30": 5.271
          },
          "accuracy": {
            "0": 45.23809523809524,
            "10": 51.19047619047619,
            "20": 52.38095238095239,
            "30": 60.71428571428571
          }
        },
        "observations_avg": 3.130952380952381
      },
      "30": {
        "exhaust": {
          "time": {
            "0": 5.183,
            "10": 5.172,
            "20": 5.177,
            "30": 5.178
          },
          "accuracy": {
            "0": 52.38095238095239,
            "10": 69.04761904761905,
            "20": 75.0,
            "30": 82.14285714285714
          }
        },
        "hm": {
          "time": {
            "0": 34.175,
            "10": 34.318,
            "20": 34.431,
            "30": 34.384
          },
          "accuracy": {
            "0": 58.333333333333336,
            "10": 65.47619047619048,
            "20": 71.42857142857143,
            "30": 80.95238095238095
          }
        },
        "rhw": {
          "time": {
            "0": 5.037,
            "10": 5.067,
            "20": 5.052,
            "30": 5.039
          },
          "accuracy": {
            "0": 60.71428571428571,
            "10": 69.04761904761905,
            "20": 75.0,
            "30": 83.33333333333334
          }
        },
        "zg": {
          "time": {
            "0": 5.073,
            "10": 5.08,
            "20": 5.085,
            "30": 5.062
          },
          "accuracy": {
            "0": 57.14285714285714,
            "10": 64.28571428571429,
            "20": 71.42857142857143,
            "30": 79.76190476190477
          }
        },
        "observations_avg": 8.607142857142858
      },
      "50": {
        "exhaust": {
          "time": {
            "0": 6.932,
            "10": 6.907,
            "20": 6.872,
            "30": 6.953
          },
          "accuracy": {
            "0": 72.61904761904762,
            "10": 80.95238095238095,
            "20": 88.09523809523809,
            "30": 91.66666666666666
          }
        },
        "hm": {
          "time": {
            "0": 43.013,
            "10": 43.102,
            "20": 42.931,
            "30": 43.221
          },
          "accuracy": {
            "0": 75.0,
            "10": 80.95238095238095,
            "20": 91.66666666666666,
            "30": 94.04761904761905
          }
        },
        "rhw": {
          "time": {
            "0": 6.734,
            "10": 6.721,
            "20": 6.733,
            "30": 6.726
          },
          "accuracy": {
            "0": 73.80952380952381,
            "10": 86.90476190476191,
            "20": 91.66666666666666,
            "30": 94.04761904761905
          }
        },
        "zg": {
          "time": {
            "0": 6.791,
            "10": 6.765,
            "20": 6.791,
            "30": 6.755
          },
          "accuracy": {
            "0": 75.0,
            "10": 85.71428571428571,
            "20": 91.66666666666666,
            "30": 94.04761904761905
          }
        },
        "observations_avg": 14.035714285714286
      },
      "70": {
        "exhaust": {
          "time": {
            "0": 5.77,
            "10": 5.738,
            "20": 5.733,
            "30": 5.738
          },
          "accuracy": {
            "0": 91.66666666666666,
            "10": 95.23809523809523,
            "20": 96.42857142857143,
            "30": 97.61904761904762
          }
        },
        "hm": {
          "time": {
            "0": 38.214,
            "10": 38.213,
            "20": 38.067,
            "30": 38.293
          },
          "accuracy": {
            "0": 92.85714285714286,
            "10": 96.42857142857143,
            "20": 98.80952380952381,
            "30": 98.80952380952381
          }
        },
        "rhw": {
          "time": {
            "0": 5.618,
            "10": 5.576,
            "20": 5.624,
            "30": 5.629
          },
          "accuracy": {
            "0": 88.09523809523809,
            "10": 95.23809523809523,
            "20": 95.23809523809523,
            "30": 95.23809523809523
          }
        },
        "zg": {
          "time": {
            "0": 5.643,
            "10": 5.607,
            "20": 5.621,
            "30": 5.653
          },
          "accuracy": {
            "0": 88.09523809523809,
            "10": 94.04761904761905,
            "20": 95.23809523809523,
            "30": 95.23809523809523
          }
        },
        "observations_avg": 19.714285714285715
      },
      "100": {
        "exhaust": {
          "time": {
            "0": 6.959,
            "10": 6.992,
            "20": 6.93,
            "30": 7.03
          },
          "accuracy": {
            "0": 100.0,
            "10": 100.0,
            "20": 100.0,
            "30": 100.0
          }
        },
        "hm": {
          "time": {
            "0": 43.082,
            "10": 43.287,
            "20": 44.048,
            "30": 43.62
          },
          "accuracy": {
            "0": 100.0,
            "10": 100.0,
            "20": 100.0,
            "30": 100.0
          }
        },
        "rhw": {
          "time": {
            "0": 6.852,
            "10": 6.831,
            "20": 6.83,
            "30": 6.961
          },
          "accuracy": {
            "0": 100.0,
            "10": 100.0,
            "20": 100.0,
            "30": 100.0
          }
        },
        "zg": {
          "time": {
            "0": 6.765,
            "10": 6.932,
            "20": 6.89,
            "30": 6.838
          },
          "accuracy": {
            "0": 100.0,
            "10": 100.0,
            "20": 100.0,
            "30": 100.0
          }
        },
        "observations_avg": 27.428571428571427
      }
    },
    "landmarks_avg": {
      "exhaust": 52.45906593406635,
      "hm": 35.11758241758221,
      "rhw": 34.6549450549452,
      "zg": 32.99615384615358
    },
    "spread": {
      "10": {
        "exhaust": {
          "0": 1.1666666666666667,
          "10": 1.4404761904761905,
          "20": 1.7857142857142858,
          "30": 2.5238095238095237
        },
        "hm": {
          "0": 1.380952380952381,
          "10": 1.5119047619047619,
          "20": 1.7738095238095237,
          "30": 2.130952380952381
        },
        "rhw": {
          "0": 1.380952380952381,
          "10": 1.619047619047619,
          "20": 1.9642857142857142,
          "30": 2.488095238095238
        },
        "zg": {
          "0": 1.3571428571428572,
          "10": 1.75,
          "20": 2.0714285714285716,
          "30": 2.4761904761904763
        }
      },
      "30": {
        "exhaust": {
          "0": 1.0476190476190477,