{
  "depots": {
    "problems": 364,
    "goals_avg": 8.857142857142858,
    "observations": {
      "10": {
        "exhaust": {
          "time": {
            "0": 5.521,
            "10": 5.494,
            "20": 5.518,
            "30": 5.525
          },
          "accuracy": {
            "0": 63.095238095238095,
            "10": 88.09523809523809,
            "20": 92.85714285714286,
            "30": 97.61904761904762
          }
        },
        "hm": {
          "time": {
            "0": 36.718,
            "10": 36.726,
            "20": 36.696,
            "30": 36.659
          },
          "accuracy": {
            "0": 59.523809523809526,
            "10": 86.90476190476191,
            "20": 94.04761904761905,
            "30": 97.61904761904762
          }
        },
        "rhw": {
          "time": {
            "0": 5.357,
            "10": 5.373,
            "20": 5.38,
            "30": 5.357
          },
          "accuracy": {
            "0": 58.333333333333336,
            "10": 76.19047619047619,
            "20": 86.90476190476191,
            "30": 91.66666666666666
          }
        },
        "zg": {
          "time": {
            "0": 5.406,
            "10": 5.423,
            "20": 5.383,
            "30": 5.376
          },
          "accuracy": {
            "0": 58.333333333333336,
            "10": 77.38095238095238,
            "20": 89.28571428571429,
            "30": 95.23809523809523
          }
        },
        "observations_avg": 3.130952380952381
      },
      "30": {
        "exhaust": {
          "time": {
            "0": 5.26,
            "10": 5.285,
            "20": 5.275,
            "30": 5.256
          },
          "accuracy": {
            "0": 78.57142857142857,
            "10": 98.80952380952381,
            "20": 100.0,
            "30": 100.0
          }
        },
        "hm": {
          "time": {
            "0": 34.828,
            "10": 34.959,
            "20": 34.786,
            "30": 34.839
          },
          "accuracy": {
            "0": 75.0,
            "10": 95.23809523809523,
            "20": 98.80952380952381,
            "30": 100.0
          }
        },
        "rhw": {
          "time": {
            "0": 5.123,
            "10": 5.121,
            "20": 5.118,
            "30": 5.117
          },
          "accuracy": {
            "0": 70.23809523809523,
            "10": 90.47619047619048,
            "20": 92.85714285714286,
            "30": 97.61904761904762
          }
        },
        "zg": {
          "time": {
            "0": 5.138,
            "10": 5.159,
            "20": 5.145,
            "30": 5.151
          },
          "accuracy": {
            "0": 79.76190476190477,
            "10": 92.85714285714286,
            "20": 97.61904761904762,
            "30": 100.0
          }
        },
        "observations_avg": 8.607142857142858
      },
      "50": {
        "exhaust": {
          "time": {
            "0": 7.155,
            "10": 7.188,
            "20": 7.226,
            "30": 7.163
          },
          "accuracy": {
            "0": 86.90476190476191,
            "10": 100.0,
            "20": 100.0,
            "30": 100.0
          }
        },
        "hm": {
          "time": {
            "0": 45.075,
            "10": 44.975,
            "20": 44.909,
            "30": 44.956
          },
          "accuracy": {
            "0": 84.52380952380952,
            "10": 98.80952380952381,
            "20": 100.0,
            "30": 100.0
          }
        },
        "rhw": {
          "time": {
            "0": 7.018,
            "10": 6.957,
            "20": 7.008,
            "30": 6.978
          },
          "accuracy": {
            "0": 77.38095238095238,
            "10": 95.23809523809523,
            "20": 96.42857142857143,
            "30": 98.80952380952381
          }
        },
        "zg": {
          "time": {
            "0": 6.985,
            "10": 7.05,
            "20": 7.043,
            "30": 7.028
          },
          "accuracy": {
            "0": 85.71428571428571,
            "10": 96.42857142857143,
            "20": 100.0,
            "30": 100.0
          }
        },
        "observations_avg": 14.035714285714286
      },
      "70": {
        "exhaust": {
          "time": {
            "0": 5.927,
            "10": 5.872,
            "20": 5.907,
            "30": 5.905
          },
          "accuracy": {
            "0": 95.23809523809523,
            "10": 100.0,
            "20": 100.0,
            "30": 100.0
          }
        },
        "hm": {
          "time": {
            "0": 39.172,
            "10": 39.435,
            "20": 39.119,
            "30": 39.214
          },
          "accuracy": {
            "0": 95.23809523809523,
            "10": 98.80952380952381,
            "20": 100.0,
            "30": 100.0
          }
        },
        "rhw": {
          "time": {
            "0": 5.752,
            "10": 5.747,
            "20": 5.746,
            "30": 5.73
          },
          "accuracy": {
            "0": 95.23809523809523,
            "10": 96.42857142857143,
            "20": 98.80952380952381,
            "30": 100.0
          }
        },
        "zg": {
          "time": {
            "0": 5.767,
            "10": 5.784,
            "20": 5.818,
            "30": 5.783
          },
          "accuracy": {
            "0": 94.04761904761905,
            "10": 97.61904761904762,
            "20": 100.0,
            "30": 100.0
          }
        },
        "observations_avg": 19.714285714285715
      },
      "100": {
        "exhaust": {
          "time": {
            "0": 6.938,
            "10": 7.119,
            "20": 7.228,
            "30": 7.013
          },
          "accuracy": {
            "0": 100.0,
            "10": 100.0,
            "20": 100.0,
            "30": 100.0
          }
        },
        "hm": {
          "time": {
            "0": 43.276,
            "10": 44.288,
            "20": 44.114,
            "30": 43.902
          },
          "accuracy": {
            "0": 100.0,
            "10": 100.0,
            "20": 100.0,
            "30": 100.0
          }
        },
        "rhw": {
          "time": {
            "0": 6.871,
            "10": 6.938,
            "20": 6.917,
            "30": 6.957
          },
          "accuracy": {
            "0": 100.0,
            "10": 100.0,
            "20": 100.0,
            "30": 100.0
          }
        },
        "zg": {
          "time": {
            "0": 6.874,
            "10": 6.867,
            "20": 6.898,
            "30": 6.953
          },
          "accuracy": {
            "0": 100.0,
            "10": 100.0,
            "20": 100.0,
            "30": 100.0
          }
        },
        "observations_avg": 27.428571428571427
      }
    },
    "landmarks_avg": {
      "exhaust": 52.45906593406635,
      "hm": 35.11758241758221,
      "rhw": 34.6549450549452,
      "zg": 32.99615384615358
    },
    "spread": {
      "10": {
        "exhaust": {
          "0": 1.7857142857142858,
          "10": 5.083333333333333,
          "20": 6.619047619047619,
          "30": 7.630952380952381
        },
        "hm": {
          "0": 1.7023809523809523,
          "10": 3.9523809523809526,
          "20": 5.630952380952381,
          "30": 6.654761904761905
        },
        "rhw": {
          "0": 2.0952380952380953,
          "10": 4.011904761904762,
          "20": 5.904761904761905,
          "30": 6.654761904761905
        },
        "zg": {
          "0": 1.9642857142857142,
          "10": 3.761904761904762,
          "20": 5.821428571428571,
          "30": 6.761904761904762
        }
      },
      "30": {
        "exhaust": {
          "0": 1.369047619047619,
          "10": 4.916666666666667,
          "20": 7.238095238095238,
          "30": 8.047619047619047
        },
        "hm": {
          "0": 1.1785714285714286,