{
  "depots": {
    "problems": 364,
    "goals_avg": 8.857142857142858,
    "observations": {
      "10": {
        "hoffmann": {
          "time": {
            "0": 37.317,
            "10": 37.095,
            "20": 37.046,
            "30": 37.197
          },
          "accuracy": {
            "0": 40.476190476190474,
            "10": 65.47619047619048,
            "20": 75.0,
            "30": 82.14285714285714
          }
        },
        "observations_avg": 3.130952380952381
      },
      "30": {
        "hoffmann": {
          "time": {
            "0": 22.216,
            "10": 22.288,
            "20": 22.179,
            "30": 22.273
          },
          "accuracy": {
            "0": 63.095238095238095,
            "10": 85.71428571428571,
            "20": 91.66666666666666,
            "30": 95.23809523809523
          }
        },
        "observations_avg": 8.607142857142858
      },
      "50": {
        "hoffmann": {
          "time": {
            "0": 62.879,
            "10": 63.144,
            "20": 62.546,
            "30": 63.029
          },
          "accuracy": {
            "0": 70.23809523809523,
            "10": 89.28571428571429,
            "20": 94.04761904761905,
            "30": 95.23809523809523
          }
        },
        "observations_avg": 14.035714285714286
      },
      "70": {
        "hoffmann": {
          "time": {
            "0": 45.147,
            "10": 45.352,
            "20": 45.083,
            "30": 44.977
          },
          "accuracy": {
            "0": 90.47619047619048,
            "10": 96.42857142857143,
            "20": 98.80952380952381,
            "30": 100.0
          }
        },
        "observations_avg": 19.714285714285715
      },
      "100": {
        "hoffmann": {
          "time": {
            "0": 61.283,
            "10": 62.043,
            "20": 61.823,
            "30": 62.552
          },
          "accuracy": {
            "0": 100.0,
            "10": 100.0,
            "20": 100.0,
            "30": 100.0
          }
        },
        "observations_avg": 27.428571428571427
      }
    },
    "landmarks_avg": {
      "hoffmann": 33.08241758241754
    },
    "spread": {
      "10": {
        "hoffmann": {
          "0": 1.3214285714285714,
          "10": 3.2857142857142856,
          "20": 4.928571428571429,
          "30": 5.9523809523809526
        }
      },
      "30": {
        "hoffmann": {
          "0": 1.0952380952380953,
          "10": 3.357142857142857,
          "20": 5.761904761904762,
          "30": 6.607142857142857
        }
      },
      "50": {
        "hoffmann": {
          "0": 1.0714285714285714,
          "10": 2.738095238095238,
          "20": 5.904761904761905,
          "30": 6.809523809523809
        }
      },
      "70": {
        "hoffmann": {
          "0": 1.0119047619047619,
          "10": 2.9523809523809526,
          "20": 6.2023809523809526,
          "30": 7.071428571428571
        }
      },
      "100": {
        "hoffmann": {
          "0": 1.0,
          "10": 2.607142857142857,
          "20": 5.892857142857143,
          "30": 7.0
        }
      }
    }
  }
}