{
  "depots": {
    "problems": 364,
    "goals_avg": 8.857142857142858,
    "observations": {
      "10": {
        "exhaust": {
          "time": {
            "0": 6.282,
            "10": 6.381
          },
          "accuracy": {
            "0": 63.095238095238095,
            "10": 88.09523809523809
          }
        },
        "hm": {
          "time": {
            "0": 41.114,
            "10": 41.257
          },
          "accuracy": {
            "0": 59.523809523809526,
            "10": 86.90476190476191
          }
        },
        "rhw": {
          "time": {
            "0": 6.24,
            "10": 6.227
          },
          "accuracy": {
            "0": 58.333333333333336,
            "10": 76.19047619047619
          }
        },
        "zg": {
          "time": {
            "0": 6.317,
            "10": 6.29
          },
          "accuracy": {
            "0": 58.333333333333336,
            "10": 77.38095238095238
          }
        },
        "hoffmann": {
          "time": {
            "0": 10.791,
            "10": 10.766
          },
          "accuracy": {
            "0": 40.476190476190474,
            "10": 65.47619047619048
          }
        },
        "observations_avg": 3.130952380952381
      },
      "30": {
        "exhaust": {
          "time": {
            "0": 6.425,
            "10": 6.415
          },
          "accuracy": {
            "0": 78.57142857142857,
            "10": 98.80952380952381
          }
        },
        "hm": {
          "time": {
            "0": 41.428,
            "10": 41.603
          },
          "accuracy": {
            "0": 75.0,
            "10": 95.23809523809523
          }
        },
        "rhw": {
          "time": {
            "0": 6.313,
            "10": 6.331
          },
          "accuracy": {
            "0": 70.23809523809523,
            "10": 90.47619047619048
          }
        },
        "zg": {
          "time": {
            "0": 6.368,
            "10": 6.33
          },
          "accuracy": {
            "0": 79.76190476190477,
            "10": 92.85714285714286
          }
        },
        "hoffmann": {
          "time": {
            "0": 10.832,
            "10": 11.034
          },
          "accuracy": {
            "0": 63.095238095238095,
            "10": 85.71428571428571
          }
        },
        "observations_avg": 8.607142857142858
      },
      "50": {
        "exhaust": {
          "time": {
            "0": 8.828,
            "10": 8.935
          },
          "accuracy": {
            "0": 86.90476190476191,
            "10": 100.0
          }
        },
        "hm": {
          "time": {
            "0": 54.263,
            "10": 54.535
          },
          "accuracy": {
            "0": 84.52380952380952,
            "10": 98.80952380952381
          }
        },
        "rhw": {
          "time": {
            "0": 8.641,
            "10": 8.718
          },
          "accuracy": {
            "0": 77.38095238095238,
            "10": 95.23809523809523
          }
        },
        "zg": {
          "time": {
            "0": 8.755,
            "10": 8.791
          },
          "accuracy": {
            "0": 85.71428571428571,
            "10": 96.42857142857143
          }
        },
        "hoffmann": {
          "time": {
            "0": 16.076,
            "10": 15.965
          },
          "accuracy": {
            "0": 70.23809523809523,
            "10": 89.28571428571429
          }
        },
        "observations_avg": 14.035714285714286
      },
      "70": {
        "exhaust": {
          "time": {
            "0": 7.705,
            "10": 7.696
          },
          "accuracy": {
            "0": 95.23809523809523,
            "10": 100.0
          }
        },
        "hm": {
          "time": {
            "0": 48.386,
            "10": 48.201
          },
          "accuracy": {
            "0": 95.23809523809523,
            "10": 98.80952380952381
          }
        },
        "rhw": {
          "time": {
            "0": 7.492,
            "10": 7.435
          },
          "accuracy": {
            "0": 95.23809523809523,
            "10": 96.42857142857143
          }
        },
        "zg": {
          "time": {
            "0": 7.472,
            "10": 7.466
          },
          "accuracy": {
            "0": 94.04761904761905,
            "10": 97.61904761904762
          }
        },
        "hoffmann": {
          "time": {
            "0": 13.324,
            "10": 13.305
          },
          "accuracy": {
            "0": 90.47619047619048,
            "10": 96.42857142857143
          }
        },
        "observations_avg": 19.714285714285715
      },
      "100": {
        "exhaust": {
          "time": {
            "0": 8.855,
            "10": 9.022
          },
          "accuracy": {
            "0": 100.0,
            "10": 100.0
          }
        },
        "hm": {
          "time": {
            "0": 53.694,
            "10": 54.84
          },
          "accuracy": {
            "0": 100.0,
            "10": 100.0
          }
        },
        "rhw": {
          "time": {
            "0": 8.614,
            "10": 8.759
          },
          "accuracy": {
            "0": 100.0,
            "10": 100.0
          }
        },
        "zg": {
          "time": {
            "0": 8.862,
            "10": 8.763
          },
          "accuracy": {
            "0": 100.0,
            "10": 100.0
          }
        },
        "hoffmann": {
          "time": {
            "0": 16.174,
            "10": 15.978
          },
          "accuracy": {
            "0": 100.0,
            "10": 100.0
          }
        },
        "observations_avg": 27.428571428571427
      }
    },
    "landmarks_avg": {
      "exhaust": 52.45906593406605,
      "hm": 35.117582417582554,
      "rhw": 34.654945054945095,
      "zg": 32.99615384615393,
      "hoffmann": 33.08241758241765
    },
    "spread": {
      "10": {
        "exhaust": {
          "0": 1.7857142857142858,
          "10": 5.083333333333333
        },
        "hm": {
          "0": 1.7023809523809523,
          "10": 3.9523809523809526
        },
        "rhw": {
          "0": 2.0952380952380953,
          "10": 4.011904761904762
        },
        "zg": {
          "0": 1.9642857142857142,
          "10": 3.761904761904762
        },
        "hoffmann": {
          "0": 1.3214285714285714,
          "10": 3.2857142857142856
        }
      },
      "30": {
        "exhaust": {
          "0": 1.369047619047619,
          "10": 4.916666666666667
        },
        "hm": {
          "0": 1.1785714285714286,
          "10": 3.5357142857142856
        },
        "rhw": {
          "0": 1.380952380952381,
          "10": 3.738095238095238
        },
        "zg": {
          "0": 1.3095238095238095,
          "10": 3.988095238095238
        },
        "hoffmann": {
          "0": 1.0952380952380953,
          "10": 3.357142857142857
        }
      },
      "50": {
        "exhaust": {
          "0": 1.0952380952380953,
          "10": 4.238095238095238
        },
        "hm": {
          "0": 1.0833333333333333,
          "10": 3.0476190476190474
        },
        "rhw": {
          "0": 1.1904761904761905,
          "10": 3.392857142857143
        },
        "zg": {
          "0": 1.119047619047619,
          "10": 3.2976190476190474
        },
        "hoffmann": {
          "0": 1.0714285714285714,
          "10": 2.738095238095238
        }
      },
      "70": {
        "exhaust": {
          "0": 1.0238095238095237,
          "10": 4.083333333333333
        },
        "hm": {
          "0": 1.0238095238095237,
          "10": 2.7857142857142856
        },
        "rhw": {
          "0": 1.1071428571428572,
          "10": 3.261904761904762
        },
        "zg": {
          "0": 1.0595238095238095,
          "10": 3.1904761904761907
        },
        "hoffmann": {
          "0": 1.0119047619047619,